m49,VariableGroup,Subgroup,Variable,Area,Year,Value,Unit,Symbol,IsAggregate
4,Water use,Pressure on water resources,Agricultural water withdrawal as % of total renewable water resources,Afghanistan,2020,30.613806827,%,I,false
4,Water use,Pressure on water resources,Agricultural water withdrawal as % of total renewable water resources,Afghanistan,2021,30.613806827,%,I,false
4,Water use,Pressure on water resources,Agricultural water withdrawal as % of total renewable water resources,Afghanistan,2022,30.613806827,%,I,false
8,Water use,Pressure on water resources,Agricultural water withdrawal as % of total renewable water resources,Albania,2020,1.804635762,%,E,false
8,Water use,Pressure on water resources,Agricultural water withdrawal as % of total renewable water resources,Albania,2021,1.867549669,%,E,false
8,Water use,Pressure on water resources,Agricultural water withdrawal as % of total renewable water resources,Albania,2022,1.870860927,%,E,false
12,Water use,Pressure on water resources,Agricultural water withdrawal as % of total renewable water resources,Algeria,2020,63.358189766,%,E,false
12,Water use,Pressure on water resources,Agricultural water withdrawal as % of total renewable water resources,Algeria,2021,61.129682009,%,E,false
12,Water use,Pressure on water resources,Agricultural water withdrawal as % of total renewable water resources,Algeria,2022,63.349618582,%,E,false
24,Water use,Pressure on water resources,Agricultural water withdrawal as % of total renewable water resources,Angola,2020,0.098854447,%,I,false
24,Water use,Pressure on water resources,Agricultural water withdrawal as % of total renewable water resources,Angola,2021,0.098854447,%,I,false
24,Water use,Pressure on water resources,Agricultural water withdrawal as % of total renewable water resources,Angola,2022,0.098854447,%,I,false
28,Water use,Pressure on water resources,Agricultural water withdrawal as % of total renewable water resources,Antigua and Barbuda,2020,3.461538461,%,I,false
28,Water use,Pressure on water resources,Agricultural water withdrawal as % of total renewable water resources,Antigua and Barbuda,2021,3.461538461,%,I,false
28,Water use,Pressure on water resources,Agricultural water withdrawal as % of total renewable water resources,Antigua and Barbuda,2022,3.461538461,%,I,false
32,Water use,Pressure on water resources,Agricultural water withdrawal as % of total renewable water resources,Argentina,2020,3.187482881,%,I,false
32,Water use,Pressure on water resources,Agricultural water withdrawal as % of total renewable water resources,Argentina,2021,3.187482881,%,I,false
32,Water use,Pressure on water resources,Agricultural water withdrawal as % of total renewable water resources,Argentina,2022,3.187482881,%,I,false
51,Water use,Pressure on water resources,Agricultural water withdrawal as % of total renewable water resources,Armenia,2020,25.614622216,%,E,false
51,Water use,Pressure on water resources,Agricultural water withdrawal as % of total renewable water resources,Armenia,2021,29.038486292,%,E,false
51,Water use,Pressure on water resources,Agricultural water withdrawal as % of total renewable water resources,Armenia,2022,30.634573304,%,E,false
36,Water use,Pressure on water resources,Agricultural water withdrawal as % of total renewable water resources,Australia,2020,1.711382114,%,E,false
36,Water use,Pressure on water resources,Agricultural water withdrawal as % of total renewable water resources,Australia,2021,2.203252033,%,E,false
36,Water use,Pressure on water resources,Agricultural water withdrawal as % of total renewable water resources,Australia,2022,2.274390244,%,E,false
53,Water use,Pressure on water resources,Agricultural water withdrawal as % of total renewable water resources,Australia and New Zealand,2020,1.41965812,%,E,true
53,Water use,Pressure on water resources,Agricultural water withdrawal as % of total renewable water resources,Australia and New Zealand,2021,1.715140415,%,E,true
53,Water use,Pressure on water resources,Agricultural water withdrawal as % of total renewable water resources,Australia and New Zealand,2022,1.757875458,%,E,true
40,Water use,Pressure on water resources,Agricultural water withdrawal as % of total renewable water resources,Austria,2020,0.15958816,%,E,false
40,Water use,Pressure on water resources,Agricultural water withdrawal as % of total renewable water resources,Austria,2021,0.15958816,%,E,false
40,Water use,Pressure on water resources,Agricultural water withdrawal as % of total renewable water resources,Austria,2022,0.15958816,%,E,false
31,Water use,Pressure on water resources,Agricultural water withdrawal as % of total renewable water resources,Azerbaijan,2020,32.320115357,%,E,false
31,Water use,Pressure on water resources,Agricultural water withdrawal as % of total renewable water resources,Azerbaijan,2021,34.497476568,%,E,false
31,Water use,Pressure on water resources,Agricultural water withdrawal as % of total renewable water resources,Azerbaijan,2022,34.497476568,%,E,false
48,Water use,Pressure on water resources,Agricultural water withdrawal as % of total renewable water resources,Bahrain,2020,124.74137931,%,I,false
48,Water use,Pressure on water resources,Agricultural water withdrawal as % of total renewable water resources,Bahrain,2021,124.74137931,%,I,false
48,Water use,Pressure on water resources,Agricultural water withdrawal as % of total renewable water resources,Bahrain,2022,124.74137931,%,I,false
50,Water use,Pressure on water resources,Agricultural water withdrawal as % of total renewable water resources,Bangladesh,2020,2.567170212,%,I,false
50,Water use,Pressure on water resources,Agricultural water withdrawal as % of total renewable water resources,Bangladesh,2021,2.567170212,%,I,false
50,Water use,Pressure on water resources,Agricultural water withdrawal as % of total renewable water resources,Bangladesh,2022,2.567170212,%,I,false
52,Water use,Pressure on water resources,Agricultural water withdrawal as % of total renewable water resources,Barbados,2020,68.5,%,I,false
52,Water use,Pressure on water resources,Agricultural water withdrawal as % of total renewable water resources,Barbados,2021,68.5,%,I,false
52,Water use,Pressure on water resources,Agricultural water withdrawal as % of total renewable water resources,Barbados,2022,68.5,%,I,false
112,Water use,Pressure on water resources,Agricultural water withdrawal as % of total renewable water resources,Belarus,2020,0.633851468,%,E,false
112,Water use,Pressure on water resources,Agricultural water withdrawal as % of total renewable water resources,Belarus,2021,0.683937824,%,E,false
112,Water use,Pressure on water resources,Agricultural water withdrawal as % of total renewable water resources,Belarus,2022,0.664939551,%,E,false
56,Water use,Pressure on water resources,Agricultural water withdrawal as % of total renewable water resources,Belgium,2020,0.279781421,%,E,false
56,Water use,Pressure on water resources,Agricultural water withdrawal as % of total renewable water resources,Belgium,2021,0.229344262,%,E,false
56,Water use,Pressure on water resources,Agricultural water withdrawal as % of total renewable water resources,Belgium,2022,0.229344262,%,E,false
84,Water use,Pressure on water resources,Agricultural water withdrawal as % of total renewable water resources,Belize,2020,0.314714273,%,E,false
84,Water use,Pressure on water resources,Agricultural water withdrawal as % of total renewable water resources,Belize,2021,0.314714273,%,E,false
84,Water use,Pressure on water resources,Agricultural water withdrawal as % of total renewable water resources,Belize,2022,0.314714273,%,E,false
204,Water use,Pressure on water resources,Agricultural water withdrawal as % of total renewable water resources,Benin,2020,0.223569534,%,I,false
204,Water use,Pressure on water resources,Agricultural water withdrawal as % of total renewable water resources,Benin,2021,0.223569534,%,I,false
204,Water use,Pressure on water resources,Agricultural water withdrawal as % of total renewable water resources,Benin,2022,0.223569534,%,I,false
64,Water use,Pressure on water resources,Agricultural water withdrawal as % of total renewable water resources,Bhutan,2020,0.407692308,%,I,false
64,Water use,Pressure on water resources,Agricultural water withdrawal as % of total renewable water resources,Bhutan,2021,0.407692308,%,I,false
64,Water use,Pressure on water resources,Agricultural water withdrawal as % of total renewable water resources,Bhutan,2022,0.407692308,%,I,false
68,Water use,Pressure on water resources,Agricultural water withdrawal as % of total renewable water resources,Bolivia (Plurinational State of),2020,0.334494774,%,I,false
68,Water use,Pressure on water resources,Agricultural water withdrawal as % of total renewable water resources,Bolivia (Plurinational State of),2021,0.334494774,%,I,false
68,Water use,Pressure on water resources,Agricultural water withdrawal as % of total renewable water resources,Bolivia (Plurinational State of),2022,0.334494774,%,I,false
72,Water use,Pressure on water resources,Agricultural water withdrawal as % of total renewable water resources,Botswana,2020,0.665601307,%,E,false
72,Water use,Pressure on water resources,Agricultural water withdrawal as % of total renewable water resources,Botswana,2021,0.637251128,%,E,false
72,Water use,Pressure on water resources,Agricultural water withdrawal as % of total renewable water resources,Botswana,2022,0.487425302,%,E,false
76,Water use,Pressure on water resources,Agricultural water withdrawal as % of total renewable water resources,Brazil,2020,0.479010061,%,E,false
76,Water use,Pressure on water resources,Agricultural water withdrawal as % of total renewable water resources,Brazil,2021,0.477275356,%,E,false
76,Water use,Pressure on water resources,Agricultural water withdrawal as % of total renewable water resources,Brazil,2022,0.478038626,%,E,false
96,Water use,Pressure on water resources,Agricultural water withdrawal as % of total renewable water resources,Brunei Darussalam,2020,0.062352941,%,I,false
96,Water use,Pressure on water resources,Agricultural water withdrawal as % of total renewable water resources,Brunei Darussalam,2021,0.062352941,%,I,false
96,Water use,Pressure on water resources,Agricultural water withdrawal as % of total renewable water resources,Brunei Darussalam,2022,0.062352941,%,I,false
100,Water use,Pressure on water resources,Agricultural water withdrawal as % of total renewable water resources,Bulgaria,2020,3.056338028,%,E,false
100,Water use,Pressure on water resources,Agricultural water withdrawal as % of total renewable water resources,Bulgaria,2021,3.44600939,%,E,false
100,Water use,Pressure on water resources,Agricultural water withdrawal as % of total renewable water resources,Bulgaria,2022,3.410487615,%,E,false
854,Water use,Pressure on water resources,Agricultural water withdrawal as % of total renewable water resources,Burkina Faso,2020,3.116296296,%,I,false
854,Water use,Pressure on water resources,Agricultural water withdrawal as % of total renewable water resources,Burkina Faso,2021,3.116296296,%,I,false
854,Water use,Pressure on water resources,Agricultural water withdrawal as % of total renewable water resources,Burkina Faso,2022,3.116296296,%,I,false
108,Water use,Pressure on water resources,Agricultural water withdrawal as % of total renewable water resources,Burundi,2020,1.770899809,%,I,false
108,Water use,Pressure on water resources,Agricultural water withdrawal as % of total renewable water resources,Burundi,2021,1.770899809,%,I,false
108,Water use,Pressure on water resources,Agricultural water withdrawal as % of total renewable water resources,Burundi,2022,1.770899809,%,I,false
132,Water use,Pressure on water resources,Agricultural water withdrawal as % of total renewable water resources,Cabo Verde,2020,37.733583333,%,E,false
132,Water use,Pressure on water resources,Agricultural water withdrawal as % of total renewable water resources,Cabo Verde,2021,36.42317,%,E,false
132,Water use,Pressure on water resources,Agricultural water withdrawal as % of total renewable water resources,Cabo Verde,2022,34.405786667,%,E,false
116,Water use,Pressure on water resources,Agricultural water withdrawal as % of total renewable water resources,Cambodia,2020,0.43121193,%,I,false
116,Water use,Pressure on water resources,Agricultural water withdrawal as % of total renewable water resources,Cambodia,2021,0.43121193,%,I,false
116,Water use,Pressure on water resources,Agricultural water withdrawal as % of total renewable water resources,Cambodia,2022,0.43121193,%,I,false
120,Water use,Pressure on water resources,Agricultural water withdrawal as % of total renewable water resources,Cameroon,2020,0.260286067,%,I,false
120,Water use,Pressure on water resources,Agricultural water withdrawal as % of total renewable water resources,Cameroon,2021,0.260286067,%,I,false
120,Water use,Pressure on water resources,Agricultural water withdrawal as % of total renewable water resources,Cameroon,2022,0.260286067,%,I,false
124,Water use,Pressure on water resources,Agricultural water withdrawal as % of total renewable water resources,Canada,2020,0.132977257,%,I,false
124,Water use,Pressure on water resources,Agricultural water withdrawal as % of total renewable water resources,Canada,2021,0.132977257,%,I,false
124,Water use,Pressure on water resources,Agricultural water withdrawal as % of total renewable water resources,Canada,2022,0.132977257,%,I,false
140,Water use,Pressure on water resources,Agricultural water withdrawal as % of total renewable water resources,Central African Republic,2020,0.000283688,%,I,false
140,Water use,Pressure on water resources,Agricultural water withdrawal as % of total renewable water resources,Central African Republic,2021,0.000283688,%,I,false
140,Water use,Pressure on water resources,Agricultural water withdrawal as % of total renewable water resources,Central African Republic,2022,0.000283688,%,I,false
143,Water use,Pressure on water resources,Agricultural water withdrawal as % of total renewable water resources,Central Asia,2020,40.741585903,%,E,true
143,Water use,Pressure on water resources,Agricultural water withdrawal as % of total renewable water resources,Central Asia,2021,37.159556377,%,E,true
143,Water use,Pressure on water resources,Agricultural water withdrawal as % of total renewable water resources,Central Asia,2022,37.534633426,%,E,true
62,Water use,Pressure on water resources,Agricultural water withdrawal as % of total renewable water resources,Central and Southern Asia,2020,41.206293424,%,E,true
62,Water use,Pressure on water resources,Agricultural water withdrawal as % of total renewable water resources,Central and Southern Asia,2021,40.902672229,%,E,true
62,Water use,Pressure on water resources,Agricultural water withdrawal as % of total renewable water resources,Central and Southern Asia,2022,40.934464985,%,E,true
148,Water use,Pressure on water resources,Agricultural water withdrawal as % of total renewable water resources,Chad,2020,1.470897155,%,I,false
148,Water use,Pressure on water resources,Agricultural water withdrawal as % of total renewable water resources,Chad,2021,1.470897155,%,I,false
148,Water use,Pressure on water resources,Agricultural water withdrawal as % of total renewable water resources,Chad,2022,1.470897155,%,I,false
152,Water use,Pressure on water resources,Agricultural water withdrawal as % of total renewable water resources,Chile,2020,3.187225099,%,I,false
152,Water use,Pressure on water resources,Agricultural water withdrawal as % of total renewable water resources,Chile,2021,3.187225099,%,I,false
152,Water use,Pressure on water resources,Agricultural water withdrawal as % of total renewable water resources,Chile,2022,3.187225099,%,I,false
156,Water use,Pressure on water resources,Agricultural water withdrawal as % of total renewable water resources,China,2020,12.718733056,%,E,false
156,Water use,Pressure on water resources,Agricultural water withdrawal as % of total renewable water resources,China,2021,12.718733056,%,E,false
156,Water use,Pressure on water resources,Agricultural water withdrawal as % of total renewable water resources,China,2022,12.718733056,%,E,false
170,Water use,Pressure on water resources,Agricultural water withdrawal as % of total renewable water resources,Colombia,2020,0.802759322,%,E,false
170,Water use,Pressure on water resources,Agricultural water withdrawal as % of total renewable water resources,Colombia,2021,0.842618644,%,E,false
170,Water use,Pressure on water resources,Agricultural water withdrawal as % of total renewable water resources,Colombia,2022,0.866927966,%,E,false
174,Water use,Pressure on water resources,Agricultural water withdrawal as % of total renewable water resources,Comoros,2020,0.391666667,%,I,false
174,Water use,Pressure on water resources,Agricultural water withdrawal as % of total renewable water resources,Comoros,2021,0.391666667,%,I,false
174,Water use,Pressure on water resources,Agricultural water withdrawal as % of total renewable water resources,Comoros,2022,0.391666667,%,I,false
178,Water use,Pressure on water resources,Agricultural water withdrawal as % of total renewable water resources,Congo,2020,0.000480769,%,I,false
178,Water use,Pressure on water resources,Agricultural water withdrawal as % of total renewable water resources,Congo,2021,0.000480769,%,I,false
178,Water use,Pressure on water resources,Agricultural water withdrawal as % of total renewable water resources,Congo,2022,0.000480769,%,I,false
188,Water use,Pressure on water resources,Agricultural water withdrawal as % of total renewable water resources,Costa Rica,2020,1.836300021,%,E,false
188,Water use,Pressure on water resources,Agricultural water withdrawal as % of total renewable water resources,Costa Rica,2021,1.852119631,%,E,false
188,Water use,Pressure on water resources,Agricultural water withdrawal as % of total renewable water resources,Costa Rica,2022,1.852119631,%,E,false
191,Water use,Pressure on water resources,Agricultural water withdrawal as % of total renewable water resources,Croatia,2020,0.072037915,%,I,false
191,Water use,Pressure on water resources,Agricultural water withdrawal as % of total renewable water resources,Croatia,2021,0.072037915,%,I,false
191,Water use,Pressure on water resources,Agricultural water withdrawal as % of total renewable water resources,Croatia,2022,0.072037915,%,I,false
192,Water use,Pressure on water resources,Agricultural water withdrawal as % of total renewable water resources,Cuba,2020,11.854669465,%,I,false
192,Water use,Pressure on water resources,Agricultural water withdrawal as % of total renewable water resources,Cuba,2021,11.854669465,%,I,false
192,Water use,Pressure on water resources,Agricultural water withdrawal as % of total renewable water resources,Cuba,2022,11.854669465,%,I,false
196,Water use,Pressure on water resources,Agricultural water withdrawal as % of total renewable water resources,Cyprus,2020,22.051282051,%,E,false
196,Water use,Pressure on water resources,Agricultural water withdrawal as % of total renewable water resources,Cyprus,2021,23.076923077,%,E,false
196,Water use,Pressure on water resources,Agricultural water withdrawal as % of total renewable water resources,Cyprus,2022,22.692307692,%,E,false
203,Water use,Pressure on water resources,Agricultural water withdrawal as % of total renewable water resources,Czechia,2020,0.296577947,%,E,false
203,Water use,Pressure on water resources,Agricultural water withdrawal as % of total renewable water resources,Czechia,2021,0.281368821,%,E,false
203,Water use,Pressure on water resources,Agricultural water withdrawal as % of total renewable water resources,Czechia,2022,0.33460076,%,E,false
384,Water use,Pressure on water resources,Agricultural water withdrawal as % of total renewable water resources,Côte d'Ivoire,2020,0.713097219,%,I,false
384,Water use,Pressure on water resources,Agricultural water withdrawal as % of total renewable water resources,Côte d'Ivoire,2021,0.713097219,%,I,false
384,Water use,Pressure on water resources,Agricultural water withdrawal as % of total renewable water resources,Côte d'Ivoire,2022,0.713097219,%,I,false
408,Water use,Pressure on water resources,Agricultural water withdrawal as % of total renewable water resources,Democratic People's Republic of Korea,2020,8.567725211,%,I,false
408,Water use,Pressure on water resources,Agricultural water withdrawal as % of total renewable water resources,Democratic People's Republic of Korea,2021,8.567725211,%,I,false
408,Water use,Pressure on water resources,Agricultural water withdrawal as % of total renewable water resources,Democratic People's Republic of Korea,2022,8.567725211,%,I,false
180,Water use,Pressure on water resources,Agricultural water withdrawal as % of total renewable water resources,Democratic Republic of the Congo,2020,0.005604053,%,I,false
180,Water use,Pressure on water resources,Agricultural water withdrawal as % of total renewable water resources,Democratic Republic of the Congo,2021,0.005604053,%,I,false
180,Water use,Pressure on water resources,Agricultural water withdrawal as % of total renewable water resources,Democratic Republic of the Congo,2022,0.005604053,%,I,false
208,Water use,Pressure on water resources,Agricultural water withdrawal as % of total renewable water resources,Denmark,2020,8.130316667,%,E,false
208,Water use,Pressure on water resources,Agricultural water withdrawal as % of total renewable water resources,Denmark,2021,8.654066667,%,E,false
208,Water use,Pressure on water resources,Agricultural water withdrawal as % of total renewable water resources,Denmark,2022,8.44145,%,E,false
262,Water use,Pressure on water resources,Agricultural water withdrawal as % of total renewable water resources,Djibouti,2020,1,%,I,false
262,Water use,Pressure on water resources,Agricultural water withdrawal as % of total renewable water resources,Djibouti,2021,1,%,I,false
262,Water use,Pressure on water resources,Agricultural water withdrawal as % of total renewable water resources,Djibouti,2022,1,%,I,false
212,Water use,Pressure on water resources,Agricultural water withdrawal as % of total renewable water resources,Dominica,2020,0.5,%,I,false
212,Water use,Pressure on water resources,Agricultural water withdrawal as % of total renewable water resources,Dominica,2021,0.5,%,I,false
212,Water use,Pressure on water resources,Agricultural water withdrawal as % of total renewable water resources,Dominica,2022,0.5,%,I,false
214,Water use,Pressure on water resources,Agricultural water withdrawal as % of total renewable water resources,Dominican Republic,2020,32.182978723,%,I,false
214,Water use,Pressure on water resources,Agricultural water withdrawal as % of total renewable water resources,Dominican Republic,2021,32.182978723,%,I,false
214,Water use,Pressure on water resources,Agricultural water withdrawal as % of total renewable water resources,Dominican Republic,2022,32.182978723,%,I,false
30,Water use,Pressure on water resources,Agricultural water withdrawal as % of total renewable water resources,Eastern Asia,2020,12.765556366,%,E,true
30,Water use,Pressure on water resources,Agricultural water withdrawal as % of total renewable water resources,Eastern Asia,2021,12.759717492,%,E,true
30,Water use,Pressure on water resources,Agricultural water withdrawal as % of total renewable water resources,Eastern Asia,2022,12.759717492,%,E,true
753,Water use,Pressure on water resources,Agricultural water withdrawal as % of total renewable water resources,Eastern and South-Eastern Asia,2020,10.279348979,%,E,true
753,Water use,Pressure on water resources,Agricultural water withdrawal as % of total renewable water resources,Eastern and South-Eastern Asia,2021,10.276787609,%,E,true
753,Water use,Pressure on water resources,Agricultural water withdrawal as % of total renewable water resources,Eastern and South-Eastern Asia,2022,10.277685046,%,E,true
218,Water use,Pressure on water resources,Agricultural water withdrawal as % of total renewable water resources,Ecuador,2020,1.825497287,%,I,false
218,Water use,Pressure on water resources,Agricultural water withdrawal as % of total renewable water resources,Ecuador,2021,1.825497287,%,I,false
218,Water use,Pressure on water resources,Agricultural water withdrawal as % of total renewable water resources,Ecuador,2022,1.825497287,%,I,false
818,Water use,Pressure on water resources,Agricultural water withdrawal as % of total renewable water resources,Egypt,2020,106.695652174,%,I,false
818,Water use,Pressure on water resources,Agricultural water withdrawal as % of total renewable water resources,Egypt,2021,106.695652174,%,I,false
818,Water use,Pressure on water resources,Agricultural water withdrawal as % of total renewable water resources,Egypt,2022,106.695652174,%,I,false
222,Water use,Pressure on water resources,Agricultural water withdrawal as % of total renewable water resources,El Salvador,2020,1.36958558,%,E,false
222,Water use,Pressure on water resources,Agricultural water withdrawal as % of total renewable water resources,El Salvador,2021,1.973825797,%,E,false
222,Water use,Pressure on water resources,Agricultural water withdrawal as % of total renewable water resources,El Salvador,2022,5.371069661,%,E,false
226,Water use,Pressure on water resources,Agricultural water withdrawal as % of total renewable water resources,Equatorial Guinea,2020,0.003846154,%,I,false
226,Water use,Pressure on water resources,Agricultural water withdrawal as % of total renewable water resources,Equatorial Guinea,2021,0.003846154,%,I,false
226,Water use,Pressure on water resources,Agricultural water withdrawal as % of total renewable water resources,Equatorial Guinea,2022,0.003846154,%,I,false
232,Water use,Pressure on water resources,Agricultural water withdrawal as % of total renewable water resources,Eritrea,2020,7.518796993,%,I,false
232,Water use,Pressure on water resources,Agricultural water withdrawal as % of total renewable water resources,Eritrea,2021,7.518796993,%,I,false
232,Water use,Pressure on water resources,Agricultural water withdrawal as % of total renewable water resources,Eritrea,2022,7.518796993,%,I,false
233,Water use,Pressure on water resources,Agricultural water withdrawal as % of total renewable water resources,Estonia,2020,0.037925652,%,E,false
233,Water use,Pressure on water resources,Agricultural water withdrawal as % of total renewable water resources,Estonia,2021,0.038820623,%,E,false
233,Water use,Pressure on water resources,Agricultural water withdrawal as % of total renewable water resources,Estonia,2022,0.03904512,%,E,false
748,Water use,Pressure on water resources,Agricultural water withdrawal as % of total renewable water resources,Eswatini,2020,22.305986696,%,I,false
748,Water use,Pressure on water resources,Agricultural water withdrawal as % of total renewable water resources,Eswatini,2021,22.305986696,%,I,false
748,Water use,Pressure on water resources,Agricultural water withdrawal as % of total renewable water resources,Eswatini,2022,22.305986696,%,I,false
231,Water use,Pressure on water resources,Agricultural water withdrawal as % of total renewable water resources,Ethiopia,2020,7.940163934,%,I,false
231,Water use,Pressure on water resources,Agricultural water withdrawal as % of total renewable water resources,Ethiopia,2021,7.940163934,%,I,false
231,Water use,Pressure on water resources,Agricultural water withdrawal as % of total renewable water resources,Ethiopia,2022,7.940163934,%,I,false
150,Water use,Pressure on water resources,Agricultural water withdrawal as % of total renewable water resources,Europe,2020,1.250027191,%,E,true
150,Water use,Pressure on water resources,Agricultural water withdrawal as % of total renewable water resources,Europe,2021,1.230765485,%,E,true
150,Water use,Pressure on water resources,Agricultural water withdrawal as % of total renewable water resources,Europe,2022,1.218760324,%,E,true
513,Water use,Pressure on water resources,Agricultural water withdrawal as % of total renewable water resources,Europe and Northern America,2020,2.128643879,%,E,true
513,Water use,Pressure on water resources,Agricultural water withdrawal as % of total renewable water resources,Europe and Northern America,2021,2.11816718,%,E,true
513,Water use,Pressure on water resources,Agricultural water withdrawal as % of total renewable water resources,Europe and Northern America,2022,2.111637413,%,E,true
242,Water use,Pressure on water resources,Agricultural water withdrawal as % of total renewable water resources,Fiji,2020,0.175131349,%,I,false
242,Water use,Pressure on water resources,Agricultural water withdrawal as % of total renewable water resources,Fiji,2021,0.175131349,%,I,false
242,Water use,Pressure on water resources,Agricultural water withdrawal as % of total renewable water resources,Fiji,2022,0.175131349,%,I,false
246,Water use,Pressure on water resources,Agricultural water withdrawal as % of total renewable water resources,Finland,2020,0.909090909,%,E,false
246,Water use,Pressure on water resources,Agricultural water withdrawal as % of total renewable water resources,Finland,2021,0.909090909,%,E,false
246,Water use,Pressure on water resources,Agricultural water withdrawal as % of total renewable water resources,Finland,2022,0.909090909,%,E,false
250,Water use,Pressure on water resources,Agricultural water withdrawal as % of total renewable water resources,France,2020,1.630474938,%,E,false
250,Water use,Pressure on water resources,Agricultural water withdrawal as % of total renewable water resources,France,2021,1.192020651,%,E,false
250,Water use,Pressure on water resources,Agricultural water withdrawal as % of total renewable water resources,France,2022,1.192020651,%,E,false
266,Water use,Pressure on water resources,Agricultural water withdrawal as % of total renewable water resources,Gabon,2020,0.024277108,%,I,false
266,Water use,Pressure on water resources,Agricultural water withdrawal as % of total renewable water resources,Gabon,2021,0.024277108,%,I,false
266,Water use,Pressure on water resources,Agricultural water withdrawal as % of total renewable water resources,Gabon,2022,0.024277108,%,I,false
270,Water use,Pressure on water resources,Agricultural water withdrawal as % of total renewable water resources,Gambia,2020,0.49,%,I,false
270,Water use,Pressure on water resources,Agricultural water withdrawal as % of total renewable water resources,Gambia,2021,0.49,%,I,false
270,Water use,Pressure on water resources,Agricultural water withdrawal as % of total renewable water resources,Gambia,2022,0.49,%,I,false
268,Water use,Pressure on water resources,Agricultural water withdrawal as % of total renewable water resources,Georgia,2020,1.117748302,%,E,false
268,Water use,Pressure on water resources,Agricultural water withdrawal as % of total renewable water resources,Georgia,2021,1.184083373,%,E,false
268,Water use,Pressure on water resources,Agricultural water withdrawal as % of total renewable water resources,Georgia,2022,0.685236065,%,E,false
276,Water use,Pressure on water resources,Agricultural water withdrawal as % of total renewable water resources,Germany,2020,0.697838312,%,E,false
276,Water use,Pressure on water resources,Agricultural water withdrawal as % of total renewable water resources,Germany,2021,0.697838312,%,E,false
276,Water use,Pressure on water resources,Agricultural water withdrawal as % of total renewable water resources,Germany,2022,0.697838312,%,E,false
288,Water use,Pressure on water resources,Agricultural water withdrawal as % of total renewable water resources,Ghana,2020,1.903914591,%,I,false
288,Water use,Pressure on water resources,Agricultural water withdrawal as % of total renewable water resources,Ghana,2021,1.903914591,%,I,false
288,Water use,Pressure on water resources,Agricultural water withdrawal as % of total renewable water resources,Ghana,2022,1.903914591,%,I,false
300,Water use,Pressure on water resources,Agricultural water withdrawal as % of total renewable water resources,Greece,2020,11.852339181,%,I,false
300,Water use,Pressure on water resources,Agricultural water withdrawal as % of total renewable water resources,Greece,2021,11.852339181,%,I,false
300,Water use,Pressure on water resources,Agricultural water withdrawal as % of total renewable water resources,Greece,2022,11.852339181,%,I,false
308,Water use,Pressure on water resources,Agricultural water withdrawal as % of total renewable water resources,Grenada,2020,1.05,%,I,false
308,Water use,Pressure on water resources,Agricultural water withdrawal as % of total renewable water resources,Grenada,2021,1.05,%,I,false
308,Water use,Pressure on water resources,Agricultural water withdrawal as % of total renewable water resources,Grenada,2022,1.05,%,I,false
320,Water use,Pressure on water resources,Agricultural water withdrawal as % of total renewable water resources,Guatemala,2020,1.47447424,%,I,false
320,Water use,Pressure on water resources,Agricultural water withdrawal as % of total renewable water resources,Guatemala,2021,1.47447424,%,I,false
320,Water use,Pressure on water resources,Agricultural water withdrawal as % of total renewable water resources,Guatemala,2022,1.47447424,%,I,false
324,Water use,Pressure on water resources,Agricultural water withdrawal as % of total renewable water resources,Guinea,2020,0.265486726,%,I,false
324,Water use,Pressure on water resources,Agricultural water withdrawal as % of total renewable water resources,Guinea,2021,0.265486726,%,I,false
324,Water use,Pressure on water resources,Agricultural water withdrawal as % of total renewable water resources,Guinea,2022,0.265486726,%,I,false
624,Water use,Pressure on water resources,Agricultural water withdrawal as % of total renewable water resources,Guinea-Bissau,2020,0.458598726,%,I,false
624,Water use,Pressure on water resources,Agricultural water withdrawal as % of total renewable water resources,Guinea-Bissau,2021,0.458598726,%,I,false
624,Water use,Pressure on water resources,Agricultural water withdrawal as % of total renewable water resources,Guinea-Bissau,2022,0.458598726,%,I,false
328,Water use,Pressure on water resources,Agricultural water withdrawal as % of total renewable water resources,Guyana,2020,0.502952029,%,I,false
328,Water use,Pressure on water resources,Agricultural water withdrawal as % of total renewable water resources,Guyana,2021,0.502952029,%,I,false
328,Water use,Pressure on water resources,Agricultural water withdrawal as % of total renewable water resources,Guyana,2022,0.502952029,%,I,false
332,Water use,Pressure on water resources,Agricultural water withdrawal as % of total renewable water resources,Haiti,2020,8.622165169,%,I,false
332,Water use,Pressure on water resources,Agricultural water withdrawal as % of total renewable water resources,Haiti,2021,8.622165169,%,I,false
332,Water use,Pressure on water resources,Agricultural water withdrawal as % of total renewable water resources,Haiti,2022,8.622165169,%,I,false
340,Water use,Pressure on water resources,Agricultural water withdrawal as % of total renewable water resources,Honduras,2020,1.27815633,%,I,false
340,Water use,Pressure on water resources,Agricultural water withdrawal as % of total renewable water resources,Honduras,2021,1.27815633,%,I,false
340,Water use,Pressure on water resources,Agricultural water withdrawal as % of total renewable water resources,Honduras,2022,1.27815633,%,I,false
348,Water use,Pressure on water resources,Agricultural water withdrawal as % of total renewable water resources,Hungary,2020,0.49875,%,E,false
348,Water use,Pressure on water resources,Agricultural water withdrawal as % of total renewable water resources,Hungary,2021,0.497332692,%,E,false
348,Water use,Pressure on water resources,Agricultural water withdrawal as % of total renewable water resources,Hungary,2022,0.5275125,%,E,false
352,Water use,Pressure on water resources,Agricultural water withdrawal as % of total renewable water resources,Iceland,2020,0.000176471,%,I,false
352,Water use,Pressure on water resources,Agricultural water withdrawal as % of total renewable water resources,Iceland,2021,0.000176471,%,I,false
352,Water use,Pressure on water resources,Agricultural water withdrawal as % of total renewable water resources,Iceland,2022,0.000176471,%,I,false
356,Water use,Pressure on water resources,Agricultural water withdrawal as % of total renewable water resources,India,2020,36.003977183,%,I,false
356,Water use,Pressure on water resources,Agricultural water withdrawal as % of total renewable water resources,India,2021,36.003977183,%,I,false
356,Water use,Pressure on water resources,Agricultural water withdrawal as % of total renewable water resources,India,2022,36.003977183,%,I,false
360,Water use,Pressure on water resources,Agricultural water withdrawal as % of total renewable water resources,Indonesia,2020,9.397136771,%,I,false
360,Water use,Pressure on water resources,Agricultural water withdrawal as % of total renewable water resources,Indonesia,2021,9.397136771,%,I,false
360,Water use,Pressure on water resources,Agricultural water withdrawal as % of total renewable water resources,Indonesia,2022,9.397136771,%,I,false
364,Water use,Pressure on water resources,Agricultural water withdrawal as % of total renewable water resources,Iran (Islamic Republic of),2020,62.753110292,%,I,false
364,Water use,Pressure on water resources,Agricultural water withdrawal as % of total renewable water resources,Iran (Islamic Republic of),2021,62.753110292,%,I,false
364,Water use,Pressure on water resources,Agricultural water withdrawal as % of total renewable water resources,Iran (Islamic Republic of),2022,62.753110292,%,I,false
368,Water use,Pressure on water resources,Agricultural water withdrawal as % of total renewable water resources,Iraq,2020,36.375472958,%,E,false
368,Water use,Pressure on water resources,Agricultural water withdrawal as % of total renewable water resources,Iraq,2021,34.6861785,%,E,false
368,Water use,Pressure on water resources,Agricultural water withdrawal as % of total renewable water resources,Iraq,2022,34.6861785,%,E,false
372,Water use,Pressure on water resources,Agricultural water withdrawal as % of total renewable water resources,Ireland,2020,0.075,%,E,false
372,Water use,Pressure on water resources,Agricultural water withdrawal as % of total renewable water resources,Ireland,2021,0.076923077,%,E,false
372,Water use,Pressure on water resources,Agricultural water withdrawal as % of total renewable water resources,Ireland,2022,0.076211538,%,E,false
376,Water use,Pressure on water resources,Agricultural water withdrawal as % of total renewable water resources,Israel,2020,67.134831461,%,E,false
376,Water use,Pressure on water resources,Agricultural water withdrawal as % of total renewable water resources,Israel,2021,72.247191011,%,E,false
376,Water use,Pressure on water resources,Agricultural water withdrawal as % of total renewable water resources,Israel,2022,68.235955056,%,E,false
380,Water use,Pressure on water resources,Agricultural water withdrawal as % of total renewable water resources,Italy,2020,8.886565604,%,I,false
380,Water use,Pressure on water resources,Agricultural water withdrawal as % of total renewable water resources,Italy,2021,8.886565604,%,I,false
380,Water use,Pressure on water resources,Agricultural water withdrawal as % of total renewable water resources,Italy,2022,8.886565604,%,I,false
388,Water use,Pressure on water resources,Agricultural water withdrawal as % of total renewable water resources,Jamaica,2020,1.040861571,%,E,false
388,Water use,Pressure on water resources,Agricultural water withdrawal as % of total renewable water resources,Jamaica,2021,0.729665023,%,E,false
388,Water use,Pressure on water resources,Agricultural water withdrawal as % of total renewable water resources,Jamaica,2022,0.729665023,%,E,false
392,Water use,Pressure on water resources,Agricultural water withdrawal as % of total renewable water resources,Japan,2020,12.372093023,%,E,false
392,Water use,Pressure on water resources,Agricultural water withdrawal as % of total renewable water resources,Japan,2021,12.325581395,%,E,false
392,Water use,Pressure on water resources,Agricultural water withdrawal as % of total renewable water resources,Japan,2022,12.325581395,%,E,false
400,Water use,Pressure on water resources,Agricultural water withdrawal as % of total renewable water resources,Jordan,2020,60.897545358,%,E,false
400,Water use,Pressure on water resources,Agricultural water withdrawal as % of total renewable water resources,Jordan,2021,60.897545358,%,E,false
400,Water use,Pressure on water resources,Agricultural water withdrawal as % of total renewable water resources,Jordan,2022,60.897545358,%,E,false
398,Water use,Pressure on water resources,Agricultural water withdrawal as % of total renewable water resources,Kazakhstan,2020,14.205331612,%,E,false
398,Water use,Pressure on water resources,Agricultural water withdrawal as % of total renewable water resources,Kazakhstan,2021,13.565169265,%,E,false
398,Water use,Pressure on water resources,Agricultural water withdrawal as % of total renewable water resources,Kazakhstan,2022,13.157457799,%,E,false
404,Water use,Pressure on water resources,Agricultural water withdrawal as % of total renewable water resources,Kenya,2020,10.534201954,%,I,false
404,Water use,Pressure on water resources,Agricultural water withdrawal as % of total renewable water resources,Kenya,2021,10.534201954,%,I,false
404,Water use,Pressure on water resources,Agricultural water withdrawal as % of total renewable water resources,Kenya,2022,10.534201954,%,I,false
414,Water use,Pressure on water resources,Agricultural water withdrawal as % of total renewable water resources,Kuwait,2020,3892,%,I,false
414,Water use,Pressure on water resources,Agricultural water withdrawal as % of total renewable water resources,Kuwait,2021,3892,%,I,false
414,Water use,Pressure on water resources,Agricultural water withdrawal as % of total renewable water resources,Kuwait,2022,3892,%,I,false
417,Water use,Pressure on water resources,Agricultural water withdrawal as % of total renewable water resources,Kyrgyzstan,2020,30.061817258,%,I,false
417,Water use,Pressure on water resources,Agricultural water withdrawal as % of total renewable water resources,Kyrgyzstan,2021,30.061817258,%,I,false
417,Water use,Pressure on water resources,Agricultural water withdrawal as % of total renewable water resources,Kyrgyzstan,2022,30.061817258,%,I,false
432,Water use,Pressure on water resources,Agricultural water withdrawal as % of total renewable water resources,Land Locked Developing Countries,2020,6.211850617,%,E,true
432,Water use,Pressure on water resources,Agricultural water withdrawal as % of total renewable water resources,Land Locked Developing Countries,2021,5.956141409,%,E,true
432,Water use,Pressure on water resources,Agricultural water withdrawal as % of total renewable water resources,Land Locked Developing Countries,2022,5.99048061,%,E,true
418,Water use,Pressure on water resources,Agricultural water withdrawal as % of total renewable water resources,Lao People's Democratic Republic,2020,2.113943029,%,E,false
418,Water use,Pressure on water resources,Agricultural water withdrawal as % of total renewable water resources,Lao People's Democratic Republic,2021,2.113943029,%,E,false
418,Water use,Pressure on water resources,Agricultural water withdrawal as % of total renewable water resources,Lao People's Democratic Republic,2022,2.113943029,%,E,false
419,Water use,Pressure on water resources,Agricultural water withdrawal as % of total renewable water resources,Latin America and the Caribbean,2020,1.967283252,%,E,true
419,Water use,Pressure on water resources,Agricultural water withdrawal as % of total renewable water resources,Latin America and the Caribbean,2021,1.883257998,%,E,true
419,Water use,Pressure on water resources,Agricultural water withdrawal as % of total renewable water resources,Latin America and the Caribbean,2022,1.906551441,%,E,true
428,Water use,Pressure on water resources,Agricultural water withdrawal as % of total renewable water resources,Latvia,2020,0.158345736,%,E,false
428,Water use,Pressure on water resources,Agricultural water withdrawal as % of total renewable water resources,Latvia,2021,0.151708643,%,E,false
428,Water use,Pressure on water resources,Agricultural water withdrawal as % of total renewable water resources,Latvia,2022,0.143382942,%,E,false
199,Water use,Pressure on water resources,Agricultural water withdrawal as % of total renewable water resources,Least Developed Countries,2020,2.963534125,%,E,true
199,Water use,Pressure on water resources,Agricultural water withdrawal as % of total renewable water resources,Least Developed Countries,2021,2.963542344,%,E,true
199,Water use,Pressure on water resources,Agricultural water withdrawal as % of total renewable water resources,Least Developed Countries,2022,2.963542344,%,E,true
422,Water use,Pressure on water resources,Agricultural water withdrawal as % of total renewable water resources,Lebanon,2020,15.545192094,%,I,false
422,Water use,Pressure on water resources,Agricultural water withdrawal as % of total renewable water resources,Lebanon,2021,15.545192094,%,I,false
422,Water use,Pressure on water resources,Agricultural water withdrawal as % of total renewable water resources,Lebanon,2022,15.545192094,%,I,false
426,Water use,Pressure on water resources,Agricultural water withdrawal as % of total renewable water resources,Lesotho,2020,0.12574454,%,I,false
426,Water use,Pressure on water resources,Agricultural water withdrawal as % of total renewable water resources,Lesotho,2021,0.12574454,%,I,false
426,Water use,Pressure on water resources,Agricultural water withdrawal as % of total renewable water resources,Lesotho,2022,0.12574454,%,I,false
430,Water use,Pressure on water resources,Agricultural water withdrawal as % of total renewable water resources,Liberia,2020,0.005301724,%,I,false
430,Water use,Pressure on water resources,Agricultural water withdrawal as % of total renewable water resources,Liberia,2021,0.005301724,%,I,false
430,Water use,Pressure on water resources,Agricultural water withdrawal as % of total renewable water resources,Liberia,2022,0.005301724,%,I,false
434,Water use,Pressure on water resources,Agricultural water withdrawal as % of total renewable water resources,Libya,2020,692.857142857,%,I,false
434,Water use,Pressure on water resources,Agricultural water withdrawal as % of total renewable water resources,Libya,2021,692.857142857,%,I,false
434,Water use,Pressure on water resources,Agricultural water withdrawal as % of total renewable water resources,Libya,2022,692.857142857,%,I,false
440,Water use,Pressure on water resources,Agricultural water withdrawal as % of total renewable water resources,Lithuania,2020,0.246530612,%,E,false
440,Water use,Pressure on water resources,Agricultural water withdrawal as % of total renewable water resources,Lithuania,2021,0.241469388,%,E,false
440,Water use,Pressure on water resources,Agricultural water withdrawal as % of total renewable water resources,Lithuania,2022,0.239755102,%,E,false
442,Water use,Pressure on water resources,Agricultural water withdrawal as % of total renewable water resources,Luxembourg,2020,0,%,E,false
442,Water use,Pressure on water resources,Agricultural water withdrawal as % of total renewable water resources,Luxembourg,2021,0.011142857,%,E,false
442,Water use,Pressure on water resources,Agricultural water withdrawal as % of total renewable water resources,Luxembourg,2022,0.014285714,%,I,false
450,Water use,Pressure on water resources,Agricultural water withdrawal as % of total renewable water resources,Madagascar,2020,3.857566766,%,I,false
450,Water use,Pressure on water resources,Agricultural water withdrawal as % of total renewable water resources,Madagascar,2021,3.857566766,%,I,false
450,Water use,Pressure on water resources,Agricultural water withdrawal as % of total renewable water resources,Madagascar,2022,3.857566766,%,I,false
454,Water use,Pressure on water resources,Agricultural water withdrawal as % of total renewable water resources,Malawi,2020,6.747685185,%,I,false
454,Water use,Pressure on water resources,Agricultural water withdrawal as % of total renewable water resources,Malawi,2021,6.747685185,%,I,false
454,Water use,Pressure on water resources,Agricultural water withdrawal as % of total renewable water resources,Malawi,2022,6.747685185,%,I,false
458,Water use,Pressure on water resources,Agricultural water withdrawal as % of total renewable water resources,Malaysia,2020,0.431896552,%,I,false
458,Water use,Pressure on water resources,Agricultural water withdrawal as % of total renewable water resources,Malaysia,2021,0.431896552,%,I,false
458,Water use,Pressure on water resources,Agricultural water withdrawal as % of total renewable water resources,Malaysia,2022,0.431896552,%,I,false
462,Water use,Pressure on water resources,Agricultural water withdrawal as % of total renewable water resources,Maldives,2020,0.594642667,%,E,false
462,Water use,Pressure on water resources,Agricultural water withdrawal as % of total renewable water resources,Maldives,2021,0.893981,%,E,false
462,Water use,Pressure on water resources,Agricultural water withdrawal as % of total renewable water resources,Maldives,2022,0.893981,%,E,false
466,Water use,Pressure on water resources,Agricultural water withdrawal as % of total renewable water resources,Mali,2020,4.229166667,%,I,false
466,Water use,Pressure on water resources,Agricultural water withdrawal as % of total renewable water resources,Mali,2021,4.229166667,%,I,false
466,Water use,Pressure on water resources,Agricultural water withdrawal as % of total renewable water resources,Mali,2022,4.229166667,%,I,false
470,Water use,Pressure on water resources,Agricultural water withdrawal as % of total renewable water resources,Malta,2020,47.629910891,%,E,false
470,Water use,Pressure on water resources,Agricultural water withdrawal as % of total renewable water resources,Malta,2021,44.819780198,%,E,false
470,Water use,Pressure on water resources,Agricultural water withdrawal as % of total renewable water resources,Malta,2022,42.293463366,%,E,false
478,Water use,Pressure on water resources,Agricultural water withdrawal as % of total renewable water resources,Mauritania,2020,10.728070175,%,I,false
478,Water use,Pressure on water resources,Agricultural water withdrawal as % of total renewable water resources,Mauritania,2021,10.728070175,%,I,false
478,Water use,Pressure on water resources,Agricultural water withdrawal as % of total renewable water resources,Mauritania,2022,10.728070175,%,I,false
480,Water use,Pressure on water resources,Agricultural water withdrawal as % of total renewable water resources,Mauritius,2020,11.086877499,%,E,false
480,Water use,Pressure on water resources,Agricultural water withdrawal as % of total renewable water resources,Mauritius,2021,10.941475827,%,E,false
480,Water use,Pressure on water resources,Agricultural water withdrawal as % of total renewable water resources,Mauritius,2022,11.014176663,%,E,false
484,Water use,Pressure on water resources,Agricultural water withdrawal as % of total renewable water resources,Mexico,2020,14.684728765,%,E,false
484,Water use,Pressure on water resources,Agricultural water withdrawal as % of total renewable water resources,Mexico,2021,14.737338922,%,E,false
484,Water use,Pressure on water resources,Agricultural water withdrawal as % of total renewable water resources,Mexico,2022,14.835414646,%,E,false
496,Water use,Pressure on water resources,Agricultural water withdrawal as % of total renewable water resources,Mongolia,2020,0.720977012,%,I,false
496,Water use,Pressure on water resources,Agricultural water withdrawal as % of total renewable water resources,Mongolia,2021,0.720977012,%,I,false
496,Water use,Pressure on water resources,Agricultural water withdrawal as % of total renewable water resources,Mongolia,2022,0.720977012,%,I,false
504,Water use,Pressure on water resources,Agricultural water withdrawal as % of total renewable water resources,Morocco,2020,31.572413793,%,I,false
504,Water use,Pressure on water resources,Agricultural water withdrawal as % of total renewable water resources,Morocco,2021,31.572413793,%,I,false
504,Water use,Pressure on water resources,Agricultural water withdrawal as % of total renewable water resources,Morocco,2022,31.572413793,%,I,false
508,Water use,Pressure on water resources,Agricultural water withdrawal as % of total renewable water resources,Mozambique,2020,0.495624136,%,I,false
508,Water use,Pressure on water resources,Agricultural water withdrawal as % of total renewable water resources,Mozambique,2021,0.495624136,%,I,false
508,Water use,Pressure on water resources,Agricultural water withdrawal as % of total renewable water resources,Mozambique,2022,0.495624136,%,I,false
104,Water use,Pressure on water resources,Agricultural water withdrawal as % of total renewable water resources,Myanmar,2020,2.532111663,%,I,false
104,Water use,Pressure on water resources,Agricultural water withdrawal as % of total renewable water resources,Myanmar,2021,2.532111663,%,I,false
104,Water use,Pressure on water resources,Agricultural water withdrawal as % of total renewable water resources,Myanmar,2022,2.532111663,%,I,false
516,Water use,Pressure on water resources,Agricultural water withdrawal as % of total renewable water resources,Namibia,2020,0.503633175,%,I,false
516,Water use,Pressure on water resources,Agricultural water withdrawal as % of total renewable water resources,Namibia,2021,0.503633175,%,I,false
516,Water use,Pressure on water resources,Agricultural water withdrawal as % of total renewable water resources,Namibia,2022,0.503633175,%,I,false
524,Water use,Pressure on water resources,Agricultural water withdrawal as % of total renewable water resources,Nepal,2020,4.433872502,%,I,false
524,Water use,Pressure on water resources,Agricultural water withdrawal as % of total renewable water resources,Nepal,2021,4.433872502,%,I,false
524,Water use,Pressure on water resources,Agricultural water withdrawal as % of total renewable water resources,Nepal,2022,4.433872502,%,I,false
528,Water use,Pressure on water resources,Agricultural water withdrawal as % of total renewable water resources,Netherlands (Kingdom of the),2020,0.337582418,%,E,false
528,Water use,Pressure on water resources,Agricultural water withdrawal as % of total renewable water resources,Netherlands (Kingdom of the),2021,0.092117582,%,E,false
528,Water use,Pressure on water resources,Agricultural water withdrawal as % of total renewable water resources,Netherlands (Kingdom of the),2022,0.291303297,%,E,false
554,Water use,Pressure on water resources,Agricultural water withdrawal as % of total renewable water resources,New Zealand,2020,0.980733945,%,I,false
554,Water use,Pressure on water resources,Agricultural water withdrawal as % of total renewable water resources,New Zealand,2021,0.980733945,%,I,false
554,Water use,Pressure on water resources,Agricultural water withdrawal as % of total renewable water resources,New Zealand,2022,0.980733945,%,I,false
558,Water use,Pressure on water resources,Agricultural water withdrawal as % of total renewable water resources,Nicaragua,2020,0.658886458,%,E,false
558,Water use,Pressure on water resources,Agricultural water withdrawal as % of total renewable water resources,Nicaragua,2021,0.658886458,%,E,false
558,Water use,Pressure on water resources,Agricultural water withdrawal as % of total renewable water resources,Nicaragua,2022,0.658886458,%,E,false
562,Water use,Pressure on water resources,Agricultural water withdrawal as % of total renewable water resources,Niger,2020,6.90574743,%,E,false
562,Water use,Pressure on water resources,Agricultural water withdrawal as % of total renewable water resources,Niger,2021,6.90574743,%,E,false
562,Water use,Pressure on water resources,Agricultural water withdrawal as % of total renewable water resources,Niger,2022,6.90574743,%,E,false
566,Water use,Pressure on water resources,Agricultural water withdrawal as % of total renewable water resources,Nigeria,2020,1.925227114,%,I,false
566,Water use,Pressure on water resources,Agricultural water withdrawal as % of total renewable water resources,Nigeria,2021,1.925227114,%,I,false
566,Water use,Pressure on water resources,Agricultural water withdrawal as % of total renewable water resources,Nigeria,2022,1.925227114,%,I,false
807,Water use,Pressure on water resources,Agricultural water withdrawal as % of total renewable water resources,North Macedonia,2020,2.171875,%,I,false
807,Water use,Pressure on water resources,Agricultural water withdrawal as % of total renewable water resources,North Macedonia,2021,2.171875,%,I,false
807,Water use,Pressure on water resources,Agricultural water withdrawal as % of total renewable water resources,North Macedonia,2022,2.171875,%,I,false
15,Water use,Pressure on water resources,Agricultural water withdrawal as % of total renewable water resources,Northern Africa,2020,74.522557246,%,E,true
15,Water use,Pressure on water resources,Agricultural water withdrawal as % of total renewable water resources,Northern Africa,2021,74.348576705,%,E,true
15,Water use,Pressure on water resources,Agricultural water withdrawal as % of total renewable water resources,Northern Africa,2022,74.52188809,%,E,true
747,Water use,Pressure on water resources,Agricultural water withdrawal as % of total renewable water resources,Northern Africa and Western Asia,2020,49.627677125,%,E,true
747,Water use,Pressure on water resources,Agricultural water withdrawal as % of total renewable water resources,Northern Africa and Western Asia,2021,49.438773979,%,E,true
747,Water use,Pressure on water resources,Agricultural water withdrawal as % of total renewable water resources,Northern Africa and Western Asia,2022,49.923342469,%,E,true
21,Water use,Pressure on water resources,Agricultural water withdrawal as % of total renewable water resources,Northern America,2020,3.176452138,%,E,true
21,Water use,Pressure on water resources,Agricultural water withdrawal as % of total renewable water resources,Northern America,2021,3.176452138,%,E,true
21,Water use,Pressure on water resources,Agricultural water withdrawal as % of total renewable water resources,Northern America,2022,3.176452138,%,E,true
578,Water use,Pressure on water resources,Agricultural water withdrawal as % of total renewable water resources,Norway,2020,0.214987277,%,I,false
578,Water use,Pressure on water resources,Agricultural water withdrawal as % of total renewable water resources,Norway,2021,0.214987277,%,I,false
578,Water use,Pressure on water resources,Agricultural water withdrawal as % of total renewable water resources,Norway,2022,0.214987277,%,I,false
9,Water use,Pressure on water resources,Agricultural water withdrawal as % of total renewable water resources,Oceania,2020,0.708380092,%,E,true
9,Water use,Pressure on water resources,Agricultural water withdrawal as % of total renewable water resources,Oceania,2021,0.85517576,%,E,true
9,Water use,Pressure on water resources,Agricultural water withdrawal as % of total renewable water resources,Oceania,2022,0.876406539,%,E,true
543,Water use,Pressure on water resources,Agricultural water withdrawal as % of total renewable water resources,Oceania (excluding Australia and New Zealand),2020,0.006147912,%,E,true
543,Water use,Pressure on water resources,Agricultural water withdrawal as % of total renewable water resources,Oceania (excluding Australia and New Zealand),2021,0.006147912,%,E,true
543,Water use,Pressure on water resources,Agricultural water withdrawal as % of total renewable water resources,Oceania (excluding Australia and New Zealand),2022,0.006147912,%,E,true
512,Water use,Pressure on water resources,Agricultural water withdrawal as % of total renewable water resources,Oman,2020,110.5,%,I,false
512,Water use,Pressure on water resources,Agricultural water withdrawal as % of total renewable water resources,Oman,2021,110.5,%,I,false
512,Water use,Pressure on water resources,Agricultural water withdrawal as % of total renewable water resources,Oman,2022,110.5,%,I,false
586,Water use,Pressure on water resources,Agricultural water withdrawal as % of total renewable water resources,Pakistan,2020,69.854132901,%,I,false
586,Water use,Pressure on water resources,Agricultural water withdrawal as % of total renewable water resources,Pakistan,2021,69.854132901,%,I,false
586,Water use,Pressure on water resources,Agricultural water withdrawal as % of total renewable water resources,Pakistan,2022,69.854132901,%,I,false
275,Water use,Pressure on water resources,Agricultural water withdrawal as % of total renewable water resources,Palestine,2020,25.78255675,%,E,false
275,Water use,Pressure on water resources,Agricultural water withdrawal as % of total renewable water resources,Palestine,2021,18.160095579,%,E,false
275,Water use,Pressure on water resources,Agricultural water withdrawal as % of total renewable water resources,Palestine,2022,18.876941458,%,E,false
591,Water use,Pressure on water resources,Agricultural water withdrawal as % of total renewable water resources,Panama,2020,0.320234882,%,E,false
591,Water use,Pressure on water resources,Agricultural water withdrawal as % of total renewable water resources,Panama,2021,0.320234882,%,E,false
591,Water use,Pressure on water resources,Agricultural water withdrawal as % of total renewable water resources,Panama,2022,0.320234882,%,E,false
598,Water use,Pressure on water resources,Agricultural water withdrawal as % of total renewable water resources,Papua New Guinea,2020,0.000124844,%,I,false
598,Water use,Pressure on water resources,Agricultural water withdrawal as % of total renewable water resources,Papua New Guinea,2021,0.000124844,%,I,false
598,Water use,Pressure on water resources,Agricultural water withdrawal as % of total renewable water resources,Papua New Guinea,2022,0.000124844,%,I,false
600,Water use,Pressure on water resources,Agricultural water withdrawal as % of total renewable water resources,Paraguay,2020,0.48920752,%,I,false
600,Water use,Pressure on water resources,Agricultural water withdrawal as % of total renewable water resources,Paraguay,2021,0.48920752,%,I,false
600,Water use,Pressure on water resources,Agricultural water withdrawal as % of total renewable water resources,Paraguay,2022,0.48920752,%,I,false
604,Water use,Pressure on water resources,Agricultural water withdrawal as % of total renewable water resources,Peru,2020,1.744866475,%,E,false
604,Water use,Pressure on water resources,Agricultural water withdrawal as % of total renewable water resources,Peru,2021,1.058463666,%,E,false
604,Water use,Pressure on water resources,Agricultural water withdrawal as % of total renewable water resources,Peru,2022,1.123098202,%,E,false
608,Water use,Pressure on water resources,Agricultural water withdrawal as % of total renewable water resources,Philippines,2020,14.165154499,%,E,false
608,Water use,Pressure on water resources,Agricultural water withdrawal as % of total renewable water resources,Philippines,2021,14.164581566,%,E,false
608,Water use,Pressure on water resources,Agricultural water withdrawal as % of total renewable water resources,Philippines,2022,14.183132979,%,E,false
616,Water use,Pressure on water resources,Agricultural water withdrawal as % of total renewable water resources,Poland,2020,2.218941984,%,E,false
616,Water use,Pressure on water resources,Agricultural water withdrawal as % of total renewable water resources,Poland,2021,2.241884297,%,E,false
616,Water use,Pressure on water resources,Agricultural water withdrawal as % of total renewable water resources,Poland,2022,2.116066116,%,E,false
620,Water use,Pressure on water resources,Agricultural water withdrawal as % of total renewable water resources,Portugal,2020,4.417932816,%,I,false
620,Water use,Pressure on water resources,Agricultural water withdrawal as % of total renewable water resources,Portugal,2021,4.417932816,%,I,false
620,Water use,Pressure on water resources,Agricultural water withdrawal as % of total renewable water resources,Portugal,2022,4.417932816,%,I,false
630,Water use,Pressure on water resources,Agricultural water withdrawal as % of total renewable water resources,Puerto Rico,2020,1.598591549,%,I,false
630,Water use,Pressure on water resources,Agricultural water withdrawal as % of total renewable water resources,Puerto Rico,2021,1.598591549,%,I,false
630,Water use,Pressure on water resources,Agricultural water withdrawal as % of total renewable water resources,Puerto Rico,2022,1.598591549,%,I,false
634,Water use,Pressure on water resources,Agricultural water withdrawal as % of total renewable water resources,Qatar,2020,545.268965517,%,E,false
634,Water use,Pressure on water resources,Agricultural water withdrawal as % of total renewable water resources,Qatar,2021,555.097758621,%,E,false
634,Water use,Pressure on water resources,Agricultural water withdrawal as % of total renewable water resources,Qatar,2022,536.475862069,%,E,false
410,Water use,Pressure on water resources,Agricultural water withdrawal as % of total renewable water resources,Republic of Korea,2020,22.898134864,%,I,false
410,Water use,Pressure on water resources,Agricultural water withdrawal as % of total renewable water resources,Republic of Korea,2021,22.898134864,%,I,false
410,Water use,Pressure on water resources,Agricultural water withdrawal as % of total renewable water resources,Republic of Korea,2022,22.898134864,%,I,false
498,Water use,Pressure on water resources,Agricultural water withdrawal as % of total renewable water resources,Republic of Moldova,2020,0.448247759,%,E,false
498,Water use,Pressure on water resources,Agricultural water withdrawal as % of total renewable water resources,Republic of Moldova,2021,0.448247759,%,E,false
498,Water use,Pressure on water resources,Agricultural water withdrawal as % of total renewable water resources,Republic of Moldova,2022,0.448247759,%,E,false
642,Water use,Pressure on water resources,Agricultural water withdrawal as % of total renewable water resources,Romania,2020,1.075420971,%,E,false
642,Water use,Pressure on water resources,Agricultural water withdrawal as % of total renewable water resources,Romania,2021,1.169756144,%,E,false
642,Water use,Pressure on water resources,Agricultural water withdrawal as % of total renewable water resources,Romania,2022,1.393802179,%,E,false
643,Water use,Pressure on water resources,Agricultural water withdrawal as % of total renewable water resources,Russian Federation,2020,0.411893195,%,I,false
643,Water use,Pressure on water resources,Agricultural water withdrawal as % of total renewable water resources,Russian Federation,2021,0.411893195,%,I,false
643,Water use,Pressure on water resources,Agricultural water withdrawal as % of total renewable water resources,Russian Federation,2022,0.411893195,%,I,false
646,Water use,Pressure on water resources,Agricultural water withdrawal as % of total renewable water resources,Rwanda,2020,2.710526316,%,E,false
646,Water use,Pressure on water resources,Agricultural water withdrawal as % of total renewable water resources,Rwanda,2021,2.714285714,%,E,false
646,Water use,Pressure on water resources,Agricultural water withdrawal as % of total renewable water resources,Rwanda,2022,2.714285714,%,E,false
659,Water use,Pressure on water resources,Agricultural water withdrawal as % of total renewable water resources,Saint Kitts and Nevis,2020,0.833333333,%,I,false
659,Water use,Pressure on water resources,Agricultural water withdrawal as % of total renewable water resources,Saint Kitts and Nevis,2021,0.833333333,%,I,false
659,Water use,Pressure on water resources,Agricultural water withdrawal as % of total renewable water resources,Saint Kitts and Nevis,2022,0.833333333,%,I,false
662,Water use,Pressure on water resources,Agricultural water withdrawal as % of total renewable water resources,Saint Lucia,2020,10.133333333,%,I,false
662,Water use,Pressure on water resources,Agricultural water withdrawal as % of total renewable water resources,Saint Lucia,2021,10.133333333,%,I,false
662,Water use,Pressure on water resources,Agricultural water withdrawal as % of total renewable water resources,Saint Lucia,2022,10.133333333,%,I,false
670,Water use,Pressure on water resources,Agricultural water withdrawal as % of total renewable water resources,Saint Vincent and the Grenadines,2020,0,%,I,false
670,Water use,Pressure on water resources,Agricultural water withdrawal as % of total renewable water resources,Saint Vincent and the Grenadines,2021,0,%,I,false
670,Water use,Pressure on water resources,Agricultural water withdrawal as % of total renewable water resources,Saint Vincent and the Grenadines,2022,0,%,I,false
678,Water use,Pressure on water resources,Agricultural water withdrawal as % of total renewable water resources,Sao Tome and Principe,2020,1.174311927,%,I,false
678,Water use,Pressure on water resources,Agricultural water withdrawal as % of total renewable water resources,Sao Tome and Principe,2021,1.174311927,%,I,false
678,Water use,Pressure on water resources,Agricultural water withdrawal as % of total renewable water resources,Sao Tome and Principe,2022,1.174311927,%,I,false
682,Water use,Pressure on water resources,Agricultural water withdrawal as % of total renewable water resources,Saudi Arabia,2020,883.333333333,%,I,false
682,Water use,Pressure on water resources,Agricultural water withdrawal as % of total renewable water resources,Saudi Arabia,2021,883.333333333,%,I,false
682,Water use,Pressure on water resources,Agricultural water withdrawal as % of total renewable water resources,Saudi Arabia,2022,883.333333333,%,I,false
686,Water use,Pressure on water resources,Agricultural water withdrawal as % of total renewable water resources,Senegal,2020,7.078989479,%,I,false
686,Water use,Pressure on water resources,Agricultural water withdrawal as % of total renewable water resources,Senegal,2021,7.078989479,%,I,false
686,Water use,Pressure on water resources,Agricultural water withdrawal as % of total renewable water resources,Senegal,2022,7.078989479,%,I,false
688,Water use,Pressure on water resources,Agricultural water withdrawal as % of total renewable water resources,Serbia,2020,0.267456227,%,E,false
688,Water use,Pressure on water resources,Agricultural water withdrawal as % of total renewable water resources,Serbia,2021,0.254212084,%,E,false
688,Water use,Pressure on water resources,Agricultural water withdrawal as % of total renewable water resources,Serbia,2022,0.260172626,%,E,false
694,Water use,Pressure on water resources,Agricultural water withdrawal as % of total renewable water resources,Sierra Leone,2020,0.0285625,%,I,false
694,Water use,Pressure on water resources,Agricultural water withdrawal as % of total renewable water resources,Sierra Leone,2021,0.0285625,%,I,false
694,Water use,Pressure on water resources,Agricultural water withdrawal as % of total renewable water resources,Sierra Leone,2022,0.0285625,%,I,false
702,Water use,Pressure on water resources,Agricultural water withdrawal as % of total renewable water resources,Singapore,2020,4.4,%,E,false
702,Water use,Pressure on water resources,Agricultural water withdrawal as % of total renewable water resources,Singapore,2021,2.2,%,E,false
702,Water use,Pressure on water resources,Agricultural water withdrawal as % of total renewable water resources,Singapore,2022,0,%,E,false
703,Water use,Pressure on water resources,Agricultural water withdrawal as % of total renewable water resources,Slovakia,2020,0.058882235,%,E,false
703,Water use,Pressure on water resources,Agricultural water withdrawal as % of total renewable water resources,Slovakia,2021,0.060738723,%,E,false
703,Water use,Pressure on water resources,Agricultural water withdrawal as % of total renewable water resources,Slovakia,2022,0.065570958,%,E,false
705,Water use,Pressure on water resources,Agricultural water withdrawal as % of total renewable water resources,Slovenia,2020,0.009413241,%,I,false
705,Water use,Pressure on water resources,Agricultural water withdrawal as % of total renewable water resources,Slovenia,2021,0.009413241,%,I,false
705,Water use,Pressure on water resources,Agricultural water withdrawal as % of total renewable water resources,Slovenia,2022,0.01066834,%,E,false
722,Water use,Pressure on water resources,Agricultural water withdrawal as % of total renewable water resources,Small Island Developing States,2020,1.290240708,%,E,true
722,Water use,Pressure on water resources,Agricultural water withdrawal as % of total renewable water resources,Small Island Developing States,2021,1.286142603,%,E,true
722,Water use,Pressure on water resources,Agricultural water withdrawal as % of total renewable water resources,Small Island Developing States,2022,1.284850604,%,E,true
706,Water use,Pressure on water resources,Agricultural water withdrawal as % of total renewable water resources,Somalia,2020,22.319727891,%,I,false
706,Water use,Pressure on water resources,Agricultural water withdrawal as % of total renewable water resources,Somalia,2021,22.319727891,%,I,false
706,Water use,Pressure on water resources,Agricultural water withdrawal as % of total renewable water resources,Somalia,2022,22.319727891,%,I,false
710,Water use,Pressure on water resources,Agricultural water withdrawal as % of total renewable water resources,South Africa,2020,23.347614411,%,E,false
710,Water use,Pressure on water resources,Agricultural water withdrawal as % of total renewable water resources,South Africa,2021,23.41187926,%,E,false
710,Water use,Pressure on water resources,Agricultural water withdrawal as % of total renewable water resources,South Africa,2022,23.055501461,%,E,false
728,Water use,Pressure on water resources,Agricultural water withdrawal as % of total renewable water resources,South Sudan,2020,0.484848485,%,E,false
728,Water use,Pressure on water resources,Agricultural water withdrawal as % of total renewable water resources,South Sudan,2021,0.484848485,%,E,false
728,Water use,Pressure on water resources,Agricultural water withdrawal as % of total renewable water resources,South Sudan,2022,0.484848485,%,E,false
35,Water use,Pressure on water resources,Agricultural water withdrawal as % of total renewable water resources,South-eastern Asia,2020,8.208993014,%,E,true
35,Water use,Pressure on water resources,Agricultural water withdrawal as % of total renewable water resources,South-eastern Asia,2021,8.20868818,%,E,true
35,Water use,Pressure on water resources,Agricultural water withdrawal as % of total renewable water resources,South-eastern Asia,2022,8.210134719,%,E,true
34,Water use,Pressure on water resources,Agricultural water withdrawal as % of total renewable water resources,Southern Asia,2020,41.078860926,%,E,true
34,Water use,Pressure on water resources,Agricultural water withdrawal as % of total renewable water resources,Southern Asia,2021,41.078864546,%,E,true
34,Water use,Pressure on water resources,Agricultural water withdrawal as % of total renewable water resources,Southern Asia,2022,41.078864546,%,E,true
724,Water use,Pressure on water resources,Agricultural water withdrawal as % of total renewable water resources,Spain,2020,17.004484305,%,E,false
724,Water use,Pressure on water resources,Agricultural water withdrawal as % of total renewable water resources,Spain,2021,17.004484305,%,E,false
724,Water use,Pressure on water resources,Agricultural water withdrawal as % of total renewable water resources,Spain,2022,17.004484305,%,E,false
144,Water use,Pressure on water resources,Agricultural water withdrawal as % of total renewable water resources,Sri Lanka,2020,21.420454546,%,I,false
144,Water use,Pressure on water resources,Agricultural water withdrawal as % of total renewable water resources,Sri Lanka,2021,21.420454546,%,I,false
144,Water use,Pressure on water resources,Agricultural water withdrawal as % of total renewable water resources,Sri Lanka,2022,21.420454546,%,I,false
202,Water use,Pressure on water resources,Agricultural water withdrawal as % of total renewable water resources,Sub-Saharan Africa,2020,2.036689557,%,E,true
202,Water use,Pressure on water resources,Agricultural water withdrawal as % of total renewable water resources,Sub-Saharan Africa,2021,2.037262276,%,E,true
202,Water use,Pressure on water resources,Agricultural water withdrawal as % of total renewable water resources,Sub-Saharan Africa,2022,2.031939285,%,E,true
729,Water use,Pressure on water resources,Agricultural water withdrawal as % of total renewable water resources,Sudan,2020,68.544973545,%,E,false
729,Water use,Pressure on water resources,Agricultural water withdrawal as % of total renewable water resources,Sudan,2021,68.544973545,%,E,false
729,Water use,Pressure on water resources,Agricultural water withdrawal as % of total renewable water resources,Sudan,2022,68.544973545,%,E,false
740,Water use,Pressure on water resources,Agricultural water withdrawal as % of total renewable water resources,Suriname,2020,0.435454546,%,I,false
740,Water use,Pressure on water resources,Agricultural water withdrawal as % of total renewable water resources,Suriname,2021,0.435454546,%,I,false
740,Water use,Pressure on water resources,Agricultural water withdrawal as % of total renewable water resources,Suriname,2022,0.435454546,%,I,false
752,Water use,Pressure on water resources,Agricultural water withdrawal as % of total renewable water resources,Sweden,2020,0.05862069,%,E,false
752,Water use,Pressure on water resources,Agricultural water withdrawal as % of total renewable water resources,Sweden,2021,0.05862069,%,E,false
752,Water use,Pressure on water resources,Agricultural water withdrawal as % of total renewable water resources,Sweden,2022,0.05862069,%,E,false
756,Water use,Pressure on water resources,Agricultural water withdrawal as % of total renewable water resources,Switzerland,2020,0.299252336,%,I,false
756,Water use,Pressure on water resources,Agricultural water withdrawal as % of total renewable water resources,Switzerland,2021,0.299252336,%,I,false
756,Water use,Pressure on water resources,Agricultural water withdrawal as % of total renewable water resources,Switzerland,2022,0.299252336,%,I,false
760,Water use,Pressure on water resources,Agricultural water withdrawal as % of total renewable water resources,Syrian Arab Republic,2020,87.311034401,%,I,false
760,Water use,Pressure on water resources,Agricultural water withdrawal as % of total renewable water resources,Syrian Arab Republic,2021,87.311034401,%,I,false
760,Water use,Pressure on water resources,Agricultural water withdrawal as % of total renewable water resources,Syrian Arab Republic,2022,87.311034401,%,I,false
762,Water use,Pressure on water resources,Agricultural water withdrawal as % of total renewable water resources,Tajikistan,2020,33.674121406,%,I,false
762,Water use,Pressure on water resources,Agricultural water withdrawal as % of total renewable water resources,Tajikistan,2021,33.674121406,%,I,false
762,Water use,Pressure on water resources,Agricultural water withdrawal as % of total renewable water resources,Tajikistan,2022,33.674121406,%,I,false
764,Water use,Pressure on water resources,Agricultural water withdrawal as % of total renewable water resources,Thailand,2020,11.807756321,%,I,false
764,Water use,Pressure on water resources,Agricultural water withdrawal as % of total renewable water resources,Thailand,2021,11.807756321,%,I,false
764,Water use,Pressure on water resources,Agricultural water withdrawal as % of total renewable water resources,Thailand,2022,11.807756321,%,I,false
626,Water use,Pressure on water resources,Agricultural water withdrawal as % of total renewable water resources,Timor-Leste,2020,13.037127206,%,I,false
626,Water use,Pressure on water resources,Agricultural water withdrawal as % of total renewable water resources,Timor-Leste,2021,13.037127206,%,I,false
626,Water use,Pressure on water resources,Agricultural water withdrawal as % of total renewable water resources,Timor-Leste,2022,13.037127206,%,I,false
768,Water use,Pressure on water resources,Agricultural water withdrawal as % of total renewable water resources,Togo,2020,0.517006803,%,I,false
768,Water use,Pressure on water resources,Agricultural water withdrawal as % of total renewable water resources,Togo,2021,0.517006803,%,I,false
768,Water use,Pressure on water resources,Agricultural water withdrawal as % of total renewable water resources,Togo,2022,0.517006803,%,I,false
780,Water use,Pressure on water resources,Agricultural water withdrawal as % of total renewable water resources,Trinidad and Tobago,2020,0.434895833,%,I,false
780,Water use,Pressure on water resources,Agricultural water withdrawal as % of total renewable water resources,Trinidad and Tobago,2021,0.434895833,%,I,false
780,Water use,Pressure on water resources,Agricultural water withdrawal as % of total renewable water resources,Trinidad and Tobago,2022,0.434895833,%,I,false
788,Water use,Pressure on water resources,Agricultural water withdrawal as % of total renewable water resources,Tunisia,2020,58.72156013,%,E,false
788,Water use,Pressure on water resources,Agricultural water withdrawal as % of total renewable water resources,Tunisia,2021,58.72156013,%,E,false
788,Water use,Pressure on water resources,Agricultural water withdrawal as % of total renewable water resources,Tunisia,2022,58.72156013,%,E,false
795,Water use,Pressure on water resources,Agricultural water withdrawal as % of total renewable water resources,Turkmenistan,2020,65.090248334,%,E,false
795,Water use,Pressure on water resources,Agricultural water withdrawal as % of total renewable water resources,Turkmenistan,2021,65.090248334,%,E,false
795,Water use,Pressure on water resources,Agricultural water withdrawal as % of total renewable water resources,Turkmenistan,2022,65.090248334,%,E,false
792,Water use,Pressure on water resources,Agricultural water withdrawal as % of total renewable water resources,Türkiye,2020,25.541899811,%,E,false
792,Water use,Pressure on water resources,Agricultural water withdrawal as % of total renewable water resources,Türkiye,2021,25.431346881,%,E,false
792,Water use,Pressure on water resources,Agricultural water withdrawal as % of total renewable water resources,Türkiye,2022,26.524914934,%,E,false
800,Water use,Pressure on water resources,Agricultural water withdrawal as % of total renewable water resources,Uganda,2020,0.430948419,%,I,false
800,Water use,Pressure on water resources,Agricultural water withdrawal as % of total renewable water resources,Uganda,2021,0.430948419,%,I,false
800,Water use,Pressure on water resources,Agricultural water withdrawal as % of total renewable water resources,Uganda,2022,0.430948419,%,I,false
804,Water use,Pressure on water resources,Agricultural water withdrawal as % of total renewable water resources,Ukraine,2020,1.672181652,%,E,false
804,Water use,Pressure on water resources,Agricultural water withdrawal as % of total renewable water resources,Ukraine,2021,1.390346874,%,E,false
804,Water use,Pressure on water resources,Agricultural water withdrawal as % of total renewable water resources,Ukraine,2022,0.588201734,%,E,false
784,Water use,Pressure on water resources,Agricultural water withdrawal as % of total renewable water resources,United Arab Emirates,2020,1544.064454667,%,E,false
784,Water use,Pressure on water resources,Agricultural water withdrawal as % of total renewable water resources,United Arab Emirates,2021,1492,%,E,false
784,Water use,Pressure on water resources,Agricultural water withdrawal as % of total renewable water resources,United Arab Emirates,2022,1643.789882667,%,E,false
826,Water use,Pressure on water resources,Agricultural water withdrawal as % of total renewable water resources,United Kingdom of Great Britain and Northern Ireland,2020,0.804761905,%,I,false
826,Water use,Pressure on water resources,Agricultural water withdrawal as % of total renewable water resources,United Kingdom of Great Britain and Northern Ireland,2021,0.804761905,%,I,false
826,Water use,Pressure on water resources,Agricultural water withdrawal as % of total renewable water resources,United Kingdom of Great Britain and Northern Ireland,2022,0.804761905,%,I,false
834,Water use,Pressure on water resources,Agricultural water withdrawal as % of total renewable water resources,United Republic of Tanzania,2020,4.811467747,%,I,false
834,Water use,Pressure on water resources,Agricultural water withdrawal as % of total renewable water resources,United Republic of Tanzania,2021,4.811467747,%,I,false
834,Water use,Pressure on water resources,Agricultural water withdrawal as % of total renewable water resources,United Republic of Tanzania,2022,4.811467747,%,I,false
840,Water use,Pressure on water resources,Agricultural water withdrawal as % of total renewable water resources,United States of America,2020,5.741283806,%,I,false
840,Water use,Pressure on water resources,Agricultural water withdrawal as % of total renewable water resources,United States of America,2021,5.741283806,%,I,false
840,Water use,Pressure on water resources,Agricultural water withdrawal as % of total renewable water resources,United States of America,2022,5.741283806,%,I,false
858,Water use,Pressure on water resources,Agricultural water withdrawal as % of total renewable water resources,Uruguay,2020,1.961558147,%,E,false
858,Water use,Pressure on water resources,Agricultural water withdrawal as % of total renewable water resources,Uruguay,2021,2.002448063,%,E,false
858,Water use,Pressure on water resources,Agricultural water withdrawal as % of total renewable water resources,Uruguay,2022,2.020513732,%,E,false
860,Water use,Pressure on water resources,Agricultural water withdrawal as % of total renewable water resources,Uzbekistan,2020,96.582770616,%,E,false
860,Water use,Pressure on water resources,Agricultural water withdrawal as % of total renewable water resources,Uzbekistan,2021,81.235932065,%,E,false
860,Water use,Pressure on water resources,Agricultural water withdrawal as % of total renewable water resources,Uzbekistan,2022,83.896050747,%,E,false
862,Water use,Pressure on water resources,Agricultural water withdrawal as % of total renewable water resources,Venezuela (Bolivarian Republic of),2020,1.261132075,%,I,false
862,Water use,Pressure on water resources,Agricultural water withdrawal as % of total renewable water resources,Venezuela (Bolivarian Republic of),2021,1.261132075,%,I,false
862,Water use,Pressure on water resources,Agricultural water withdrawal as % of total renewable water resources,Venezuela (Bolivarian Republic of),2022,1.261132075,%,I,false
704,Water use,Pressure on water resources,Agricultural water withdrawal as % of total renewable water resources,Viet Nam,2020,8.794055106,%,I,false
704,Water use,Pressure on water resources,Agricultural water withdrawal as % of total renewable water resources,Viet Nam,2021,8.794055106,%,I,false
704,Water use,Pressure on water resources,Agricultural water withdrawal as % of total renewable water resources,Viet Nam,2022,8.794055106,%,I,false
145,Water use,Pressure on water resources,Agricultural water withdrawal as % of total renewable water resources,Western Asia,2020,39.642329884,%,E,true
145,Water use,Pressure on water resources,Agricultural water withdrawal as % of total renewable water resources,Western Asia,2021,39.447441274,%,E,true
145,Water use,Pressure on water resources,Agricultural water withdrawal as % of total renewable water resources,Western Asia,2022,40.056855125,%,E,true
1,Water use,Pressure on water resources,Agricultural water withdrawal as % of total renewable water resources,World,2020,6.701610263,%,E,true
1,Water use,Pressure on water resources,Agricultural water withdrawal as % of total renewable water resources,World,2021,6.655041281,%,E,true
1,Water use,Pressure on water resources,Agricultural water withdrawal as % of total renewable water resources,World,2022,6.669138117,%,E,true
887,Water use,Pressure on water resources,Agricultural water withdrawal as % of total renewable water resources,Yemen,2020,154.047619048,%,I,false
887,Water use,Pressure on water resources,Agricultural water withdrawal as % of total renewable water resources,Yemen,2021,154.047619048,%,I,false
887,Water use,Pressure on water resources,Agricultural water withdrawal as % of total renewable water resources,Yemen,2022,154.047619048,%,I,false
894,Water use,Pressure on water resources,Agricultural water withdrawal as % of total renewable water resources,Zambia,2020,1.099236641,%,I,false
894,Water use,Pressure on water resources,Agricultural water withdrawal as % of total renewable water resources,Zambia,2021,1.099236641,%,I,false
894,Water use,Pressure on water resources,Agricultural water withdrawal as % of total renewable water resources,Zambia,2022,1.099236641,%,I,false
716,Water use,Pressure on water resources,Agricultural water withdrawal as % of total renewable water resources,Zimbabwe,2020,21.406246975,%,E,false
716,Water use,Pressure on water resources,Agricultural water withdrawal as % of total renewable water resources,Zimbabwe,2021,21.406246975,%,E,false
716,Water use,Pressure on water resources,Agricultural water withdrawal as % of total renewable water resources,Zimbabwe,2022,21.406246975,%,E,false
4,Water use,Pressure on water resources,SDG 6.4.1. Industrial Water Use Efficiency,Afghanistan,2020,14.062099223,US$/m3,E,false
4,Water use,Pressure on water resources,SDG 6.4.1. Industrial Water Use Efficiency,Afghanistan,2021,12.129940586,US$/m3,E,false
4,Water use,Pressure on water resources,SDG 6.4.1. Industrial Water Use Efficiency,Afghanistan,2022,13.192248571,US$/m3,E,false
8,Water use,Pressure on water resources,SDG 6.4.1. Industrial Water Use Efficiency,Albania,2020,134.297693348,US$/m3,E,false
8,Water use,Pressure on water resources,SDG 6.4.1. Industrial Water Use Efficiency,Albania,2021,244.059018466,US$/m3,E,false
8,Water use,Pressure on water resources,SDG 6.4.1. Industrial Water Use Efficiency,Albania,2022,241.544022121,US$/m3,E,false
12,Water use,Pressure on water resources,SDG 6.4.1. Industrial Water Use Efficiency,Algeria,2020,250.489672137,US$/m3,E,false
12,Water use,Pressure on water resources,SDG 6.4.1. Industrial Water Use Efficiency,Algeria,2021,324.363571582,US$/m3,E,false
12,Water use,Pressure on water resources,SDG 6.4.1. Industrial Water Use Efficiency,Algeria,2022,351.158334445,US$/m3,E,false
24,Water use,Pressure on water resources,SDG 6.4.1. Industrial Water Use Efficiency,Angola,2020,196.21306479,US$/m3,E,false
24,Water use,Pressure on water resources,SDG 6.4.1. Industrial Water Use Efficiency,Angola,2021,208.851726629,US$/m3,E,false
24,Water use,Pressure on water resources,SDG 6.4.1. Industrial Water Use Efficiency,Angola,2022,202.180575971,US$/m3,E,false
28,Water use,Pressure on water resources,SDG 6.4.1. Industrial Water Use Efficiency,Antigua and Barbuda,2020,87.109415291,US$/m3,E,false
28,Water use,Pressure on water resources,SDG 6.4.1. Industrial Water Use Efficiency,Antigua and Barbuda,2021,98.587029815,US$/m3,E,false
28,Water use,Pressure on water resources,SDG 6.4.1. Industrial Water Use Efficiency,Antigua and Barbuda,2022,108.996654032,US$/m3,E,false
32,Water use,Pressure on water resources,SDG 6.4.1. Industrial Water Use Efficiency,Argentina,2020,29.207928393,US$/m3,E,false
32,Water use,Pressure on water resources,SDG 6.4.1. Industrial Water Use Efficiency,Argentina,2021,35.473582304,US$/m3,E,false
32,Water use,Pressure on water resources,SDG 6.4.1. Industrial Water Use Efficiency,Argentina,2022,37.776810184,US$/m3,E,false
51,Water use,Pressure on water resources,SDG 6.4.1. Industrial Water Use Efficiency,Armenia,2020,14.855608239,US$/m3,E,false
51,Water use,Pressure on water resources,SDG 6.4.1. Industrial Water Use Efficiency,Armenia,2021,26.519546931,US$/m3,E,false
51,Water use,Pressure on water resources,SDG 6.4.1. Industrial Water Use Efficiency,Armenia,2022,20.778964981,US$/m3,E,false
36,Water use,Pressure on water resources,SDG 6.4.1. Industrial Water Use Efficiency,Australia,2020,106.393114391,US$/m3,E,false
36,Water use,Pressure on water resources,SDG 6.4.1. Industrial Water Use Efficiency,Australia,2021,114.011270374,US$/m3,E,false
36,Water use,Pressure on water resources,SDG 6.4.1. Industrial Water Use Efficiency,Australia,2022,120.178760216,US$/m3,E,false
53,Water use,Pressure on water resources,SDG 6.4.1. Industrial Water Use Efficiency,Australia and New Zealand,2020,84.633909428,US$/m3,E,true
53,Water use,Pressure on water resources,SDG 6.4.1. Industrial Water Use Efficiency,Australia and New Zealand,2021,91.157289703,US$/m3,E,true
53,Water use,Pressure on water resources,SDG 6.4.1. Industrial Water Use Efficiency,Australia and New Zealand,2022,95.786614954,US$/m3,E,true
40,Water use,Pressure on water resources,SDG 6.4.1. Industrial Water Use Efficiency,Austria,2020,39.825121878,US$/m3,E,false
40,Water use,Pressure on water resources,SDG 6.4.1. Industrial Water Use Efficiency,Austria,2021,42.961026574,US$/m3,E,false
40,Water use,Pressure on water resources,SDG 6.4.1. Industrial Water Use Efficiency,Austria,2022,43.450437846,US$/m3,E,false
31,Water use,Pressure on water resources,SDG 6.4.1. Industrial Water Use Efficiency,Azerbaijan,2020,36.665559687,US$/m3,E,false
31,Water use,Pressure on water resources,SDG 6.4.1. Industrial Water Use Efficiency,Azerbaijan,2021,42.893632647,US$/m3,E,false
31,Water use,Pressure on water resources,SDG 6.4.1. Industrial Water Use Efficiency,Azerbaijan,2022,51.933285283,US$/m3,E,false
48,Water use,Pressure on water resources,SDG 6.4.1. Industrial Water Use Efficiency,Bahrain,2020,906.0187324,US$/m3,E,false
48,Water use,Pressure on water resources,SDG 6.4.1. Industrial Water Use Efficiency,Bahrain,2021,1057.584863535,US$/m3,E,false
48,Water use,Pressure on water resources,SDG 6.4.1. Industrial Water Use Efficiency,Bahrain,2022,1040.563260461,US$/m3,E,false
50,Water use,Pressure on water resources,SDG 6.4.1. Industrial Water Use Efficiency,Bangladesh,2020,129.62829203,US$/m3,E,false
50,Water use,Pressure on water resources,SDG 6.4.1. Industrial Water Use Efficiency,Bangladesh,2021,141.885365932,US$/m3,E,false
50,Water use,Pressure on water resources,SDG 6.4.1. Industrial Water Use Efficiency,Bangladesh,2022,154.456264917,US$/m3,E,false
52,Water use,Pressure on water resources,SDG 6.4.1. Industrial Water Use Efficiency,Barbados,2020,73.687873928,US$/m3,E,false
52,Water use,Pressure on water resources,SDG 6.4.1. Industrial Water Use Efficiency,Barbados,2021,71.198904968,US$/m3,E,false
52,Water use,Pressure on water resources,SDG 6.4.1. Industrial Water Use Efficiency,Barbados,2022,79.126553146,US$/m3,E,false
112,Water use,Pressure on water resources,SDG 6.4.1. Industrial Water Use Efficiency,Belarus,2020,39.686177858,US$/m3,E,false
112,Water use,Pressure on water resources,SDG 6.4.1. Industrial Water Use Efficiency,Belarus,2021,39.941426164,US$/m3,E,false
112,Water use,Pressure on water resources,SDG 6.4.1. Industrial Water Use Efficiency,Belarus,2022,39.476604299,US$/m3,E,false
56,Water use,Pressure on water resources,SDG 6.4.1. Industrial Water Use Efficiency,Belgium,2020,22.001075243,US$/m3,E,false
56,Water use,Pressure on water resources,SDG 6.4.1. Industrial Water Use Efficiency,Belgium,2021,20.548882504,US$/m3,E,false
56,Water use,Pressure on water resources,SDG 6.4.1. Industrial Water Use Efficiency,Belgium,2022,21.825166078,US$/m3,E,false
84,Water use,Pressure on water resources,SDG 6.4.1. Industrial Water Use Efficiency,Belize,2020,11.551069899,US$/m3,E,false
84,Water use,Pressure on water resources,SDG 6.4.1. Industrial Water Use Efficiency,Belize,2021,15.718091604,US$/m3,E,false
84,Water use,Pressure on water resources,SDG 6.4.1. Industrial Water Use Efficiency,Belize,2022,15.645911575,US$/m3,E,false
204,Water use,Pressure on water resources,SDG 6.4.1. Industrial Water Use Efficiency,Benin,2020,76.025160899,US$/m3,E,false
204,Water use,Pressure on water resources,SDG 6.4.1. Industrial Water Use Efficiency,Benin,2021,82.198953405,US$/m3,E,false
204,Water use,Pressure on water resources,SDG 6.4.1. Industrial Water Use Efficiency,Benin,2022,90.224097723,US$/m3,E,false
64,Water use,Pressure on water resources,SDG 6.4.1. Industrial Water Use Efficiency,Bhutan,2020,110.500570797,US$/m3,E,false
64,Water use,Pressure on water resources,SDG 6.4.1. Industrial Water Use Efficiency,Bhutan,2021,135.231132251,US$/m3,E,false
64,Water use,Pressure on water resources,SDG 6.4.1. Industrial Water Use Efficiency,Bhutan,2022,158.735674009,US$/m3,E,false
68,Water use,Pressure on water resources,SDG 6.4.1. Industrial Water Use Efficiency,Bolivia (Plurinational State of),2020,230.478647662,US$/m3,E,false
68,Water use,Pressure on water resources,SDG 6.4.1. Industrial Water Use Efficiency,Bolivia (Plurinational State of),2021,278.19037353,US$/m3,E,false
68,Water use,Pressure on water resources,SDG 6.4.1. Industrial Water Use Efficiency,Bolivia (Plurinational State of),2022,286.436633646,US$/m3,E,false
70,Water use,Pressure on water resources,SDG 6.4.1. Industrial Water Use Efficiency,Bosnia and Herzegovina,2020,53.080143893,US$/m3,E,false
70,Water use,Pressure on water resources,SDG 6.4.1. Industrial Water Use Efficiency,Bosnia and Herzegovina,2021,63.54023267,US$/m3,E,false
70,Water use,Pressure on water resources,SDG 6.4.1. Industrial Water Use Efficiency,Bosnia and Herzegovina,2022,8.5415526,US$/m3,E,false
72,Water use,Pressure on water resources,SDG 6.4.1. Industrial Water Use Efficiency,Botswana,2020,125.085340366,US$/m3,E,false
72,Water use,Pressure on water resources,SDG 6.4.1. Industrial Water Use Efficiency,Botswana,2021,192.057629029,US$/m3,E,false
72,Water use,Pressure on water resources,SDG 6.4.1. Industrial Water Use Efficiency,Botswana,2022,260.900943747,US$/m3,E,false
76,Water use,Pressure on water resources,SDG 6.4.1. Industrial Water Use Efficiency,Brazil,2020,30.968850946,US$/m3,E,false
76,Water use,Pressure on water resources,SDG 6.4.1. Industrial Water Use Efficiency,Brazil,2021,33.902983809,US$/m3,E,false
76,Water use,Pressure on water resources,SDG 6.4.1. Industrial Water Use Efficiency,Brazil,2022,33.59235792,US$/m3,E,false
100,Water use,Pressure on water resources,SDG 6.4.1. Industrial Water Use Efficiency,Bulgaria,2020,2.923722753,US$/m3,E,false
100,Water use,Pressure on water resources,SDG 6.4.1. Industrial Water Use Efficiency,Bulgaria,2021,2.627368885,US$/m3,E,false
100,Water use,Pressure on water resources,SDG 6.4.1. Industrial Water Use Efficiency,Bulgaria,2022,2.858271919,US$/m3,E,false
854,Water use,Pressure on water resources,SDG 6.4.1. Industrial Water Use Efficiency,Burkina Faso,2020,228.259575102,US$/m3,E,false
854,Water use,Pressure on water resources,SDG 6.4.1. Industrial Water Use Efficiency,Burkina Faso,2021,240.566777613,US$/m3,E,false
854,Water use,Pressure on water resources,SDG 6.4.1. Industrial Water Use Efficiency,Burkina Faso,2022,225.359581942,US$/m3,E,false
108,Water use,Pressure on water resources,SDG 6.4.1. Industrial Water Use Efficiency,Burundi,2020,36.603983619,US$/m3,E,false
108,Water use,Pressure on water resources,SDG 6.4.1. Industrial Water Use Efficiency,Burundi,2021,37.229677741,US$/m3,E,false
108,Water use,Pressure on water resources,SDG 6.4.1. Industrial Water Use Efficiency,Burundi,2022,38.035827573,US$/m3,E,false
132,Water use,Pressure on water resources,SDG 6.4.1. Industrial Water Use Efficiency,Cabo Verde,2020,47.45398421,US$/m3,E,false
132,Water use,Pressure on water resources,SDG 6.4.1. Industrial Water Use Efficiency,Cabo Verde,2021,54.605583604,US$/m3,E,false
132,Water use,Pressure on water resources,SDG 6.4.1. Industrial Water Use Efficiency,Cabo Verde,2022,56.983677983,US$/m3,E,false
116,Water use,Pressure on water resources,SDG 6.4.1. Industrial Water Use Efficiency,Cambodia,2020,236.988853863,US$/m3,E,false
116,Water use,Pressure on water resources,SDG 6.4.1. Industrial Water Use Efficiency,Cambodia,2021,260.741915594,US$/m3,E,false
116,Water use,Pressure on water resources,SDG 6.4.1. Industrial Water Use Efficiency,Cambodia,2022,282.957577224,US$/m3,E,false
120,Water use,Pressure on water resources,SDG 6.4.1. Industrial Water Use Efficiency,Cameroon,2020,77.375037738,US$/m3,E,false
120,Water use,Pressure on water resources,SDG 6.4.1. Industrial Water Use Efficiency,Cameroon,2021,86.138227133,US$/m3,E,false
120,Water use,Pressure on water resources,SDG 6.4.1. Industrial Water Use Efficiency,Cameroon,2022,91.719302923,US$/m3,E,false
124,Water use,Pressure on water resources,SDG 6.4.1. Industrial Water Use Efficiency,Canada,2020,12.696349014,US$/m3,E,false
124,Water use,Pressure on water resources,SDG 6.4.1. Industrial Water Use Efficiency,Canada,2021,13.214251537,US$/m3,E,false
124,Water use,Pressure on water resources,SDG 6.4.1. Industrial Water Use Efficiency,Canada,2022,13.663199277,US$/m3,E,false
140,Water use,Pressure on water resources,SDG 6.4.1. Industrial Water Use Efficiency,Central African Republic,2020,33.662805891,US$/m3,E,false
140,Water use,Pressure on water resources,SDG 6.4.1. Industrial Water Use Efficiency,Central African Republic,2021,34.008287271,US$/m3,E,false
140,Water use,Pressure on water resources,SDG 6.4.1. Industrial Water Use Efficiency,Central African Republic,2022,34.279122007,US$/m3,E,false
143,Water use,Pressure on water resources,SDG 6.4.1. Industrial Water Use Efficiency,Central Asia,2020,12.913078315,US$/m3,E,true
143,Water use,Pressure on water resources,SDG 6.4.1. Industrial Water Use Efficiency,Central Asia,2021,12.272246914,US$/m3,E,true
143,Water use,Pressure on water resources,SDG 6.4.1. Industrial Water Use Efficiency,Central Asia,2022,13.259168572,US$/m3,E,true
62,Water use,Pressure on water resources,SDG 6.4.1. Industrial Water Use Efficiency,Central and Southern Asia,2020,33.166854743,US$/m3,E,true
62,Water use,Pressure on water resources,SDG 6.4.1. Industrial Water Use Efficiency,Central and Southern Asia,2021,35.559410388,US$/m3,E,true
62,Water use,Pressure on water resources,SDG 6.4.1. Industrial Water Use Efficiency,Central and Southern Asia,2022,37.861630899,US$/m3,E,true
148,Water use,Pressure on water resources,SDG 6.4.1. Industrial Water Use Efficiency,Chad,2020,44.605105926,US$/m3,E,false
148,Water use,Pressure on water resources,SDG 6.4.1. Industrial Water Use Efficiency,Chad,2021,53.76008355,US$/m3,E,false
148,Water use,Pressure on water resources,SDG 6.4.1. Industrial Water Use Efficiency,Chad,2022,72.968256614,US$/m3,E,false
152,Water use,Pressure on water resources,SDG 6.4.1. Industrial Water Use Efficiency,Chile,2020,39.471530387,US$/m3,E,false
152,Water use,Pressure on water resources,SDG 6.4.1. Industrial Water Use Efficiency,Chile,2021,47.77803401,US$/m3,E,false
152,Water use,Pressure on water resources,SDG 6.4.1. Industrial Water Use Efficiency,Chile,2022,50.676376539,US$/m3,E,false
156,Water use,Pressure on water resources,SDG 6.4.1. Industrial Water Use Efficiency,China,2020,53.372226685,US$/m3,E,false
156,Water use,Pressure on water resources,SDG 6.4.1. Industrial Water Use Efficiency,China,2021,67.14899648,US$/m3,E,false
156,Water use,Pressure on water resources,SDG 6.4.1. Industrial Water Use Efficiency,China,2022,68.781798826,US$/m3,E,false
170,Water use,Pressure on water resources,SDG 6.4.1. Industrial Water Use Efficiency,Colombia,2020,56.295247244,US$/m3,E,false
170,Water use,Pressure on water resources,SDG 6.4.1. Industrial Water Use Efficiency,Colombia,2021,67.356932014,US$/m3,E,false
170,Water use,Pressure on water resources,SDG 6.4.1. Industrial Water Use Efficiency,Colombia,2022,79.265196658,US$/m3,E,false
174,Water use,Pressure on water resources,SDG 6.4.1. Industrial Water Use Efficiency,Comoros,2020,185.587359957,US$/m3,E,false
174,Water use,Pressure on water resources,SDG 6.4.1. Industrial Water Use Efficiency,Comoros,2021,216.704056915,US$/m3,E,false
174,Water use,Pressure on water resources,SDG 6.4.1. Industrial Water Use Efficiency,Comoros,2022,217.306132805,US$/m3,E,false
178,Water use,Pressure on water resources,SDG 6.4.1. Industrial Water Use Efficiency,Congo,2020,137.106227496,US$/m3,E,false
178,Water use,Pressure on water resources,SDG 6.4.1. Industrial Water Use Efficiency,Congo,2021,188.129026087,US$/m3,E,false
178,Water use,Pressure on water resources,SDG 6.4.1. Industrial Water Use Efficiency,Congo,2022,154.787572589,US$/m3,E,false
188,Water use,Pressure on water resources,SDG 6.4.1. Industrial Water Use Efficiency,Costa Rica,2020,45.791174523,US$/m3,E,false
188,Water use,Pressure on water resources,SDG 6.4.1. Industrial Water Use Efficiency,Costa Rica,2021,50.116461437,US$/m3,E,false
188,Water use,Pressure on water resources,SDG 6.4.1. Industrial Water Use Efficiency,Costa Rica,2022,52.172099117,US$/m3,E,false
191,Water use,Pressure on water resources,SDG 6.4.1. Industrial Water Use Efficiency,Croatia,2020,18.077537815,US$/m3,E,false
191,Water use,Pressure on water resources,SDG 6.4.1. Industrial Water Use Efficiency,Croatia,2021,20.559788875,US$/m3,E,false
191,Water use,Pressure on water resources,SDG 6.4.1. Industrial Water Use Efficiency,Croatia,2022,22.121450917,US$/m3,E,false
192,Water use,Pressure on water resources,SDG 6.4.1. Industrial Water Use Efficiency,Cuba,2020,23.797809558,US$/m3,E,false
192,Water use,Pressure on water resources,SDG 6.4.1. Industrial Water Use Efficiency,Cuba,2021,20.245429566,US$/m3,E,false
192,Water use,Pressure on water resources,SDG 6.4.1. Industrial Water Use Efficiency,Cuba,2022,21.012526366,US$/m3,E,false
196,Water use,Pressure on water resources,SDG 6.4.1. Industrial Water Use Efficiency,Cyprus,2020,161.121547736,US$/m3,E,false
196,Water use,Pressure on water resources,SDG 6.4.1. Industrial Water Use Efficiency,Cyprus,2021,161.055671518,US$/m3,E,false
196,Water use,Pressure on water resources,SDG 6.4.1. Industrial Water Use Efficiency,Cyprus,2022,166.618496418,US$/m3,E,false
203,Water use,Pressure on water resources,SDG 6.4.1. Industrial Water Use Efficiency,Czechia,2020,78.698194123,US$/m3,E,false
203,Water use,Pressure on water resources,SDG 6.4.1. Industrial Water Use Efficiency,Czechia,2021,81.97565224,US$/m3,E,false
203,Water use,Pressure on water resources,SDG 6.4.1. Industrial Water Use Efficiency,Czechia,2022,74.077615971,US$/m3,E,false
384,Water use,Pressure on water resources,SDG 6.4.1. Industrial Water Use Efficiency,Côte d'Ivoire,2020,48.525615599,US$/m3,E,false
384,Water use,Pressure on water resources,SDG 6.4.1. Industrial Water Use Efficiency,Côte d'Ivoire,2021,51.761168236,US$/m3,E,false
384,Water use,Pressure on water resources,SDG 6.4.1. Industrial Water Use Efficiency,Côte d'Ivoire,2022,58.17080778,US$/m3,E,false
408,Water use,Pressure on water resources,SDG 6.4.1. Industrial Water Use Efficiency,Democratic People's Republic of Korea,2020,4.995678861,US$/m3,E,false
408,Water use,Pressure on water resources,SDG 6.4.1. Industrial Water Use Efficiency,Democratic People's Republic of Korea,2021,5.042294804,US$/m3,E,false
408,Water use,Pressure on water resources,SDG 6.4.1. Industrial Water Use Efficiency,Democratic People's Republic of Korea,2022,5.394883093,US$/m3,E,false
180,Water use,Pressure on water resources,SDG 6.4.1. Industrial Water Use Efficiency,Democratic Republic of the Congo,2020,106.199279603,US$/m3,E,false
180,Water use,Pressure on water resources,SDG 6.4.1. Industrial Water Use Efficiency,Democratic Republic of the Congo,2021,127.992882056,US$/m3,E,false
180,Water use,Pressure on water resources,SDG 6.4.1. Industrial Water Use Efficiency,Democratic Republic of the Congo,2022,149.039222335,US$/m3,E,false
208,Water use,Pressure on water resources,SDG 6.4.1. Industrial Water Use Efficiency,Denmark,2020,1022.100408924,US$/m3,E,false
208,Water use,Pressure on water resources,SDG 6.4.1. Industrial Water Use Efficiency,Denmark,2021,1240.665238595,US$/m3,E,false
208,Water use,Pressure on water resources,SDG 6.4.1. Industrial Water Use Efficiency,Denmark,2022,1362.672294992,US$/m3,E,false
214,Water use,Pressure on water resources,SDG 6.4.1. Industrial Water Use Efficiency,Dominican Republic,2020,36.200334425,US$/m3,E,false
214,Water use,Pressure on water resources,SDG 6.4.1. Industrial Water Use Efficiency,Dominican Republic,2021,44.279618141,US$/m3,E,false
214,Water use,Pressure on water resources,SDG 6.4.1. Industrial Water Use Efficiency,Dominican Republic,2022,46.955277883,US$/m3,E,false
30,Water use,Pressure on water resources,SDG 6.4.1. Industrial Water Use Efficiency,Eastern Asia,2020,58.661687079,US$/m3,E,true
30,Water use,Pressure on water resources,SDG 6.4.1. Industrial Water Use Efficiency,Eastern Asia,2021,70.832867437,US$/m3,E,true
30,Water use,Pressure on water resources,SDG 6.4.1. Industrial Water Use Efficiency,Eastern Asia,2022,72.375483333,US$/m3,E,true
753,Water use,Pressure on water resources,SDG 6.4.1. Industrial Water Use Efficiency,Eastern and South-Eastern Asia,2020,53.876662698,US$/m3,E,true
753,Water use,Pressure on water resources,SDG 6.4.1. Industrial Water Use Efficiency,Eastern and South-Eastern Asia,2021,63.74207125,US$/m3,E,true
753,Water use,Pressure on water resources,SDG 6.4.1. Industrial Water Use Efficiency,Eastern and South-Eastern Asia,2022,64.861982537,US$/m3,E,true
218,Water use,Pressure on water resources,SDG 6.4.1. Industrial Water Use Efficiency,Ecuador,2020,49.408506074,US$/m3,E,false
218,Water use,Pressure on water resources,SDG 6.4.1. Industrial Water Use Efficiency,Ecuador,2021,52.568838877,US$/m3,E,false
218,Water use,Pressure on water resources,SDG 6.4.1. Industrial Water Use Efficiency,Ecuador,2022,54.573683483,US$/m3,E,false
818,Water use,Pressure on water resources,SDG 6.4.1. Industrial Water Use Efficiency,Egypt,2020,22.003454423,US$/m3,E,false
818,Water use,Pressure on water resources,SDG 6.4.1. Industrial Water Use Efficiency,Egypt,2021,23.144279689,US$/m3,E,false
818,Water use,Pressure on water resources,SDG 6.4.1. Industrial Water Use Efficiency,Egypt,2022,26.086816653,US$/m3,E,false
222,Water use,Pressure on water resources,SDG 6.4.1. Industrial Water Use Efficiency,El Salvador,2020,45.193486265,US$/m3,E,false
222,Water use,Pressure on water resources,SDG 6.4.1. Industrial Water Use Efficiency,El Salvador,2021,54.757058813,US$/m3,E,false
222,Water use,Pressure on water resources,SDG 6.4.1. Industrial Water Use Efficiency,El Salvador,2022,61.485515553,US$/m3,E,false
226,Water use,Pressure on water resources,SDG 6.4.1. Industrial Water Use Efficiency,Equatorial Guinea,2020,1424.45780353,US$/m3,E,false
226,Water use,Pressure on water resources,SDG 6.4.1. Industrial Water Use Efficiency,Equatorial Guinea,2021,1600.641333029,US$/m3,E,false
226,Water use,Pressure on water resources,SDG 6.4.1. Industrial Water Use Efficiency,Equatorial Guinea,2022,1697.746751153,US$/m3,E,false
232,Water use,Pressure on water resources,SDG 6.4.1. Industrial Water Use Efficiency,Eritrea,2020,683.821971998,US$/m3,E,false
232,Water use,Pressure on water resources,SDG 6.4.1. Industrial Water Use Efficiency,Eritrea,2021,704.85983479,US$/m3,E,false
232,Water use,Pressure on water resources,SDG 6.4.1. Industrial Water Use Efficiency,Eritrea,2022,723.38254367,US$/m3,E,false
233,Water use,Pressure on water resources,SDG 6.4.1. Industrial Water Use Efficiency,Estonia,2020,6.655094013,US$/m3,E,false
233,Water use,Pressure on water resources,SDG 6.4.1. Industrial Water Use Efficiency,Estonia,2021,6.081288252,US$/m3,E,false
233,Water use,Pressure on water resources,SDG 6.4.1. Industrial Water Use Efficiency,Estonia,2022,4.895081018,US$/m3,E,false
748,Water use,Pressure on water resources,SDG 6.4.1. Industrial Water Use Efficiency,Eswatini,2020,60.827705354,US$/m3,E,false
748,Water use,Pressure on water resources,SDG 6.4.1. Industrial Water Use Efficiency,Eswatini,2021,67.267164455,US$/m3,E,false
748,Water use,Pressure on water resources,SDG 6.4.1. Industrial Water Use Efficiency,Eswatini,2022,67.603312168,US$/m3,E,false
231,Water use,Pressure on water resources,SDG 6.4.1. Industrial Water Use Efficiency,Ethiopia,2020,399.977152143,US$/m3,E,false
231,Water use,Pressure on water resources,SDG 6.4.1. Industrial Water Use Efficiency,Ethiopia,2021,399.009427246,US$/m3,E,false
231,Water use,Pressure on water resources,SDG 6.4.1. Industrial Water Use Efficiency,Ethiopia,2022,440.105355615,US$/m3,E,false
150,Water use,Pressure on water resources,SDG 6.4.1. Industrial Water Use Efficiency,Europe,2020,31.266418123,US$/m3,E,true
150,Water use,Pressure on water resources,SDG 6.4.1. Industrial Water Use Efficiency,Europe,2021,33.581796526,US$/m3,E,true
150,Water use,Pressure on water resources,SDG 6.4.1. Industrial Water Use Efficiency,Europe,2022,35.624334271,US$/m3,E,true
513,Water use,Pressure on water resources,SDG 6.4.1. Industrial Water Use Efficiency,Europe and Northern America,2020,20.153971793,US$/m3,E,true
513,Water use,Pressure on water resources,SDG 6.4.1. Industrial Water Use Efficiency,Europe and Northern America,2021,21.656076937,US$/m3,E,true
513,Water use,Pressure on water resources,SDG 6.4.1. Industrial Water Use Efficiency,Europe and Northern America,2022,22.879565901,US$/m3,E,true
242,Water use,Pressure on water resources,SDG 6.4.1. Industrial Water Use Efficiency,Fiji,2020,68.687019603,US$/m3,E,false
242,Water use,Pressure on water resources,SDG 6.4.1. Industrial Water Use Efficiency,Fiji,2021,62.074433234,US$/m3,E,false
242,Water use,Pressure on water resources,SDG 6.4.1. Industrial Water Use Efficiency,Fiji,2022,68.204701596,US$/m3,E,false
246,Water use,Pressure on water resources,SDG 6.4.1. Industrial Water Use Efficiency,Finland,2020,26.538617378,US$/m3,E,false
246,Water use,Pressure on water resources,SDG 6.4.1. Industrial Water Use Efficiency,Finland,2021,38.549289229,US$/m3,E,false
246,Water use,Pressure on water resources,SDG 6.4.1. Industrial Water Use Efficiency,Finland,2022,44.800305907,US$/m3,E,false
250,Water use,Pressure on water resources,SDG 6.4.1. Industrial Water Use Efficiency,France,2020,21.870121905,US$/m3,E,false
250,Water use,Pressure on water resources,SDG 6.4.1. Industrial Water Use Efficiency,France,2021,21.744095603,US$/m3,E,false
250,Water use,Pressure on water resources,SDG 6.4.1. Industrial Water Use Efficiency,France,2022,23.184128865,US$/m3,E,false
266,Water use,Pressure on water resources,SDG 6.4.1. Industrial Water Use Efficiency,Gabon,2020,433.209834662,US$/m3,E,false
266,Water use,Pressure on water resources,SDG 6.4.1. Industrial Water Use Efficiency,Gabon,2021,544.133424867,US$/m3,E,false
266,Water use,Pressure on water resources,SDG 6.4.1. Industrial Water Use Efficiency,Gabon,2022,588.81679495,US$/m3,E,false
270,Water use,Pressure on water resources,SDG 6.4.1. Industrial Water Use Efficiency,Gambia,2020,11.609602129,US$/m3,E,false
270,Water use,Pressure on water resources,SDG 6.4.1. Industrial Water Use Efficiency,Gambia,2021,11.58513766,US$/m3,E,false
270,Water use,Pressure on water resources,SDG 6.4.1. Industrial Water Use Efficiency,Gambia,2022,12.770703631,US$/m3,E,false
268,Water use,Pressure on water resources,SDG 6.4.1. Industrial Water Use Efficiency,Georgia,2020,9.080624691,US$/m3,E,false
268,Water use,Pressure on water resources,SDG 6.4.1. Industrial Water Use Efficiency,Georgia,2021,10.013303369,US$/m3,E,false
268,Water use,Pressure on water resources,SDG 6.4.1. Industrial Water Use Efficiency,Georgia,2022,10.16487148,US$/m3,E,false
276,Water use,Pressure on water resources,SDG 6.4.1. Industrial Water Use Efficiency,Germany,2020,58.81413931,US$/m3,E,false
276,Water use,Pressure on water resources,SDG 6.4.1. Industrial Water Use Efficiency,Germany,2021,60.729847266,US$/m3,E,false
276,Water use,Pressure on water resources,SDG 6.4.1. Industrial Water Use Efficiency,Germany,2022,61.893990466,US$/m3,E,false
288,Water use,Pressure on water resources,SDG 6.4.1. Industrial Water Use Efficiency,Ghana,2020,187.420045487,US$/m3,E,false
288,Water use,Pressure on water resources,SDG 6.4.1. Industrial Water Use Efficiency,Ghana,2021,185.465506761,US$/m3,E,false
288,Water use,Pressure on water resources,SDG 6.4.1. Industrial Water Use Efficiency,Ghana,2022,219.298209789,US$/m3,E,false
300,Water use,Pressure on water resources,SDG 6.4.1. Industrial Water Use Efficiency,Greece,2020,59.50911706,US$/m3,E,false
300,Water use,Pressure on water resources,SDG 6.4.1. Industrial Water Use Efficiency,Greece,2021,73.468265226,US$/m3,E,false
300,Water use,Pressure on water resources,SDG 6.4.1. Industrial Water Use Efficiency,Greece,2022,86.30859191,US$/m3,E,false
320,Water use,Pressure on water resources,SDG 6.4.1. Industrial Water Use Efficiency,Guatemala,2020,22.959006771,US$/m3,E,false
320,Water use,Pressure on water resources,SDG 6.4.1. Industrial Water Use Efficiency,Guatemala,2021,24.979643756,US$/m3,E,false
320,Water use,Pressure on water resources,SDG 6.4.1. Industrial Water Use Efficiency,Guatemala,2022,26.460693535,US$/m3,E,false
324,Water use,Pressure on water resources,SDG 6.4.1. Industrial Water Use Efficiency,Guinea,2020,58.935847306,US$/m3,E,false
324,Water use,Pressure on water resources,SDG 6.4.1. Industrial Water Use Efficiency,Guinea,2021,63.724648757,US$/m3,E,false
324,Water use,Pressure on water resources,SDG 6.4.1. Industrial Water Use Efficiency,Guinea,2022,66.656338931,US$/m3,E,false
624,Water use,Pressure on water resources,SDG 6.4.1. Industrial Water Use Efficiency,Guinea-Bissau,2020,13.937180606,US$/m3,E,false
624,Water use,Pressure on water resources,SDG 6.4.1. Industrial Water Use Efficiency,Guinea-Bissau,2021,14.604550996,US$/m3,E,false
624,Water use,Pressure on water resources,SDG 6.4.1. Industrial Water Use Efficiency,Guinea-Bissau,2022,15.479477092,US$/m3,E,false
328,Water use,Pressure on water resources,SDG 6.4.1. Industrial Water Use Efficiency,Guyana,2020,135.530571434,US$/m3,E,false
328,Water use,Pressure on water resources,SDG 6.4.1. Industrial Water Use Efficiency,Guyana,2021,213.931807531,US$/m3,E,false
328,Water use,Pressure on water resources,SDG 6.4.1. Industrial Water Use Efficiency,Guyana,2022,472.526832474,US$/m3,E,false
332,Water use,Pressure on water resources,SDG 6.4.1. Industrial Water Use Efficiency,Haiti,2020,59.547518864,US$/m3,E,false
332,Water use,Pressure on water resources,SDG 6.4.1. Industrial Water Use Efficiency,Haiti,2021,68.674477735,US$/m3,E,false
332,Water use,Pressure on water resources,SDG 6.4.1. Industrial Water Use Efficiency,Haiti,2022,78.369118819,US$/m3,E,false
340,Water use,Pressure on water resources,SDG 6.4.1. Industrial Water Use Efficiency,Honduras,2020,43.001124522,US$/m3,E,false
340,Water use,Pressure on water resources,SDG 6.4.1. Industrial Water Use Efficiency,Honduras,2021,50.184387303,US$/m3,E,false
340,Water use,Pressure on water resources,SDG 6.4.1. Industrial Water Use Efficiency,Honduras,2022,50.917082556,US$/m3,E,false
348,Water use,Pressure on water resources,SDG 6.4.1. Industrial Water Use Efficiency,Hungary,2020,9.103560951,US$/m3,E,false
348,Water use,Pressure on water resources,SDG 6.4.1. Industrial Water Use Efficiency,Hungary,2021,9.962829984,US$/m3,E,false
348,Water use,Pressure on water resources,SDG 6.4.1. Industrial Water Use Efficiency,Hungary,2022,9.657109333,US$/m3,E,false
352,Water use,Pressure on water resources,SDG 6.4.1. Industrial Water Use Efficiency,Iceland,2020,15.577332004,US$/m3,E,false
352,Water use,Pressure on water resources,SDG 6.4.1. Industrial Water Use Efficiency,Iceland,2021,16.39252232,US$/m3,E,false
352,Water use,Pressure on water resources,SDG 6.4.1. Industrial Water Use Efficiency,Iceland,2022,18.375066424,US$/m3,E,false
356,Water use,Pressure on water resources,SDG 6.4.1. Industrial Water Use Efficiency,India,2020,34.197648733,US$/m3,E,false
356,Water use,Pressure on water resources,SDG 6.4.1. Industrial Water Use Efficiency,India,2021,39.313835185,US$/m3,E,false
356,Water use,Pressure on water resources,SDG 6.4.1. Industrial Water Use Efficiency,India,2022,40.783412559,US$/m3,E,false
360,Water use,Pressure on water resources,SDG 6.4.1. Industrial Water Use Efficiency,Indonesia,2020,41.63963453,US$/m3,E,false
360,Water use,Pressure on water resources,SDG 6.4.1. Industrial Water Use Efficiency,Indonesia,2021,45.130878824,US$/m3,E,false
360,Water use,Pressure on water resources,SDG 6.4.1. Industrial Water Use Efficiency,Indonesia,2022,49.548270795,US$/m3,E,false
364,Water use,Pressure on water resources,SDG 6.4.1. Industrial Water Use Efficiency,Iran (Islamic Republic of),2020,108.393166193,US$/m3,E,false
364,Water use,Pressure on water resources,SDG 6.4.1. Industrial Water Use Efficiency,Iran (Islamic Republic of),2021,116.43969829,US$/m3,E,false
364,Water use,Pressure on water resources,SDG 6.4.1. Industrial Water Use Efficiency,Iran (Islamic Republic of),2022,121.807077855,US$/m3,E,false
368,Water use,Pressure on water resources,SDG 6.4.1. Industrial Water Use Efficiency,Iraq,2020,17.249142536,US$/m3,E,false
368,Water use,Pressure on water resources,SDG 6.4.1. Industrial Water Use Efficiency,Iraq,2021,20.741369513,US$/m3,E,false
368,Water use,Pressure on water resources,SDG 6.4.1. Industrial Water Use Efficiency,Iraq,2022,26.173595109,US$/m3,E,false
372,Water use,Pressure on water resources,SDG 6.4.1. Industrial Water Use Efficiency,Ireland,2020,278.167446785,US$/m3,E,false
372,Water use,Pressure on water resources,SDG 6.4.1. Industrial Water Use Efficiency,Ireland,2021,321.139227711,US$/m3,E,false
372,Water use,Pressure on water resources,SDG 6.4.1. Industrial Water Use Efficiency,Ireland,2022,376.954960733,US$/m3,E,false
376,Water use,Pressure on water resources,SDG 6.4.1. Industrial Water Use Efficiency,Israel,2020,545.12546697,US$/m3,E,false
376,Water use,Pressure on water resources,SDG 6.4.1. Industrial Water Use Efficiency,Israel,2021,563.998563553,US$/m3,E,false
376,Water use,Pressure on water resources,SDG 6.4.1. Industrial Water Use Efficiency,Israel,2022,638.326964883,US$/m3,E,false
380,Water use,Pressure on water resources,SDG 6.4.1. Industrial Water Use Efficiency,Italy,2020,42.526578833,US$/m3,E,false
380,Water use,Pressure on water resources,SDG 6.4.1. Industrial Water Use Efficiency,Italy,2021,47.840586661,US$/m3,E,false
380,Water use,Pressure on water resources,SDG 6.4.1. Industrial Water Use Efficiency,Italy,2022,48.145068012,US$/m3,E,false
388,Water use,Pressure on water resources,SDG 6.4.1. Industrial Water Use Efficiency,Jamaica,2020,68.060675569,US$/m3,E,false
388,Water use,Pressure on water resources,SDG 6.4.1. Industrial Water Use Efficiency,Jamaica,2021,56.405185215,US$/m3,E,false
388,Water use,Pressure on water resources,SDG 6.4.1. Industrial Water Use Efficiency,Jamaica,2022,55.126713918,US$/m3,E,false
392,Water use,Pressure on water resources,SDG 6.4.1. Industrial Water Use Efficiency,Japan,2020,86.53644139,US$/m3,E,false
392,Water use,Pressure on water resources,SDG 6.4.1. Industrial Water Use Efficiency,Japan,2021,89.15425608,US$/m3,E,false
392,Water use,Pressure on water resources,SDG 6.4.1. Industrial Water Use Efficiency,Japan,2022,89.337622633,US$/m3,E,false
400,Water use,Pressure on water resources,SDG 6.4.1. Industrial Water Use Efficiency,Jordan,2020,245.512215982,US$/m3,E,false
400,Water use,Pressure on water resources,SDG 6.4.1. Industrial Water Use Efficiency,Jordan,2021,254.846544691,US$/m3,E,false
400,Water use,Pressure on water resources,SDG 6.4.1. Industrial Water Use Efficiency,Jordan,2022,267.562831056,US$/m3,E,false
398,Water use,Pressure on water resources,SDG 6.4.1. Industrial Water Use Efficiency,Kazakhstan,2020,14.563966815,US$/m3,E,false
398,Water use,Pressure on water resources,SDG 6.4.1. Industrial Water Use Efficiency,Kazakhstan,2021,12.352399863,US$/m3,E,false
398,Water use,Pressure on water resources,SDG 6.4.1. Industrial Water Use Efficiency,Kazakhstan,2022,12.646350051,US$/m3,E,false
404,Water use,Pressure on water resources,SDG 6.4.1. Industrial Water Use Efficiency,Kenya,2020,42.486523012,US$/m3,E,false
404,Water use,Pressure on water resources,SDG 6.4.1. Industrial Water Use Efficiency,Kenya,2021,45.34324703,US$/m3,E,false
404,Water use,Pressure on water resources,SDG 6.4.1. Industrial Water Use Efficiency,Kenya,2022,49.639736762,US$/m3,E,false
414,Water use,Pressure on water resources,SDG 6.4.1. Industrial Water Use Efficiency,Kuwait,2020,1932.331076154,US$/m3,E,false
414,Water use,Pressure on water resources,SDG 6.4.1. Industrial Water Use Efficiency,Kuwait,2021,2365.358772995,US$/m3,E,false
414,Water use,Pressure on water resources,SDG 6.4.1. Industrial Water Use Efficiency,Kuwait,2022,2484.644888175,US$/m3,E,false
417,Water use,Pressure on water resources,SDG 6.4.1. Industrial Water Use Efficiency,Kyrgyzstan,2020,5.527354547,US$/m3,E,false
417,Water use,Pressure on water resources,SDG 6.4.1. Industrial Water Use Efficiency,Kyrgyzstan,2021,5.417101533,US$/m3,E,false
417,Water use,Pressure on water resources,SDG 6.4.1. Industrial Water Use Efficiency,Kyrgyzstan,2022,5.479449568,US$/m3,E,false
432,Water use,Pressure on water resources,SDG 6.4.1. Industrial Water Use Efficiency,Land Locked Developing Countries,2020,20.648088606,US$/m3,E,true
432,Water use,Pressure on water resources,SDG 6.4.1. Industrial Water Use Efficiency,Land Locked Developing Countries,2021,20.401350643,US$/m3,E,true
432,Water use,Pressure on water resources,SDG 6.4.1. Industrial Water Use Efficiency,Land Locked Developing Countries,2022,22.387113612,US$/m3,E,true
418,Water use,Pressure on water resources,SDG 6.4.1. Industrial Water Use Efficiency,Lao People's Democratic Republic,2020,24.128644937,US$/m3,E,false
418,Water use,Pressure on water resources,SDG 6.4.1. Industrial Water Use Efficiency,Lao People's Democratic Republic,2021,25.396153135,US$/m3,E,false
418,Water use,Pressure on water resources,SDG 6.4.1. Industrial Water Use Efficiency,Lao People's Democratic Republic,2022,16.165398443,US$/m3,E,false
419,Water use,Pressure on water resources,SDG 6.4.1. Industrial Water Use Efficiency,Latin America and the Caribbean,2020,33.032389415,US$/m3,E,true
419,Water use,Pressure on water resources,SDG 6.4.1. Industrial Water Use Efficiency,Latin America and the Caribbean,2021,39.324909328,US$/m3,E,true
419,Water use,Pressure on water resources,SDG 6.4.1. Industrial Water Use Efficiency,Latin America and the Caribbean,2022,41.809259644,US$/m3,E,true
428,Water use,Pressure on water resources,SDG 6.4.1. Industrial Water Use Efficiency,Latvia,2020,163.017940697,US$/m3,E,false
428,Water use,Pressure on water resources,SDG 6.4.1. Industrial Water Use Efficiency,Latvia,2021,158.105585046,US$/m3,E,false
428,Water use,Pressure on water resources,SDG 6.4.1. Industrial Water Use Efficiency,Latvia,2022,188.644104454,US$/m3,E,false
199,Water use,Pressure on water resources,SDG 6.4.1. Industrial Water Use Efficiency,Least Developed Countries,2020,96.861957746,US$/m3,E,true
199,Water use,Pressure on water resources,SDG 6.4.1. Industrial Water Use Efficiency,Least Developed Countries,2021,104.22574813,US$/m3,E,true
199,Water use,Pressure on water resources,SDG 6.4.1. Industrial Water Use Efficiency,Least Developed Countries,2022,108.93268159,US$/m3,E,true
422,Water use,Pressure on water resources,SDG 6.4.1. Industrial Water Use Efficiency,Lebanon,2020,5.938905996,US$/m3,E,false
422,Water use,Pressure on water resources,SDG 6.4.1. Industrial Water Use Efficiency,Lebanon,2021,2.619227741,US$/m3,E,false
422,Water use,Pressure on water resources,SDG 6.4.1. Industrial Water Use Efficiency,Lebanon,2022,3.948002234,US$/m3,E,false
426,Water use,Pressure on water resources,SDG 6.4.1. Industrial Water Use Efficiency,Lesotho,2020,27.688092948,US$/m3,E,false
426,Water use,Pressure on water resources,SDG 6.4.1. Industrial Water Use Efficiency,Lesotho,2021,29.709258575,US$/m3,E,false
426,Water use,Pressure on water resources,SDG 6.4.1. Industrial Water Use Efficiency,Lesotho,2022,27.971967991,US$/m3,E,false
430,Water use,Pressure on water resources,SDG 6.4.1. Industrial Water Use Efficiency,Liberia,2020,3.595903643,US$/m3,E,false
430,Water use,Pressure on water resources,SDG 6.4.1. Industrial Water Use Efficiency,Liberia,2021,3.740833669,US$/m3,E,false
430,Water use,Pressure on water resources,SDG 6.4.1. Industrial Water Use Efficiency,Liberia,2022,3.999279218,US$/m3,E,false
434,Water use,Pressure on water resources,SDG 6.4.1. Industrial Water Use Efficiency,Libya,2020,66.767387697,US$/m3,E,false
434,Water use,Pressure on water resources,SDG 6.4.1. Industrial Water Use Efficiency,Libya,2021,90.106769337,US$/m3,E,false
434,Water use,Pressure on water resources,SDG 6.4.1. Industrial Water Use Efficiency,Libya,2022,72.388537909,US$/m3,E,false
440,Water use,Pressure on water resources,SDG 6.4.1. Industrial Water Use Efficiency,Lithuania,2020,55.321318858,US$/m3,E,false
440,Water use,Pressure on water resources,SDG 6.4.1. Industrial Water Use Efficiency,Lithuania,2021,76.80148688,US$/m3,E,false
440,Water use,Pressure on water resources,SDG 6.4.1. Industrial Water Use Efficiency,Lithuania,2022,136.102003175,US$/m3,E,false
442,Water use,Pressure on water resources,SDG 6.4.1. Industrial Water Use Efficiency,Luxembourg,2020,1483.585926082,US$/m3,I,false
442,Water use,Pressure on water resources,SDG 6.4.1. Industrial Water Use Efficiency,Luxembourg,2021,1180.809742277,US$/m3,E,false
442,Water use,Pressure on water resources,SDG 6.4.1. Industrial Water Use Efficiency,Luxembourg,2022,3561.961785702,US$/m3,E,false
450,Water use,Pressure on water resources,SDG 6.4.1. Industrial Water Use Efficiency,Madagascar,2020,14.100239684,US$/m3,E,false
450,Water use,Pressure on water resources,SDG 6.4.1. Industrial Water Use Efficiency,Madagascar,2021,16.768118207,US$/m3,E,false
450,Water use,Pressure on water resources,SDG 6.4.1. Industrial Water Use Efficiency,Madagascar,2022,17.930289744,US$/m3,E,false
454,Water use,Pressure on water resources,SDG 6.4.1. Industrial Water Use Efficiency,Malawi,2020,36.32169625,US$/m3,E,false
454,Water use,Pressure on water resources,SDG 6.4.1. Industrial Water Use Efficiency,Malawi,2021,37.22568662,US$/m3,E,false
454,Water use,Pressure on water resources,SDG 6.4.1. Industrial Water Use Efficiency,Malawi,2022,34.848775441,US$/m3,E,false
458,Water use,Pressure on water resources,SDG 6.4.1. Industrial Water Use Efficiency,Malaysia,2020,69.684229901,US$/m3,E,false
458,Water use,Pressure on water resources,SDG 6.4.1. Industrial Water Use Efficiency,Malaysia,2021,75.996492528,US$/m3,E,false
458,Water use,Pressure on water resources,SDG 6.4.1. Industrial Water Use Efficiency,Malaysia,2022,86.248069783,US$/m3,E,false
462,Water use,Pressure on water resources,SDG 6.4.1. Industrial Water Use Efficiency,Maldives,2020,1141.201770451,US$/m3,E,false
462,Water use,Pressure on water resources,SDG 6.4.1. Industrial Water Use Efficiency,Maldives,2021,1209.873073939,US$/m3,E,false
462,Water use,Pressure on water resources,SDG 6.4.1. Industrial Water Use Efficiency,Maldives,2022,1559.556329782,US$/m3,E,false
466,Water use,Pressure on water resources,SDG 6.4.1. Industrial Water Use Efficiency,Mali,2020,924.720898933,US$/m3,E,false
466,Water use,Pressure on water resources,SDG 6.4.1. Industrial Water Use Efficiency,Mali,2021,929.632411329,US$/m3,E,false
466,Water use,Pressure on water resources,SDG 6.4.1. Industrial Water Use Efficiency,Mali,2022,965.579065515,US$/m3,E,false
470,Water use,Pressure on water resources,SDG 6.4.1. Industrial Water Use Efficiency,Malta,2020,1611.026948873,US$/m3,E,false
470,Water use,Pressure on water resources,SDG 6.4.1. Industrial Water Use Efficiency,Malta,2021,1671.320999468,US$/m3,E,false
470,Water use,Pressure on water resources,SDG 6.4.1. Industrial Water Use Efficiency,Malta,2022,1789.524786896,US$/m3,E,false
478,Water use,Pressure on water resources,SDG 6.4.1. Industrial Water Use Efficiency,Mauritania,2020,69.072042601,US$/m3,E,false
478,Water use,Pressure on water resources,SDG 6.4.1. Industrial Water Use Efficiency,Mauritania,2021,72.325097103,US$/m3,E,false
478,Water use,Pressure on water resources,SDG 6.4.1. Industrial Water Use Efficiency,Mauritania,2022,72.783579722,US$/m3,E,false
480,Water use,Pressure on water resources,SDG 6.4.1. Industrial Water Use Efficiency,Mauritius,2020,196.721199073,US$/m3,E,false
480,Water use,Pressure on water resources,SDG 6.4.1. Industrial Water Use Efficiency,Mauritius,2021,227.769208426,US$/m3,E,false
480,Water use,Pressure on water resources,SDG 6.4.1. Industrial Water Use Efficiency,Mauritius,2022,225.909385407,US$/m3,E,false
484,Water use,Pressure on water resources,SDG 6.4.1. Industrial Water Use Efficiency,Mexico,2020,39.748899059,US$/m3,E,false
484,Water use,Pressure on water resources,SDG 6.4.1. Industrial Water Use Efficiency,Mexico,2021,43.971364442,US$/m3,E,false
484,Water use,Pressure on water resources,SDG 6.4.1. Industrial Water Use Efficiency,Mexico,2022,50.462564576,US$/m3,E,false
496,Water use,Pressure on water resources,SDG 6.4.1. Industrial Water Use Efficiency,Mongolia,2020,28.241675976,US$/m3,E,false
496,Water use,Pressure on water resources,SDG 6.4.1. Industrial Water Use Efficiency,Mongolia,2021,28.907704324,US$/m3,E,false
496,Water use,Pressure on water resources,SDG 6.4.1. Industrial Water Use Efficiency,Mongolia,2022,29.075534139,US$/m3,E,false
499,Water use,Pressure on water resources,SDG 6.4.1. Industrial Water Use Efficiency,Montenegro,2020,0.214547602,US$/m3,E,false
499,Water use,Pressure on water resources,SDG 6.4.1. Industrial Water Use Efficiency,Montenegro,2021,0.149040327,US$/m3,E,false
499,Water use,Pressure on water resources,SDG 6.4.1. Industrial Water Use Efficiency,Montenegro,2022,0.207653916,US$/m3,E,false
504,Water use,Pressure on water resources,SDG 6.4.1. Industrial Water Use Efficiency,Morocco,2020,127.313929272,US$/m3,E,false
504,Water use,Pressure on water resources,SDG 6.4.1. Industrial Water Use Efficiency,Morocco,2021,138.002170788,US$/m3,E,false
504,Water use,Pressure on water resources,SDG 6.4.1. Industrial Water Use Efficiency,Morocco,2022,150.311547383,US$/m3,E,false
508,Water use,Pressure on water resources,SDG 6.4.1. Industrial Water Use Efficiency,Mozambique,2020,137.909316869,US$/m3,E,false
508,Water use,Pressure on water resources,SDG 6.4.1. Industrial Water Use Efficiency,Mozambique,2021,143.825429242,US$/m3,E,false
508,Water use,Pressure on water resources,SDG 6.4.1. Industrial Water Use Efficiency,Mozambique,2022,157.250250729,US$/m3,E,false
104,Water use,Pressure on water resources,SDG 6.4.1. Industrial Water Use Efficiency,Myanmar,2020,53.690499477,US$/m3,E,false
104,Water use,Pressure on water resources,SDG 6.4.1. Industrial Water Use Efficiency,Myanmar,2021,54.319929156,US$/m3,E,false
104,Water use,Pressure on water resources,SDG 6.4.1. Industrial Water Use Efficiency,Myanmar,2022,58.251143756,US$/m3,E,false
516,Water use,Pressure on water resources,SDG 6.4.1. Industrial Water Use Efficiency,Namibia,2020,131.58632477,US$/m3,E,false
516,Water use,Pressure on water resources,SDG 6.4.1. Industrial Water Use Efficiency,Namibia,2021,124.790313396,US$/m3,E,false
516,Water use,Pressure on water resources,SDG 6.4.1. Industrial Water Use Efficiency,Namibia,2022,149.538028491,US$/m3,E,false
524,Water use,Pressure on water resources,SDG 6.4.1. Industrial Water Use Efficiency,Nepal,2020,103.241625096,US$/m3,E,false
524,Water use,Pressure on water resources,SDG 6.4.1. Industrial Water Use Efficiency,Nepal,2021,106.774006344,US$/m3,E,false
524,Water use,Pressure on water resources,SDG 6.4.1. Industrial Water Use Efficiency,Nepal,2022,112.222857464,US$/m3,E,false
528,Water use,Pressure on water resources,SDG 6.4.1. Industrial Water Use Efficiency,Netherlands (Kingdom of the),2020,21.64509223,US$/m3,E,false
528,Water use,Pressure on water resources,SDG 6.4.1. Industrial Water Use Efficiency,Netherlands (Kingdom of the),2021,24.254166326,US$/m3,E,false
528,Water use,Pressure on water resources,SDG 6.4.1. Industrial Water Use Efficiency,Netherlands (Kingdom of the),2022,26.688694248,US$/m3,E,false
554,Water use,Pressure on water resources,SDG 6.4.1. Industrial Water Use Efficiency,New Zealand,2020,29.868342882,US$/m3,E,false
554,Water use,Pressure on water resources,SDG 6.4.1. Industrial Water Use Efficiency,New Zealand,2021,29.582797862,US$/m3,E,false
554,Water use,Pressure on water resources,SDG 6.4.1. Industrial Water Use Efficiency,New Zealand,2022,31.716030693,US$/m3,E,false
558,Water use,Pressure on water resources,SDG 6.4.1. Industrial Water Use Efficiency,Nicaragua,2020,4657.142158427,US$/m3,E,false
558,Water use,Pressure on water resources,SDG 6.4.1. Industrial Water Use Efficiency,Nicaragua,2021,5542.050048642,US$/m3,E,false
558,Water use,Pressure on water resources,SDG 6.4.1. Industrial Water Use Efficiency,Nicaragua,2022,5539.631462387,US$/m3,E,false
562,Water use,Pressure on water resources,SDG 6.4.1. Industrial Water Use Efficiency,Niger,2020,60.787429977,US$/m3,E,false
562,Water use,Pressure on water resources,SDG 6.4.1. Industrial Water Use Efficiency,Niger,2021,63.32137656,US$/m3,E,false
562,Water use,Pressure on water resources,SDG 6.4.1. Industrial Water Use Efficiency,Niger,2022,69.980274994,US$/m3,E,false
566,Water use,Pressure on water resources,SDG 6.4.1. Industrial Water Use Efficiency,Nigeria,2020,69.502094353,US$/m3,E,false
566,Water use,Pressure on water resources,SDG 6.4.1. Industrial Water Use Efficiency,Nigeria,2021,79.850514931,US$/m3,E,false
566,Water use,Pressure on water resources,SDG 6.4.1. Industrial Water Use Efficiency,Nigeria,2022,81.115575237,US$/m3,E,false
807,Water use,Pressure on water resources,SDG 6.4.1. Industrial Water Use Efficiency,North Macedonia,2020,134.051673656,US$/m3,E,false
807,Water use,Pressure on water resources,SDG 6.4.1. Industrial Water Use Efficiency,North Macedonia,2021,163.719343921,US$/m3,E,false
807,Water use,Pressure on water resources,SDG 6.4.1. Industrial Water Use Efficiency,North Macedonia,2022,69.925982739,US$/m3,E,false
15,Water use,Pressure on water resources,SDG 6.4.1. Industrial Water Use Efficiency,Northern Africa,2020,39.449035554,US$/m3,E,true
15,Water use,Pressure on water resources,SDG 6.4.1. Industrial Water Use Efficiency,Northern Africa,2021,44.337424316,US$/m3,E,true
15,Water use,Pressure on water resources,SDG 6.4.1. Industrial Water Use Efficiency,Northern Africa,2022,46.070861845,US$/m3,E,true
747,Water use,Pressure on water resources,SDG 6.4.1. Industrial Water Use Efficiency,Northern Africa and Western Asia,2020,79.25945505,US$/m3,E,true
747,Water use,Pressure on water resources,SDG 6.4.1. Industrial Water Use Efficiency,Northern Africa and Western Asia,2021,90.151511433,US$/m3,E,true
747,Water use,Pressure on water resources,SDG 6.4.1. Industrial Water Use Efficiency,Northern Africa and Western Asia,2022,102.113911133,US$/m3,E,true
21,Water use,Pressure on water resources,SDG 6.4.1. Industrial Water Use Efficiency,Northern America,2020,14.324030649,US$/m3,E,true
21,Water use,Pressure on water resources,SDG 6.4.1. Industrial Water Use Efficiency,Northern America,2021,15.346428693,US$/m3,E,true
21,Water use,Pressure on water resources,SDG 6.4.1. Industrial Water Use Efficiency,Northern America,2022,16.194582235,US$/m3,E,true
578,Water use,Pressure on water resources,SDG 6.4.1. Industrial Water Use Efficiency,Norway,2020,93.254230781,US$/m3,E,false
578,Water use,Pressure on water resources,SDG 6.4.1. Industrial Water Use Efficiency,Norway,2021,129.819358103,US$/m3,E,false
578,Water use,Pressure on water resources,SDG 6.4.1. Industrial Water Use Efficiency,Norway,2022,181.380239742,US$/m3,E,false
9,Water use,Pressure on water resources,SDG 6.4.1. Industrial Water Use Efficiency,Oceania,2020,83.695470097,US$/m3,E,true
9,Water use,Pressure on water resources,SDG 6.4.1. Industrial Water Use Efficiency,Oceania,2021,90.035463932,US$/m3,E,true
9,Water use,Pressure on water resources,SDG 6.4.1. Industrial Water Use Efficiency,Oceania,2022,94.93923027,US$/m3,E,true
543,Water use,Pressure on water resources,SDG 6.4.1. Industrial Water Use Efficiency,Oceania (excluding Australia and New Zealand),2020,61.643205007,US$/m3,E,true
543,Water use,Pressure on water resources,SDG 6.4.1. Industrial Water Use Efficiency,Oceania (excluding Australia and New Zealand),2021,62.344346995,US$/m3,E,true
543,Water use,Pressure on water resources,SDG 6.4.1. Industrial Water Use Efficiency,Oceania (excluding Australia and New Zealand),2022,74.404976117,US$/m3,E,true
512,Water use,Pressure on water resources,SDG 6.4.1. Industrial Water Use Efficiency,Oman,2020,149.710886263,US$/m3,E,false
512,Water use,Pressure on water resources,SDG 6.4.1. Industrial Water Use Efficiency,Oman,2021,166.676382468,US$/m3,E,false
512,Water use,Pressure on water resources,SDG 6.4.1. Industrial Water Use Efficiency,Oman,2022,171.020282651,US$/m3,E,false
586,Water use,Pressure on water resources,SDG 6.4.1. Industrial Water Use Efficiency,Pakistan,2020,42.236537239,US$/m3,E,false
586,Water use,Pressure on water resources,SDG 6.4.1. Industrial Water Use Efficiency,Pakistan,2021,45.055387573,US$/m3,E,false
586,Water use,Pressure on water resources,SDG 6.4.1. Industrial Water Use Efficiency,Pakistan,2022,51.828741039,US$/m3,E,false
275,Water use,Pressure on water resources,SDG 6.4.1. Industrial Water Use Efficiency,Palestine,2020,63.759946388,US$/m3,E,false
275,Water use,Pressure on water resources,SDG 6.4.1. Industrial Water Use Efficiency,Palestine,2021,63.164430903,US$/m3,E,false
275,Water use,Pressure on water resources,SDG 6.4.1. Industrial Water Use Efficiency,Palestine,2022,69.547488989,US$/m3,E,false
591,Water use,Pressure on water resources,SDG 6.4.1. Industrial Water Use Efficiency,Panama,2020,1836.361777364,US$/m3,E,false
591,Water use,Pressure on water resources,SDG 6.4.1. Industrial Water Use Efficiency,Panama,2021,2447.505106883,US$/m3,E,false
591,Water use,Pressure on water resources,SDG 6.4.1. Industrial Water Use Efficiency,Panama,2022,2722.991722945,US$/m3,E,false
598,Water use,Pressure on water resources,SDG 6.4.1. Industrial Water Use Efficiency,Papua New Guinea,2020,45.642461928,US$/m3,E,false
598,Water use,Pressure on water resources,SDG 6.4.1. Industrial Water Use Efficiency,Papua New Guinea,2021,46.857993382,US$/m3,E,false
598,Water use,Pressure on water resources,SDG 6.4.1. Industrial Water Use Efficiency,Papua New Guinea,2022,58.874998373,US$/m3,E,false
600,Water use,Pressure on water resources,SDG 6.4.1. Industrial Water Use Efficiency,Paraguay,2020,68.375436076,US$/m3,E,false
600,Water use,Pressure on water resources,SDG 6.4.1. Industrial Water Use Efficiency,Paraguay,2021,74.882513762,US$/m3,E,false
600,Water use,Pressure on water resources,SDG 6.4.1. Industrial Water Use Efficiency,Paraguay,2022,73.386787034,US$/m3,E,false
604,Water use,Pressure on water resources,SDG 6.4.1. Industrial Water Use Efficiency,Peru,2020,14.982994034,US$/m3,E,false
604,Water use,Pressure on water resources,SDG 6.4.1. Industrial Water Use Efficiency,Peru,2021,44.523637584,US$/m3,E,false
604,Water use,Pressure on water resources,SDG 6.4.1. Industrial Water Use Efficiency,Peru,2022,42.453614047,US$/m3,E,false
608,Water use,Pressure on water resources,SDG 6.4.1. Industrial Water Use Efficiency,Philippines,2020,8.427371639,US$/m3,E,false
608,Water use,Pressure on water resources,SDG 6.4.1. Industrial Water Use Efficiency,Philippines,2021,8.118050637,US$/m3,E,false
608,Water use,Pressure on water resources,SDG 6.4.1. Industrial Water Use Efficiency,Philippines,2022,7.710465094,US$/m3,E,false
616,Water use,Pressure on water resources,SDG 6.4.1. Industrial Water Use Efficiency,Poland,2020,23.241975215,US$/m3,E,false
616,Water use,Pressure on water resources,SDG 6.4.1. Industrial Water Use Efficiency,Poland,2021,23.032333641,US$/m3,E,false
616,Water use,Pressure on water resources,SDG 6.4.1. Industrial Water Use Efficiency,Poland,2022,24.605571923,US$/m3,E,false
620,Water use,Pressure on water resources,SDG 6.4.1. Industrial Water Use Efficiency,Portugal,2020,18.30488229,US$/m3,E,false
620,Water use,Pressure on water resources,SDG 6.4.1. Industrial Water Use Efficiency,Portugal,2021,19.556934809,US$/m3,E,false
620,Water use,Pressure on water resources,SDG 6.4.1. Industrial Water Use Efficiency,Portugal,2022,20.449060893,US$/m3,E,false
630,Water use,Pressure on water resources,SDG 6.4.1. Industrial Water Use Efficiency,Puerto Rico,2020,19.033865229,US$/m3,E,false
630,Water use,Pressure on water resources,SDG 6.4.1. Industrial Water Use Efficiency,Puerto Rico,2021,18.351628166,US$/m3,E,false
630,Water use,Pressure on water resources,SDG 6.4.1. Industrial Water Use Efficiency,Puerto Rico,2022,17.897956405,US$/m3,E,false
634,Water use,Pressure on water resources,SDG 6.4.1. Industrial Water Use Efficiency,Qatar,2020,1869.991204023,US$/m3,E,false
634,Water use,Pressure on water resources,SDG 6.4.1. Industrial Water Use Efficiency,Qatar,2021,2469.296559829,US$/m3,E,false
634,Water use,Pressure on water resources,SDG 6.4.1. Industrial Water Use Efficiency,Qatar,2022,2776.379309973,US$/m3,E,false
410,Water use,Pressure on water resources,SDG 6.4.1. Industrial Water Use Efficiency,Republic of Korea,2020,110.901728403,US$/m3,E,false
410,Water use,Pressure on water resources,SDG 6.4.1. Industrial Water Use Efficiency,Republic of Korea,2021,117.17661027,US$/m3,E,false
410,Water use,Pressure on water resources,SDG 6.4.1. Industrial Water Use Efficiency,Republic of Korea,2022,120.804739484,US$/m3,E,false
498,Water use,Pressure on water resources,SDG 6.4.1. Industrial Water Use Efficiency,Republic of Moldova,2020,2.956890911,US$/m3,E,false
498,Water use,Pressure on water resources,SDG 6.4.1. Industrial Water Use Efficiency,Republic of Moldova,2021,2.958270899,US$/m3,E,false
498,Water use,Pressure on water resources,SDG 6.4.1. Industrial Water Use Efficiency,Republic of Moldova,2022,2.693162505,US$/m3,E,false
642,Water use,Pressure on water resources,SDG 6.4.1. Industrial Water Use Efficiency,Romania,2020,12.085306115,US$/m3,E,false
642,Water use,Pressure on water resources,SDG 6.4.1. Industrial Water Use Efficiency,Romania,2021,12.238859531,US$/m3,E,false
642,Water use,Pressure on water resources,SDG 6.4.1. Industrial Water Use Efficiency,Romania,2022,15.343802434,US$/m3,E,false
643,Water use,Pressure on water resources,SDG 6.4.1. Industrial Water Use Efficiency,Russian Federation,2020,13.228481307,US$/m3,E,false
643,Water use,Pressure on water resources,SDG 6.4.1. Industrial Water Use Efficiency,Russian Federation,2021,14.793998382,US$/m3,E,false
643,Water use,Pressure on water resources,SDG 6.4.1. Industrial Water Use Efficiency,Russian Federation,2022,14.910156338,US$/m3,E,false
646,Water use,Pressure on water resources,SDG 6.4.1. Industrial Water Use Efficiency,Rwanda,2020,184.209046427,US$/m3,E,false
646,Water use,Pressure on water resources,SDG 6.4.1. Industrial Water Use Efficiency,Rwanda,2021,226.296021403,US$/m3,E,false
646,Water use,Pressure on water resources,SDG 6.4.1. Industrial Water Use Efficiency,Rwanda,2022,262.613830998,US$/m3,E,false
670,Water use,Pressure on water resources,SDG 6.4.1. Industrial Water Use Efficiency,Saint Vincent and the Grenadines,2020,39400.350459912,US$/m3,E,false
670,Water use,Pressure on water resources,SDG 6.4.1. Industrial Water Use Efficiency,Saint Vincent and the Grenadines,2021,42122.053607885,US$/m3,E,false
670,Water use,Pressure on water resources,SDG 6.4.1. Industrial Water Use Efficiency,Saint Vincent and the Grenadines,2022,48183.156356599,US$/m3,E,false
678,Water use,Pressure on water resources,SDG 6.4.1. Industrial Water Use Efficiency,Sao Tome and Principe,2020,70.12744064,US$/m3,E,false
678,Water use,Pressure on water resources,SDG 6.4.1. Industrial Water Use Efficiency,Sao Tome and Principe,2021,73.240016469,US$/m3,E,false
678,Water use,Pressure on water resources,SDG 6.4.1. Industrial Water Use Efficiency,Sao Tome and Principe,2022,72.3373631,US$/m3,E,false
682,Water use,Pressure on water resources,SDG 6.4.1. Industrial Water Use Efficiency,Saudi Arabia,2020,183.568639936,US$/m3,E,false
682,Water use,Pressure on water resources,SDG 6.4.1. Industrial Water Use Efficiency,Saudi Arabia,2021,218.698151338,US$/m3,E,false
682,Water use,Pressure on water resources,SDG 6.4.1. Industrial Water Use Efficiency,Saudi Arabia,2022,286.287808019,US$/m3,E,false
686,Water use,Pressure on water resources,SDG 6.4.1. Industrial Water Use Efficiency,Senegal,2020,3410.939755513,US$/m3,E,false
686,Water use,Pressure on water resources,SDG 6.4.1. Industrial Water Use Efficiency,Senegal,2021,3798.13533213,US$/m3,E,false
686,Water use,Pressure on water resources,SDG 6.4.1. Industrial Water Use Efficiency,Senegal,2022,3766.894777363,US$/m3,E,false
688,Water use,Pressure on water resources,SDG 6.4.1. Industrial Water Use Efficiency,Serbia,2020,2.331905555,US$/m3,E,false
688,Water use,Pressure on water resources,SDG 6.4.1. Industrial Water Use Efficiency,Serbia,2021,2.754701578,US$/m3,E,false
688,Water use,Pressure on water resources,SDG 6.4.1. Industrial Water Use Efficiency,Serbia,2022,2.727291602,US$/m3,E,false
690,Water use,Pressure on water resources,SDG 6.4.1. Industrial Water Use Efficiency,Seychelles,2020,54.820033466,US$/m3,E,false
690,Water use,Pressure on water resources,SDG 6.4.1. Industrial Water Use Efficiency,Seychelles,2021,45.390950199,US$/m3,E,false
690,Water use,Pressure on water resources,SDG 6.4.1. Industrial Water Use Efficiency,Seychelles,2022,41.891519938,US$/m3,E,false
694,Water use,Pressure on water resources,SDG 6.4.1. Industrial Water Use Efficiency,Sierra Leone,2020,4.500567832,US$/m3,E,false
694,Water use,Pressure on water resources,SDG 6.4.1. Industrial Water Use Efficiency,Sierra Leone,2021,5.333258899,US$/m3,E,false
694,Water use,Pressure on water resources,SDG 6.4.1. Industrial Water Use Efficiency,Sierra Leone,2022,6.11308021,US$/m3,E,false
702,Water use,Pressure on water resources,SDG 6.4.1. Industrial Water Use Efficiency,Singapore,2020,220.36547021,US$/m3,E,false
702,Water use,Pressure on water resources,SDG 6.4.1. Industrial Water Use Efficiency,Singapore,2021,341.518635074,US$/m3,E,false
702,Water use,Pressure on water resources,SDG 6.4.1. Industrial Water Use Efficiency,Singapore,2022,540.217726942,US$/m3,E,false
703,Water use,Pressure on water resources,SDG 6.4.1. Industrial Water Use Efficiency,Slovakia,2020,100.582776064,US$/m3,E,false
703,Water use,Pressure on water resources,SDG 6.4.1. Industrial Water Use Efficiency,Slovakia,2021,110.682638281,US$/m3,E,false
703,Water use,Pressure on water resources,SDG 6.4.1. Industrial Water Use Efficiency,Slovakia,2022,120.7062056,US$/m3,E,false
705,Water use,Pressure on water resources,SDG 6.4.1. Industrial Water Use Efficiency,Slovenia,2020,15.173072443,US$/m3,E,false
705,Water use,Pressure on water resources,SDG 6.4.1. Industrial Water Use Efficiency,Slovenia,2021,17.711889351,US$/m3,E,false
705,Water use,Pressure on water resources,SDG 6.4.1. Industrial Water Use Efficiency,Slovenia,2022,21.708760128,US$/m3,E,false
722,Water use,Pressure on water resources,SDG 6.4.1. Industrial Water Use Efficiency,Small Island Developing States,2020,39.779256942,US$/m3,E,true
722,Water use,Pressure on water resources,SDG 6.4.1. Industrial Water Use Efficiency,Small Island Developing States,2021,44.099865432,US$/m3,E,true
722,Water use,Pressure on water resources,SDG 6.4.1. Industrial Water Use Efficiency,Small Island Developing States,2022,47.873149209,US$/m3,E,true
706,Water use,Pressure on water resources,SDG 6.4.1. Industrial Water Use Efficiency,Somalia,2020,278.501465131,US$/m3,E,false
706,Water use,Pressure on water resources,SDG 6.4.1. Industrial Water Use Efficiency,Somalia,2021,287.820885221,US$/m3,E,false
706,Water use,Pressure on water resources,SDG 6.4.1. Industrial Water Use Efficiency,Somalia,2022,294.847815148,US$/m3,E,false
710,Water use,Pressure on water resources,SDG 6.4.1. Industrial Water Use Efficiency,South Africa,2020,16.956339281,US$/m3,E,false
710,Water use,Pressure on water resources,SDG 6.4.1. Industrial Water Use Efficiency,South Africa,2021,18.566593347,US$/m3,E,false
710,Water use,Pressure on water resources,SDG 6.4.1. Industrial Water Use Efficiency,South Africa,2022,16.99997249,US$/m3,E,false
728,Water use,Pressure on water resources,SDG 6.4.1. Industrial Water Use Efficiency,South Sudan,2020,10.18648683,US$/m3,E,false
728,Water use,Pressure on water resources,SDG 6.4.1. Industrial Water Use Efficiency,South Sudan,2021,13.917852851,US$/m3,E,false
728,Water use,Pressure on water resources,SDG 6.4.1. Industrial Water Use Efficiency,South Sudan,2022,16.489630461,US$/m3,E,false
35,Water use,Pressure on water resources,SDG 6.4.1. Industrial Water Use Efficiency,South-eastern Asia,2020,33.282703448,US$/m3,E,true
35,Water use,Pressure on water resources,SDG 6.4.1. Industrial Water Use Efficiency,South-eastern Asia,2021,34.509864416,US$/m3,E,true
35,Water use,Pressure on water resources,SDG 6.4.1. Industrial Water Use Efficiency,South-eastern Asia,2022,35.430916058,US$/m3,E,true
34,Water use,Pressure on water resources,SDG 6.4.1. Industrial Water Use Efficiency,Southern Asia,2020,41.813464409,US$/m3,E,true
34,Water use,Pressure on water resources,SDG 6.4.1. Industrial Water Use Efficiency,Southern Asia,2021,47.057732687,US$/m3,E,true
34,Water use,Pressure on water resources,SDG 6.4.1. Industrial Water Use Efficiency,Southern Asia,2022,49.349969489,US$/m3,E,true
724,Water use,Pressure on water resources,SDG 6.4.1. Industrial Water Use Efficiency,Spain,2020,35.620641344,US$/m3,E,false
724,Water use,Pressure on water resources,SDG 6.4.1. Industrial Water Use Efficiency,Spain,2021,38.229091118,US$/m3,E,false
724,Water use,Pressure on water resources,SDG 6.4.1. Industrial Water Use Efficiency,Spain,2022,40.43605098,US$/m3,E,false
144,Water use,Pressure on water resources,SDG 6.4.1. Industrial Water Use Efficiency,Sri Lanka,2020,30.233829201,US$/m3,E,false
144,Water use,Pressure on water resources,SDG 6.4.1. Industrial Water Use Efficiency,Sri Lanka,2021,33.408354608,US$/m3,E,false
144,Water use,Pressure on water resources,SDG 6.4.1. Industrial Water Use Efficiency,Sri Lanka,2022,31.32263549,US$/m3,E,false
202,Water use,Pressure on water resources,SDG 6.4.1. Industrial Water Use Efficiency,Sub-Saharan Africa,2020,52.217724799,US$/m3,E,true
202,Water use,Pressure on water resources,SDG 6.4.1. Industrial Water Use Efficiency,Sub-Saharan Africa,2021,57.389898877,US$/m3,E,true
202,Water use,Pressure on water resources,SDG 6.4.1. Industrial Water Use Efficiency,Sub-Saharan Africa,2022,56.856990268,US$/m3,E,true
729,Water use,Pressure on water resources,SDG 6.4.1. Industrial Water Use Efficiency,Sudan,2020,252.275007635,US$/m3,E,false
729,Water use,Pressure on water resources,SDG 6.4.1. Industrial Water Use Efficiency,Sudan,2021,261.061163595,US$/m3,E,false
729,Water use,Pressure on water resources,SDG 6.4.1. Industrial Water Use Efficiency,Sudan,2022,248.045818407,US$/m3,E,false
740,Water use,Pressure on water resources,SDG 6.4.1. Industrial Water Use Efficiency,Suriname,2020,11.382902071,US$/m3,E,false
740,Water use,Pressure on water resources,SDG 6.4.1. Industrial Water Use Efficiency,Suriname,2021,11.539926544,US$/m3,E,false
740,Water use,Pressure on water resources,SDG 6.4.1. Industrial Water Use Efficiency,Suriname,2022,14.036507729,US$/m3,E,false
752,Water use,Pressure on water resources,SDG 6.4.1. Industrial Water Use Efficiency,Sweden,2020,80.708456439,US$/m3,E,false
752,Water use,Pressure on water resources,SDG 6.4.1. Industrial Water Use Efficiency,Sweden,2021,89.462510291,US$/m3,E,false
752,Water use,Pressure on water resources,SDG 6.4.1. Industrial Water Use Efficiency,Sweden,2022,93.276520267,US$/m3,E,false
756,Water use,Pressure on water resources,SDG 6.4.1. Industrial Water Use Efficiency,Switzerland,2020,260.626750252,US$/m3,E,false
756,Water use,Pressure on water resources,SDG 6.4.1. Industrial Water Use Efficiency,Switzerland,2021,288.887014983,US$/m3,E,false
756,Water use,Pressure on water resources,SDG 6.4.1. Industrial Water Use Efficiency,Switzerland,2022,285.474931786,US$/m3,E,false
760,Water use,Pressure on water resources,SDG 6.4.1. Industrial Water Use Efficiency,Syrian Arab Republic,2020,6.785283779,US$/m3,E,false
760,Water use,Pressure on water resources,SDG 6.4.1. Industrial Water Use Efficiency,Syrian Arab Republic,2021,8.915073749,US$/m3,E,false
760,Water use,Pressure on water resources,SDG 6.4.1. Industrial Water Use Efficiency,Syrian Arab Republic,2022,6.837474395,US$/m3,E,false
762,Water use,Pressure on water resources,SDG 6.4.1. Industrial Water Use Efficiency,Tajikistan,2020,2.062128101,US$/m3,E,false
762,Water use,Pressure on water resources,SDG 6.4.1. Industrial Water Use Efficiency,Tajikistan,2021,2.401327004,US$/m3,E,false
762,Water use,Pressure on water resources,SDG 6.4.1. Industrial Water Use Efficiency,Tajikistan,2022,1.789131551,US$/m3,E,false
764,Water use,Pressure on water resources,SDG 6.4.1. Industrial Water Use Efficiency,Thailand,2020,47.280024476,US$/m3,E,false
764,Water use,Pressure on water resources,SDG 6.4.1. Industrial Water Use Efficiency,Thailand,2021,50.625437627,US$/m3,E,false
764,Water use,Pressure on water resources,SDG 6.4.1. Industrial Water Use Efficiency,Thailand,2022,51.375283262,US$/m3,E,false
626,Water use,Pressure on water resources,SDG 6.4.1. Industrial Water Use Efficiency,Timor-Leste,2020,474.436901955,US$/m3,E,false
626,Water use,Pressure on water resources,SDG 6.4.1. Industrial Water Use Efficiency,Timor-Leste,2021,846.195136994,US$/m3,E,false
626,Water use,Pressure on water resources,SDG 6.4.1. Industrial Water Use Efficiency,Timor-Leste,2022,580.643868778,US$/m3,E,false
768,Water use,Pressure on water resources,SDG 6.4.1. Industrial Water Use Efficiency,Togo,2020,179.954633851,US$/m3,E,false
768,Water use,Pressure on water resources,SDG 6.4.1. Industrial Water Use Efficiency,Togo,2021,196.044085433,US$/m3,E,false
768,Water use,Pressure on water resources,SDG 6.4.1. Industrial Water Use Efficiency,Togo,2022,209.174090526,US$/m3,E,false
780,Water use,Pressure on water resources,SDG 6.4.1. Industrial Water Use Efficiency,Trinidad and Tobago,2020,47.155920123,US$/m3,E,false
780,Water use,Pressure on water resources,SDG 6.4.1. Industrial Water Use Efficiency,Trinidad and Tobago,2021,61.813831595,US$/m3,E,false
780,Water use,Pressure on water resources,SDG 6.4.1. Industrial Water Use Efficiency,Trinidad and Tobago,2022,78.192240739,US$/m3,E,false
788,Water use,Pressure on water resources,SDG 6.4.1. Industrial Water Use Efficiency,Tunisia,2020,152.793761637,US$/m3,E,false
788,Water use,Pressure on water resources,SDG 6.4.1. Industrial Water Use Efficiency,Tunisia,2021,170.847462277,US$/m3,E,false
788,Water use,Pressure on water resources,SDG 6.4.1. Industrial Water Use Efficiency,Tunisia,2022,176.554143344,US$/m3,E,false
795,Water use,Pressure on water resources,SDG 6.4.1. Industrial Water Use Efficiency,Turkmenistan,2020,17.956616847,US$/m3,E,false
795,Water use,Pressure on water resources,SDG 6.4.1. Industrial Water Use Efficiency,Turkmenistan,2021,18.591792226,US$/m3,E,false
795,Water use,Pressure on water resources,SDG 6.4.1. Industrial Water Use Efficiency,Turkmenistan,2022,18.780600289,US$/m3,E,false
792,Water use,Pressure on water resources,SDG 6.4.1. Industrial Water Use Efficiency,Türkiye,2020,220.41564437,US$/m3,E,false
792,Water use,Pressure on water resources,SDG 6.4.1. Industrial Water Use Efficiency,Türkiye,2021,260.726599554,US$/m3,E,false
792,Water use,Pressure on water resources,SDG 6.4.1. Industrial Water Use Efficiency,Türkiye,2022,259.944222181,US$/m3,E,false
800,Water use,Pressure on water resources,SDG 6.4.1. Industrial Water Use Efficiency,Uganda,2020,163.654015571,US$/m3,E,false
800,Water use,Pressure on water resources,SDG 6.4.1. Industrial Water Use Efficiency,Uganda,2021,175.582056804,US$/m3,E,false
800,Water use,Pressure on water resources,SDG 6.4.1. Industrial Water Use Efficiency,Uganda,2022,182.342460015,US$/m3,E,false
804,Water use,Pressure on water resources,SDG 6.4.1. Industrial Water Use Efficiency,Ukraine,2020,4.204433957,US$/m3,E,false
804,Water use,Pressure on water resources,SDG 6.4.1. Industrial Water Use Efficiency,Ukraine,2021,5.5516675,US$/m3,E,false
804,Water use,Pressure on water resources,SDG 6.4.1. Industrial Water Use Efficiency,Ukraine,2022,4.763944051,US$/m3,E,false
784,Water use,Pressure on water resources,SDG 6.4.1. Industrial Water Use Efficiency,United Arab Emirates,2020,3883.676724662,US$/m3,E,false
784,Water use,Pressure on water resources,SDG 6.4.1. Industrial Water Use Efficiency,United Arab Emirates,2021,4609.308459068,US$/m3,E,false
784,Water use,Pressure on water resources,SDG 6.4.1. Industrial Water Use Efficiency,United Arab Emirates,2022,3712.846772179,US$/m3,E,false
826,Water use,Pressure on water resources,SDG 6.4.1. Industrial Water Use Efficiency,United Kingdom of Great Britain and Northern Ireland,2020,413.410203909,US$/m3,E,false
826,Water use,Pressure on water resources,SDG 6.4.1. Industrial Water Use Efficiency,United Kingdom of Great Britain and Northern Ireland,2021,443.013011402,US$/m3,E,false
826,Water use,Pressure on water resources,SDG 6.4.1. Industrial Water Use Efficiency,United Kingdom of Great Britain and Northern Ireland,2022,463.943130222,US$/m3,E,false
834,Water use,Pressure on water resources,SDG 6.4.1. Industrial Water Use Efficiency,United Republic of Tanzania,2020,790.946650828,US$/m3,E,false
834,Water use,Pressure on water resources,SDG 6.4.1. Industrial Water Use Efficiency,United Republic of Tanzania,2021,820.197592183,US$/m3,E,false
834,Water use,Pressure on water resources,SDG 6.4.1. Industrial Water Use Efficiency,United Republic of Tanzania,2022,793.789816874,US$/m3,E,false
840,Water use,Pressure on water resources,SDG 6.4.1. Industrial Water Use Efficiency,United States of America,2020,14.532318229,US$/m3,E,false
840,Water use,Pressure on water resources,SDG 6.4.1. Industrial Water Use Efficiency,United States of America,2021,15.621679345,US$/m3,E,false
840,Water use,Pressure on water resources,SDG 6.4.1. Industrial Water Use Efficiency,United States of America,2022,16.521577146,US$/m3,E,false
858,Water use,Pressure on water resources,SDG 6.4.1. Industrial Water Use Efficiency,Uruguay,2020,15.449129786,US$/m3,E,false
858,Water use,Pressure on water resources,SDG 6.4.1. Industrial Water Use Efficiency,Uruguay,2021,16.768007885,US$/m3,E,false
858,Water use,Pressure on water resources,SDG 6.4.1. Industrial Water Use Efficiency,Uruguay,2022,15.921812699,US$/m3,E,false
860,Water use,Pressure on water resources,SDG 6.4.1. Industrial Water Use Efficiency,Uzbekistan,2020,17.571139519,US$/m3,E,false
860,Water use,Pressure on water resources,SDG 6.4.1. Industrial Water Use Efficiency,Uzbekistan,2021,19.28276186,US$/m3,E,false
860,Water use,Pressure on water resources,SDG 6.4.1. Industrial Water Use Efficiency,Uzbekistan,2022,30.175912031,US$/m3,E,false
862,Water use,Pressure on water resources,SDG 6.4.1. Industrial Water Use Efficiency,Venezuela (Bolivarian Republic of),2020,57.031472703,US$/m3,E,false
862,Water use,Pressure on water resources,SDG 6.4.1. Industrial Water Use Efficiency,Venezuela (Bolivarian Republic of),2021,56.986070745,US$/m3,E,false
862,Water use,Pressure on water resources,SDG 6.4.1. Industrial Water Use Efficiency,Venezuela (Bolivarian Republic of),2022,64.055410508,US$/m3,E,false
704,Water use,Pressure on water resources,SDG 6.4.1. Industrial Water Use Efficiency,Viet Nam,2020,34.05443002,US$/m3,E,false
704,Water use,Pressure on water resources,SDG 6.4.1. Industrial Water Use Efficiency,Viet Nam,2021,35.721491413,US$/m3,E,false
704,Water use,Pressure on water resources,SDG 6.4.1. Industrial Water Use Efficiency,Viet Nam,2022,39.414635681,US$/m3,E,false
145,Water use,Pressure on water resources,SDG 6.4.1. Industrial Water Use Efficiency,Western Asia,2020,105.053413445,US$/m3,E,true
145,Water use,Pressure on water resources,SDG 6.4.1. Industrial Water Use Efficiency,Western Asia,2021,117.840676391,US$/m3,E,true
145,Water use,Pressure on water resources,SDG 6.4.1. Industrial Water Use Efficiency,Western Asia,2022,135.366912458,US$/m3,E,true
1,Water use,Pressure on water resources,SDG 6.4.1. Industrial Water Use Efficiency,World,2020,32.372312733,US$/m3,E,true
1,Water use,Pressure on water resources,SDG 6.4.1. Industrial Water Use Efficiency,World,2021,36.700449693,US$/m3,E,true
1,Water use,Pressure on water resources,SDG 6.4.1. Industrial Water Use Efficiency,World,2022,38.433099052,US$/m3,E,true
887,Water use,Pressure on water resources,SDG 6.4.1. Industrial Water Use Efficiency,Yemen,2020,58.006660653,US$/m3,E,false
887,Water use,Pressure on water resources,SDG 6.4.1. Industrial Water Use Efficiency,Yemen,2021,57.202441384,US$/m3,E,false
887,Water use,Pressure on water resources,SDG 6.4.1. Industrial Water Use Efficiency,Yemen,2022,58.355834978,US$/m3,E,false
894,Water use,Pressure on water resources,SDG 6.4.1. Industrial Water Use Efficiency,Zambia,2020,66.822468413,US$/m3,E,false
894,Water use,Pressure on water resources,SDG 6.4.1. Industrial Water Use Efficiency,Zambia,2021,74.959337499,US$/m3,E,false
894,Water use,Pressure on water resources,SDG 6.4.1. Industrial Water Use Efficiency,Zambia,2022,66.005668514,US$/m3,E,false
716,Water use,Pressure on water resources,SDG 6.4.1. Industrial Water Use Efficiency,Zimbabwe,2020,71.967735876,US$/m3,E,false
716,Water use,Pressure on water resources,SDG 6.4.1. Industrial Water Use Efficiency,Zimbabwe,2021,67.376578161,US$/m3,E,false
716,Water use,Pressure on water resources,SDG 6.4.1. Industrial Water Use Efficiency,Zimbabwe,2022,100.246207266,US$/m3,E,false
4,Water use,Pressure on water resources,SDG 6.4.1. Irrigated Agriculture Water Use Efficiency,Afghanistan,2020,0.143709767,US$/m3,E,false
4,Water use,Pressure on water resources,SDG 6.4.1. Irrigated Agriculture Water Use Efficiency,Afghanistan,2021,0.127669487,US$/m3,E,false
4,Water use,Pressure on water resources,SDG 6.4.1. Irrigated Agriculture Water Use Efficiency,Afghanistan,2022,0.120072417,US$/m3,E,false
8,Water use,Pressure on water resources,SDG 6.4.1. Irrigated Agriculture Water Use Efficiency,Albania,2020,1.72312736,US$/m3,E,false
8,Water use,Pressure on water resources,SDG 6.4.1. Irrigated Agriculture Water Use Efficiency,Albania,2021,1.782059949,US$/m3,E,false
8,Water use,Pressure on water resources,SDG 6.4.1. Irrigated Agriculture Water Use Efficiency,Albania,2022,1.916311012,US$/m3,E,false
12,Water use,Pressure on water resources,SDG 6.4.1. Irrigated Agriculture Water Use Efficiency,Algeria,2020,0.96994044,US$/m3,E,false
12,Water use,Pressure on water resources,SDG 6.4.1. Irrigated Agriculture Water Use Efficiency,Algeria,2021,0.916501586,US$/m3,E,false
12,Water use,Pressure on water resources,SDG 6.4.1. Irrigated Agriculture Water Use Efficiency,Algeria,2022,0.989323959,US$/m3,E,false
24,Water use,Pressure on water resources,SDG 6.4.1. Irrigated Agriculture Water Use Efficiency,Angola,2020,0.339239044,US$/m3,E,false
24,Water use,Pressure on water resources,SDG 6.4.1. Irrigated Agriculture Water Use Efficiency,Angola,2021,0.400000508,US$/m3,E,false
24,Water use,Pressure on water resources,SDG 6.4.1. Irrigated Agriculture Water Use Efficiency,Angola,2022,0.488387385,US$/m3,E,false
28,Water use,Pressure on water resources,SDG 6.4.1. Irrigated Agriculture Water Use Efficiency,Antigua and Barbuda,2020,2.052884283,US$/m3,E,false
28,Water use,Pressure on water resources,SDG 6.4.1. Irrigated Agriculture Water Use Efficiency,Antigua and Barbuda,2021,2.027193221,US$/m3,E,false
28,Water use,Pressure on water resources,SDG 6.4.1. Irrigated Agriculture Water Use Efficiency,Antigua and Barbuda,2022,2.054126286,US$/m3,E,false
32,Water use,Pressure on water resources,SDG 6.4.1. Irrigated Agriculture Water Use Efficiency,Argentina,2020,0.069254607,US$/m3,E,false
32,Water use,Pressure on water resources,SDG 6.4.1. Irrigated Agriculture Water Use Efficiency,Argentina,2021,0.088127299,US$/m3,E,false
32,Water use,Pressure on water resources,SDG 6.4.1. Irrigated Agriculture Water Use Efficiency,Argentina,2022,0.084058698,US$/m3,E,false
51,Water use,Pressure on water resources,SDG 6.4.1. Irrigated Agriculture Water Use Efficiency,Armenia,2020,0.181416841,US$/m3,E,false
51,Water use,Pressure on water resources,SDG 6.4.1. Irrigated Agriculture Water Use Efficiency,Armenia,2021,0.172784855,US$/m3,E,false
51,Water use,Pressure on water resources,SDG 6.4.1. Irrigated Agriculture Water Use Efficiency,Armenia,2022,0.168957778,US$/m3,E,false
36,Water use,Pressure on water resources,SDG 6.4.1. Irrigated Agriculture Water Use Efficiency,Australia,2020,0.375547774,US$/m3,E,false
36,Water use,Pressure on water resources,SDG 6.4.1. Irrigated Agriculture Water Use Efficiency,Australia,2021,0.437069982,US$/m3,E,false
36,Water use,Pressure on water resources,SDG 6.4.1. Irrigated Agriculture Water Use Efficiency,Australia,2022,0.394374506,US$/m3,E,false
53,Water use,Pressure on water resources,SDG 6.4.1. Irrigated Agriculture Water Use Efficiency,Australia and New Zealand,2020,1.428722601,US$/m3,E,true
53,Water use,Pressure on water resources,SDG 6.4.1. Irrigated Agriculture Water Use Efficiency,Australia and New Zealand,2021,1.349400975,US$/m3,E,true
53,Water use,Pressure on water resources,SDG 6.4.1. Irrigated Agriculture Water Use Efficiency,Australia and New Zealand,2022,1.312468813,US$/m3,E,true
40,Water use,Pressure on water resources,SDG 6.4.1. Irrigated Agriculture Water Use Efficiency,Austria,2020,1.568397487,US$/m3,E,false
40,Water use,Pressure on water resources,SDG 6.4.1. Irrigated Agriculture Water Use Efficiency,Austria,2021,1.865300162,US$/m3,E,false
40,Water use,Pressure on water resources,SDG 6.4.1. Irrigated Agriculture Water Use Efficiency,Austria,2022,2.223136937,US$/m3,E,false
31,Water use,Pressure on water resources,SDG 6.4.1. Irrigated Agriculture Water Use Efficiency,Azerbaijan,2020,0.204853276,US$/m3,E,false
31,Water use,Pressure on water resources,SDG 6.4.1. Irrigated Agriculture Water Use Efficiency,Azerbaijan,2021,0.172256988,US$/m3,E,false
31,Water use,Pressure on water resources,SDG 6.4.1. Irrigated Agriculture Water Use Efficiency,Azerbaijan,2022,0.149679542,US$/m3,E,false
48,Water use,Pressure on water resources,SDG 6.4.1. Irrigated Agriculture Water Use Efficiency,Bahrain,2020,0.67307762,US$/m3,E,false
48,Water use,Pressure on water resources,SDG 6.4.1. Irrigated Agriculture Water Use Efficiency,Bahrain,2021,0.61465331,US$/m3,E,false
48,Water use,Pressure on water resources,SDG 6.4.1. Irrigated Agriculture Water Use Efficiency,Bahrain,2022,0.67253371,US$/m3,E,false
50,Water use,Pressure on water resources,SDG 6.4.1. Irrigated Agriculture Water Use Efficiency,Bangladesh,2020,0.945967362,US$/m3,E,false
50,Water use,Pressure on water resources,SDG 6.4.1. Irrigated Agriculture Water Use Efficiency,Bangladesh,2021,0.980738541,US$/m3,E,false
50,Water use,Pressure on water resources,SDG 6.4.1. Irrigated Agriculture Water Use Efficiency,Bangladesh,2022,1.013234934,US$/m3,E,false
52,Water use,Pressure on water resources,SDG 6.4.1. Irrigated Agriculture Water Use Efficiency,Barbados,2020,0.790405843,US$/m3,E,false
52,Water use,Pressure on water resources,SDG 6.4.1. Irrigated Agriculture Water Use Efficiency,Barbados,2021,0.679827863,US$/m3,E,false
52,Water use,Pressure on water resources,SDG 6.4.1. Irrigated Agriculture Water Use Efficiency,Barbados,2022,0.657290325,US$/m3,E,false
112,Water use,Pressure on water resources,SDG 6.4.1. Irrigated Agriculture Water Use Efficiency,Belarus,2020,0.074203212,US$/m3,E,false
112,Water use,Pressure on water resources,SDG 6.4.1. Irrigated Agriculture Water Use Efficiency,Belarus,2021,0.067231033,US$/m3,E,false
112,Water use,Pressure on water resources,SDG 6.4.1. Irrigated Agriculture Water Use Efficiency,Belarus,2022,0.073879922,US$/m3,E,false
56,Water use,Pressure on water resources,SDG 6.4.1. Irrigated Agriculture Water Use Efficiency,Belgium,2020,1.291351935,US$/m3,E,false
56,Water use,Pressure on water resources,SDG 6.4.1. Irrigated Agriculture Water Use Efficiency,Belgium,2021,1.590199267,US$/m3,E,false
56,Water use,Pressure on water resources,SDG 6.4.1. Irrigated Agriculture Water Use Efficiency,Belgium,2022,1.635448069,US$/m3,E,false
84,Water use,Pressure on water resources,SDG 6.4.1. Irrigated Agriculture Water Use Efficiency,Belize,2020,0.143907094,US$/m3,E,false
84,Water use,Pressure on water resources,SDG 6.4.1. Irrigated Agriculture Water Use Efficiency,Belize,2021,0.160568029,US$/m3,E,false
84,Water use,Pressure on water resources,SDG 6.4.1. Irrigated Agriculture Water Use Efficiency,Belize,2022,0.171887699,US$/m3,E,false
204,Water use,Pressure on water resources,SDG 6.4.1. Irrigated Agriculture Water Use Efficiency,Benin,2020,0.674822141,US$/m3,E,false
204,Water use,Pressure on water resources,SDG 6.4.1. Irrigated Agriculture Water Use Efficiency,Benin,2021,0.760981226,US$/m3,E,false
204,Water use,Pressure on water resources,SDG 6.4.1. Irrigated Agriculture Water Use Efficiency,Benin,2022,0.762303277,US$/m3,E,false
64,Water use,Pressure on water resources,SDG 6.4.1. Irrigated Agriculture Water Use Efficiency,Bhutan,2020,0.355061332,US$/m3,E,false
64,Water use,Pressure on water resources,SDG 6.4.1. Irrigated Agriculture Water Use Efficiency,Bhutan,2021,0.372925194,US$/m3,E,false
64,Water use,Pressure on water resources,SDG 6.4.1. Irrigated Agriculture Water Use Efficiency,Bhutan,2022,0.36445263,US$/m3,E,false
68,Water use,Pressure on water resources,SDG 6.4.1. Irrigated Agriculture Water Use Efficiency,Bolivia (Plurinational State of),2020,0.437446417,US$/m3,E,false
68,Water use,Pressure on water resources,SDG 6.4.1. Irrigated Agriculture Water Use Efficiency,Bolivia (Plurinational State of),2021,0.435660756,US$/m3,E,false
68,Water use,Pressure on water resources,SDG 6.4.1. Irrigated Agriculture Water Use Efficiency,Bolivia (Plurinational State of),2022,0.428098819,US$/m3,E,false
72,Water use,Pressure on water resources,SDG 6.4.1. Irrigated Agriculture Water Use Efficiency,Botswana,2020,0.078032029,US$/m3,E,false
72,Water use,Pressure on water resources,SDG 6.4.1. Irrigated Agriculture Water Use Efficiency,Botswana,2021,0.066458976,US$/m3,E,false
72,Water use,Pressure on water resources,SDG 6.4.1. Irrigated Agriculture Water Use Efficiency,Botswana,2022,0.099092216,US$/m3,E,false
76,Water use,Pressure on water resources,SDG 6.4.1. Irrigated Agriculture Water Use Efficiency,Brazil,2020,0.517474006,US$/m3,E,false
76,Water use,Pressure on water resources,SDG 6.4.1. Irrigated Agriculture Water Use Efficiency,Brazil,2021,0.722161131,US$/m3,E,false
76,Water use,Pressure on water resources,SDG 6.4.1. Irrigated Agriculture Water Use Efficiency,Brazil,2022,0.697257962,US$/m3,E,false
96,Water use,Pressure on water resources,SDG 6.4.1. Irrigated Agriculture Water Use Efficiency,Brunei Darussalam,2020,6.248596125,US$/m3,E,false
96,Water use,Pressure on water resources,SDG 6.4.1. Irrigated Agriculture Water Use Efficiency,Brunei Darussalam,2021,6.345096071,US$/m3,E,false
96,Water use,Pressure on water resources,SDG 6.4.1. Irrigated Agriculture Water Use Efficiency,Brunei Darussalam,2022,5.446185315,US$/m3,E,false
100,Water use,Pressure on water resources,SDG 6.4.1. Irrigated Agriculture Water Use Efficiency,Bulgaria,2020,0.131469431,US$/m3,E,false
100,Water use,Pressure on water resources,SDG 6.4.1. Irrigated Agriculture Water Use Efficiency,Bulgaria,2021,0.157109188,US$/m3,E,false
100,Water use,Pressure on water resources,SDG 6.4.1. Irrigated Agriculture Water Use Efficiency,Bulgaria,2022,0.145838485,US$/m3,E,false
854,Water use,Pressure on water resources,SDG 6.4.1. Irrigated Agriculture Water Use Efficiency,Burkina Faso,2020,0.051352511,US$/m3,E,false
854,Water use,Pressure on water resources,SDG 6.4.1. Irrigated Agriculture Water Use Efficiency,Burkina Faso,2021,0.051622902,US$/m3,E,false
854,Water use,Pressure on water resources,SDG 6.4.1. Irrigated Agriculture Water Use Efficiency,Burkina Faso,2022,0.060783265,US$/m3,E,false
108,Water use,Pressure on water resources,SDG 6.4.1. Irrigated Agriculture Water Use Efficiency,Burundi,2020,0.061847325,US$/m3,E,false
108,Water use,Pressure on water resources,SDG 6.4.1. Irrigated Agriculture Water Use Efficiency,Burundi,2021,0.063843159,US$/m3,E,false
108,Water use,Pressure on water resources,SDG 6.4.1. Irrigated Agriculture Water Use Efficiency,Burundi,2022,0.062542698,US$/m3,E,false
132,Water use,Pressure on water resources,SDG 6.4.1. Irrigated Agriculture Water Use Efficiency,Cabo Verde,2020,0.07062301,US$/m3,E,false
132,Water use,Pressure on water resources,SDG 6.4.1. Irrigated Agriculture Water Use Efficiency,Cabo Verde,2021,0.075300365,US$/m3,E,false
132,Water use,Pressure on water resources,SDG 6.4.1. Irrigated Agriculture Water Use Efficiency,Cabo Verde,2022,0.076431031,US$/m3,E,false
116,Water use,Pressure on water resources,SDG 6.4.1. Irrigated Agriculture Water Use Efficiency,Cambodia,2020,0.386268836,US$/m3,E,false
116,Water use,Pressure on water resources,SDG 6.4.1. Irrigated Agriculture Water Use Efficiency,Cambodia,2021,0.400699211,US$/m3,E,false
116,Water use,Pressure on water resources,SDG 6.4.1. Irrigated Agriculture Water Use Efficiency,Cambodia,2022,0.410603285,US$/m3,E,false
120,Water use,Pressure on water resources,SDG 6.4.1. Irrigated Agriculture Water Use Efficiency,Cameroon,2020,0.064222197,US$/m3,E,false
120,Water use,Pressure on water resources,SDG 6.4.1. Irrigated Agriculture Water Use Efficiency,Cameroon,2021,0.064335685,US$/m3,E,false
120,Water use,Pressure on water resources,SDG 6.4.1. Irrigated Agriculture Water Use Efficiency,Cameroon,2022,0.066881162,US$/m3,E,false
124,Water use,Pressure on water resources,SDG 6.4.1. Irrigated Agriculture Water Use Efficiency,Canada,2020,0.251283237,US$/m3,E,false
124,Water use,Pressure on water resources,SDG 6.4.1. Irrigated Agriculture Water Use Efficiency,Canada,2021,0.295468534,US$/m3,E,false
124,Water use,Pressure on water resources,SDG 6.4.1. Irrigated Agriculture Water Use Efficiency,Canada,2022,0.338807446,US$/m3,E,false
140,Water use,Pressure on water resources,SDG 6.4.1. Irrigated Agriculture Water Use Efficiency,Central African Republic,2020,0.130934508,US$/m3,E,false
140,Water use,Pressure on water resources,SDG 6.4.1. Irrigated Agriculture Water Use Efficiency,Central African Republic,2021,0.131140246,US$/m3,E,false
140,Water use,Pressure on water resources,SDG 6.4.1. Irrigated Agriculture Water Use Efficiency,Central African Republic,2022,0.132454005,US$/m3,E,false
143,Water use,Pressure on water resources,SDG 6.4.1. Irrigated Agriculture Water Use Efficiency,Central Asia,2020,0.367166985,US$/m3,E,true
143,Water use,Pressure on water resources,SDG 6.4.1. Irrigated Agriculture Water Use Efficiency,Central Asia,2021,0.427379375,US$/m3,E,true
143,Water use,Pressure on water resources,SDG 6.4.1. Irrigated Agriculture Water Use Efficiency,Central Asia,2022,0.431896421,US$/m3,E,true
62,Water use,Pressure on water resources,SDG 6.4.1. Irrigated Agriculture Water Use Efficiency,Central and Southern Asia,2020,0.46220436,US$/m3,E,true
62,Water use,Pressure on water resources,SDG 6.4.1. Irrigated Agriculture Water Use Efficiency,Central and Southern Asia,2021,0.481251348,US$/m3,E,true
62,Water use,Pressure on water resources,SDG 6.4.1. Irrigated Agriculture Water Use Efficiency,Central and Southern Asia,2022,0.496409229,US$/m3,E,true
148,Water use,Pressure on water resources,SDG 6.4.1. Irrigated Agriculture Water Use Efficiency,Chad,2020,0.076746611,US$/m3,E,false
148,Water use,Pressure on water resources,SDG 6.4.1. Irrigated Agriculture Water Use Efficiency,Chad,2021,0.071050361,US$/m3,E,false
148,Water use,Pressure on water resources,SDG 6.4.1. Irrigated Agriculture Water Use Efficiency,Chad,2022,0.069071351,US$/m3,E,false
152,Water use,Pressure on water resources,SDG 6.4.1. Irrigated Agriculture Water Use Efficiency,Chile,2020,0.21441533,US$/m3,E,false
152,Water use,Pressure on water resources,SDG 6.4.1. Irrigated Agriculture Water Use Efficiency,Chile,2021,0.216071988,US$/m3,E,false
152,Water use,Pressure on water resources,SDG 6.4.1. Irrigated Agriculture Water Use Efficiency,Chile,2022,0.215214528,US$/m3,E,false
156,Water use,Pressure on water resources,SDG 6.4.1. Irrigated Agriculture Water Use Efficiency,China,2020,2.204020465,US$/m3,E,false
156,Water use,Pressure on water resources,SDG 6.4.1. Irrigated Agriculture Water Use Efficiency,China,2021,2.521548837,US$/m3,E,false
156,Water use,Pressure on water resources,SDG 6.4.1. Irrigated Agriculture Water Use Efficiency,China,2022,2.558905116,US$/m3,E,false
170,Water use,Pressure on water resources,SDG 6.4.1. Irrigated Agriculture Water Use Efficiency,Colombia,2020,0.114676526,US$/m3,E,false
170,Water use,Pressure on water resources,SDG 6.4.1. Irrigated Agriculture Water Use Efficiency,Colombia,2021,0.121808227,US$/m3,E,false
170,Water use,Pressure on water resources,SDG 6.4.1. Irrigated Agriculture Water Use Efficiency,Colombia,2022,0.135446625,US$/m3,E,false
174,Water use,Pressure on water resources,SDG 6.4.1. Irrigated Agriculture Water Use Efficiency,Comoros,2020,0.115606119,US$/m3,E,false
174,Water use,Pressure on water resources,SDG 6.4.1. Irrigated Agriculture Water Use Efficiency,Comoros,2021,0.117777917,US$/m3,E,false
174,Water use,Pressure on water resources,SDG 6.4.1. Irrigated Agriculture Water Use Efficiency,Comoros,2022,0.123521982,US$/m3,E,false
178,Water use,Pressure on water resources,SDG 6.4.1. Irrigated Agriculture Water Use Efficiency,Congo,2020,0.316453308,US$/m3,E,false
178,Water use,Pressure on water resources,SDG 6.4.1. Irrigated Agriculture Water Use Efficiency,Congo,2021,0.246046825,US$/m3,E,false
178,Water use,Pressure on water resources,SDG 6.4.1. Irrigated Agriculture Water Use Efficiency,Congo,2022,0.228202888,US$/m3,E,false
188,Water use,Pressure on water resources,SDG 6.4.1. Irrigated Agriculture Water Use Efficiency,Costa Rica,2020,0.418521705,US$/m3,E,false
188,Water use,Pressure on water resources,SDG 6.4.1. Irrigated Agriculture Water Use Efficiency,Costa Rica,2021,0.444424067,US$/m3,E,false
188,Water use,Pressure on water resources,SDG 6.4.1. Irrigated Agriculture Water Use Efficiency,Costa Rica,2022,0.431874374,US$/m3,E,false
191,Water use,Pressure on water resources,SDG 6.4.1. Irrigated Agriculture Water Use Efficiency,Croatia,2020,0.652752083,US$/m3,E,false
191,Water use,Pressure on water resources,SDG 6.4.1. Irrigated Agriculture Water Use Efficiency,Croatia,2021,0.824846794,US$/m3,E,false
191,Water use,Pressure on water resources,SDG 6.4.1. Irrigated Agriculture Water Use Efficiency,Croatia,2022,0.916653552,US$/m3,E,false
192,Water use,Pressure on water resources,SDG 6.4.1. Irrigated Agriculture Water Use Efficiency,Cuba,2020,0.130889172,US$/m3,E,false
192,Water use,Pressure on water resources,SDG 6.4.1. Irrigated Agriculture Water Use Efficiency,Cuba,2021,0.10164319,US$/m3,E,false
192,Water use,Pressure on water resources,SDG 6.4.1. Irrigated Agriculture Water Use Efficiency,Cuba,2022,0.094007861,US$/m3,E,false
196,Water use,Pressure on water resources,SDG 6.4.1. Irrigated Agriculture Water Use Efficiency,Cyprus,2020,0.819764086,US$/m3,E,false
196,Water use,Pressure on water resources,SDG 6.4.1. Irrigated Agriculture Water Use Efficiency,Cyprus,2021,0.802120617,US$/m3,E,false
196,Water use,Pressure on water resources,SDG 6.4.1. Irrigated Agriculture Water Use Efficiency,Cyprus,2022,0.840080044,US$/m3,E,false
203,Water use,Pressure on water resources,SDG 6.4.1. Irrigated Agriculture Water Use Efficiency,Czechia,2020,1.571980724,US$/m3,E,false
203,Water use,Pressure on water resources,SDG 6.4.1. Irrigated Agriculture Water Use Efficiency,Czechia,2021,1.614963289,US$/m3,E,false
203,Water use,Pressure on water resources,SDG 6.4.1. Irrigated Agriculture Water Use Efficiency,Czechia,2022,1.432270267,US$/m3,E,false
384,Water use,Pressure on water resources,SDG 6.4.1. Irrigated Agriculture Water Use Efficiency,Côte d'Ivoire,2020,0.237809222,US$/m3,E,false
384,Water use,Pressure on water resources,SDG 6.4.1. Irrigated Agriculture Water Use Efficiency,Côte d'Ivoire,2021,0.232765832,US$/m3,E,false
384,Water use,Pressure on water resources,SDG 6.4.1. Irrigated Agriculture Water Use Efficiency,Côte d'Ivoire,2022,0.237772369,US$/m3,E,false
408,Water use,Pressure on water resources,SDG 6.4.1. Irrigated Agriculture Water Use Efficiency,Democratic People's Republic of Korea,2020,0.335582446,US$/m3,E,false
408,Water use,Pressure on water resources,SDG 6.4.1. Irrigated Agriculture Water Use Efficiency,Democratic People's Republic of Korea,2021,0.356180123,US$/m3,E,false
408,Water use,Pressure on water resources,SDG 6.4.1. Irrigated Agriculture Water Use Efficiency,Democratic People's Republic of Korea,2022,0.346034487,US$/m3,E,false
180,Water use,Pressure on water resources,SDG 6.4.1. Irrigated Agriculture Water Use Efficiency,Democratic Republic of the Congo,2020,0.423971953,US$/m3,E,false
180,Water use,Pressure on water resources,SDG 6.4.1. Irrigated Agriculture Water Use Efficiency,Democratic Republic of the Congo,2021,0.423763254,US$/m3,E,false
180,Water use,Pressure on water resources,SDG 6.4.1. Irrigated Agriculture Water Use Efficiency,Democratic Republic of the Congo,2022,0.405196774,US$/m3,E,false
208,Water use,Pressure on water resources,SDG 6.4.1. Irrigated Agriculture Water Use Efficiency,Denmark,2020,1.493874571,US$/m3,E,false
208,Water use,Pressure on water resources,SDG 6.4.1. Irrigated Agriculture Water Use Efficiency,Denmark,2021,1.144071508,US$/m3,E,false
208,Water use,Pressure on water resources,SDG 6.4.1. Irrigated Agriculture Water Use Efficiency,Denmark,2022,1.375053335,US$/m3,E,false
262,Water use,Pressure on water resources,SDG 6.4.1. Irrigated Agriculture Water Use Efficiency,Djibouti,2020,13.18945521,US$/m3,E,false
262,Water use,Pressure on water resources,SDG 6.4.1. Irrigated Agriculture Water Use Efficiency,Djibouti,2021,12.696655179,US$/m3,E,false
262,Water use,Pressure on water resources,SDG 6.4.1. Irrigated Agriculture Water Use Efficiency,Djibouti,2022,14.370954905,US$/m3,E,false
212,Water use,Pressure on water resources,SDG 6.4.1. Irrigated Agriculture Water Use Efficiency,Dominica,2020,0.004211394,US$/m3,E,false
212,Water use,Pressure on water resources,SDG 6.4.1. Irrigated Agriculture Water Use Efficiency,Dominica,2021,0.005027868,US$/m3,E,false
212,Water use,Pressure on water resources,SDG 6.4.1. Irrigated Agriculture Water Use Efficiency,Dominica,2022,0.00519801,US$/m3,E,false
214,Water use,Pressure on water resources,SDG 6.4.1. Irrigated Agriculture Water Use Efficiency,Dominican Republic,2020,0.215109259,US$/m3,E,false
214,Water use,Pressure on water resources,SDG 6.4.1. Irrigated Agriculture Water Use Efficiency,Dominican Republic,2021,0.226489061,US$/m3,E,false
214,Water use,Pressure on water resources,SDG 6.4.1. Irrigated Agriculture Water Use Efficiency,Dominican Republic,2022,0.242615273,US$/m3,E,false
30,Water use,Pressure on water resources,SDG 6.4.1. Irrigated Agriculture Water Use Efficiency,Eastern Asia,2020,1.940014193,US$/m3,E,true
30,Water use,Pressure on water resources,SDG 6.4.1. Irrigated Agriculture Water Use Efficiency,Eastern Asia,2021,2.20316063,US$/m3,E,true
30,Water use,Pressure on water resources,SDG 6.4.1. Irrigated Agriculture Water Use Efficiency,Eastern Asia,2022,2.23515659,US$/m3,E,true
753,Water use,Pressure on water resources,SDG 6.4.1. Irrigated Agriculture Water Use Efficiency,Eastern and South-Eastern Asia,2020,1.133179948,US$/m3,E,true
753,Water use,Pressure on water resources,SDG 6.4.1. Irrigated Agriculture Water Use Efficiency,Eastern and South-Eastern Asia,2021,1.269401924,US$/m3,E,true
753,Water use,Pressure on water resources,SDG 6.4.1. Irrigated Agriculture Water Use Efficiency,Eastern and South-Eastern Asia,2022,1.286281697,US$/m3,E,true
218,Water use,Pressure on water resources,SDG 6.4.1. Irrigated Agriculture Water Use Efficiency,Ecuador,2020,0.635118558,US$/m3,E,false
218,Water use,Pressure on water resources,SDG 6.4.1. Irrigated Agriculture Water Use Efficiency,Ecuador,2021,0.633200542,US$/m3,E,false
218,Water use,Pressure on water resources,SDG 6.4.1. Irrigated Agriculture Water Use Efficiency,Ecuador,2022,0.612212689,US$/m3,E,false
818,Water use,Pressure on water resources,SDG 6.4.1. Irrigated Agriculture Water Use Efficiency,Egypt,2020,0.749866853,US$/m3,E,false
818,Water use,Pressure on water resources,SDG 6.4.1. Irrigated Agriculture Water Use Efficiency,Egypt,2021,0.806754133,US$/m3,E,false
818,Water use,Pressure on water resources,SDG 6.4.1. Irrigated Agriculture Water Use Efficiency,Egypt,2022,0.822971856,US$/m3,E,false
222,Water use,Pressure on water resources,SDG 6.4.1. Irrigated Agriculture Water Use Efficiency,El Salvador,2020,0.142667788,US$/m3,E,false
222,Water use,Pressure on water resources,SDG 6.4.1. Irrigated Agriculture Water Use Efficiency,El Salvador,2021,0.099872111,US$/m3,E,false
222,Water use,Pressure on water resources,SDG 6.4.1. Irrigated Agriculture Water Use Efficiency,El Salvador,2022,0.036752776,US$/m3,E,false
232,Water use,Pressure on water resources,SDG 6.4.1. Irrigated Agriculture Water Use Efficiency,Eritrea,2020,0.020631323,US$/m3,E,false
232,Water use,Pressure on water resources,SDG 6.4.1. Irrigated Agriculture Water Use Efficiency,Eritrea,2021,0.021279061,US$/m3,E,false
232,Water use,Pressure on water resources,SDG 6.4.1. Irrigated Agriculture Water Use Efficiency,Eritrea,2022,0.021836715,US$/m3,E,false
233,Water use,Pressure on water resources,SDG 6.4.1. Irrigated Agriculture Water Use Efficiency,Estonia,2020,0.53866387,US$/m3,E,false
233,Water use,Pressure on water resources,SDG 6.4.1. Irrigated Agriculture Water Use Efficiency,Estonia,2021,0.555658266,US$/m3,E,false
233,Water use,Pressure on water resources,SDG 6.4.1. Irrigated Agriculture Water Use Efficiency,Estonia,2022,0.693106949,US$/m3,E,false
748,Water use,Pressure on water resources,SDG 6.4.1. Irrigated Agriculture Water Use Efficiency,Eswatini,2020,0.106317095,US$/m3,E,false
748,Water use,Pressure on water resources,SDG 6.4.1. Irrigated Agriculture Water Use Efficiency,Eswatini,2021,0.11498315,US$/m3,E,false
748,Water use,Pressure on water resources,SDG 6.4.1. Irrigated Agriculture Water Use Efficiency,Eswatini,2022,0.11496829,US$/m3,E,false
231,Water use,Pressure on water resources,SDG 6.4.1. Irrigated Agriculture Water Use Efficiency,Ethiopia,2020,0.17742875,US$/m3,E,false
231,Water use,Pressure on water resources,SDG 6.4.1. Irrigated Agriculture Water Use Efficiency,Ethiopia,2021,0.198091211,US$/m3,E,false
231,Water use,Pressure on water resources,SDG 6.4.1. Irrigated Agriculture Water Use Efficiency,Ethiopia,2022,0.208956541,US$/m3,E,false
150,Water use,Pressure on water resources,SDG 6.4.1. Irrigated Agriculture Water Use Efficiency,Europe,2020,0.44492155,US$/m3,E,true
150,Water use,Pressure on water resources,SDG 6.4.1. Irrigated Agriculture Water Use Efficiency,Europe,2021,0.414545265,US$/m3,E,true
150,Water use,Pressure on water resources,SDG 6.4.1. Irrigated Agriculture Water Use Efficiency,Europe,2022,0.485874695,US$/m3,E,true
513,Water use,Pressure on water resources,SDG 6.4.1. Irrigated Agriculture Water Use Efficiency,Europe and Northern America,2020,0.25525965,US$/m3,E,true
513,Water use,Pressure on water resources,SDG 6.4.1. Irrigated Agriculture Water Use Efficiency,Europe and Northern America,2021,0.284020565,US$/m3,E,true
513,Water use,Pressure on water resources,SDG 6.4.1. Irrigated Agriculture Water Use Efficiency,Europe and Northern America,2022,0.324516623,US$/m3,E,true
242,Water use,Pressure on water resources,SDG 6.4.1. Irrigated Agriculture Water Use Efficiency,Fiji,2020,0.477098044,US$/m3,E,false
242,Water use,Pressure on water resources,SDG 6.4.1. Irrigated Agriculture Water Use Efficiency,Fiji,2021,0.483966292,US$/m3,E,false
242,Water use,Pressure on water resources,SDG 6.4.1. Irrigated Agriculture Water Use Efficiency,Fiji,2022,0.480725221,US$/m3,E,false
246,Water use,Pressure on water resources,SDG 6.4.1. Irrigated Agriculture Water Use Efficiency,Finland,2020,0.019245629,US$/m3,E,false
246,Water use,Pressure on water resources,SDG 6.4.1. Irrigated Agriculture Water Use Efficiency,Finland,2021,0.019710816,US$/m3,E,false
246,Water use,Pressure on water resources,SDG 6.4.1. Irrigated Agriculture Water Use Efficiency,Finland,2022,0.018858554,US$/m3,E,false
250,Water use,Pressure on water resources,SDG 6.4.1. Irrigated Agriculture Water Use Efficiency,France,2020,1.701025722,US$/m3,E,false
250,Water use,Pressure on water resources,SDG 6.4.1. Irrigated Agriculture Water Use Efficiency,France,2021,2.535598769,US$/m3,E,false
250,Water use,Pressure on water resources,SDG 6.4.1. Irrigated Agriculture Water Use Efficiency,France,2022,3.073997813,US$/m3,E,false
266,Water use,Pressure on water resources,SDG 6.4.1. Irrigated Agriculture Water Use Efficiency,Gabon,2020,0.324007818,US$/m3,E,false
266,Water use,Pressure on water resources,SDG 6.4.1. Irrigated Agriculture Water Use Efficiency,Gabon,2021,0.298433409,US$/m3,E,false
266,Water use,Pressure on water resources,SDG 6.4.1. Irrigated Agriculture Water Use Efficiency,Gabon,2022,0.30620608,US$/m3,E,false
270,Water use,Pressure on water resources,SDG 6.4.1. Irrigated Agriculture Water Use Efficiency,Gambia,2020,0.1342127,US$/m3,E,false
270,Water use,Pressure on water resources,SDG 6.4.1. Irrigated Agriculture Water Use Efficiency,Gambia,2021,0.156795537,US$/m3,E,false
270,Water use,Pressure on water resources,SDG 6.4.1. Irrigated Agriculture Water Use Efficiency,Gambia,2022,0.150742891,US$/m3,E,false
268,Water use,Pressure on water resources,SDG 6.4.1. Irrigated Agriculture Water Use Efficiency,Georgia,2020,0.435083059,US$/m3,E,false
268,Water use,Pressure on water resources,SDG 6.4.1. Irrigated Agriculture Water Use Efficiency,Georgia,2021,0.35096541,US$/m3,E,false
268,Water use,Pressure on water resources,SDG 6.4.1. Irrigated Agriculture Water Use Efficiency,Georgia,2022,0.697004655,US$/m3,E,false
276,Water use,Pressure on water resources,SDG 6.4.1. Irrigated Agriculture Water Use Efficiency,Germany,2020,1.74721903,US$/m3,E,false
276,Water use,Pressure on water resources,SDG 6.4.1. Irrigated Agriculture Water Use Efficiency,Germany,2021,1.815475468,US$/m3,E,false
276,Water use,Pressure on water resources,SDG 6.4.1. Irrigated Agriculture Water Use Efficiency,Germany,2022,2.492317972,US$/m3,E,false
288,Water use,Pressure on water resources,SDG 6.4.1. Irrigated Agriculture Water Use Efficiency,Ghana,2020,0.164668886,US$/m3,E,false
288,Water use,Pressure on water resources,SDG 6.4.1. Irrigated Agriculture Water Use Efficiency,Ghana,2021,0.18040402,US$/m3,E,false
288,Water use,Pressure on water resources,SDG 6.4.1. Irrigated Agriculture Water Use Efficiency,Ghana,2022,0.185086164,US$/m3,E,false
300,Water use,Pressure on water resources,SDG 6.4.1. Irrigated Agriculture Water Use Efficiency,Greece,2020,0.536571605,US$/m3,E,false
300,Water use,Pressure on water resources,SDG 6.4.1. Irrigated Agriculture Water Use Efficiency,Greece,2021,0.519528453,US$/m3,E,false
300,Water use,Pressure on water resources,SDG 6.4.1. Irrigated Agriculture Water Use Efficiency,Greece,2022,0.553330314,US$/m3,E,false
308,Water use,Pressure on water resources,SDG 6.4.1. Irrigated Agriculture Water Use Efficiency,Grenada,2020,1.790334279,US$/m3,E,false
308,Water use,Pressure on water resources,SDG 6.4.1. Irrigated Agriculture Water Use Efficiency,Grenada,2021,2.040441033,US$/m3,E,false
308,Water use,Pressure on water resources,SDG 6.4.1. Irrigated Agriculture Water Use Efficiency,Grenada,2022,2.07281374,US$/m3,E,false
320,Water use,Pressure on water resources,SDG 6.4.1. Irrigated Agriculture Water Use Efficiency,Guatemala,2020,0.907896127,US$/m3,E,false
320,Water use,Pressure on water resources,SDG 6.4.1. Irrigated Agriculture Water Use Efficiency,Guatemala,2021,0.918518769,US$/m3,E,false
320,Water use,Pressure on water resources,SDG 6.4.1. Irrigated Agriculture Water Use Efficiency,Guatemala,2022,0.957118414,US$/m3,E,false
324,Water use,Pressure on water resources,SDG 6.4.1. Irrigated Agriculture Water Use Efficiency,Guinea,2020,0.034546581,US$/m3,E,false
324,Water use,Pressure on water resources,SDG 6.4.1. Irrigated Agriculture Water Use Efficiency,Guinea,2021,0.038289626,US$/m3,E,false
324,Water use,Pressure on water resources,SDG 6.4.1. Irrigated Agriculture Water Use Efficiency,Guinea,2022,0.040089238,US$/m3,E,false
624,Water use,Pressure on water resources,SDG 6.4.1. Irrigated Agriculture Water Use Efficiency,Guinea-Bissau,2020,0.103665733,US$/m3,E,false
624,Water use,Pressure on water resources,SDG 6.4.1. Irrigated Agriculture Water Use Efficiency,Guinea-Bissau,2021,0.111640311,US$/m3,E,false
624,Water use,Pressure on water resources,SDG 6.4.1. Irrigated Agriculture Water Use Efficiency,Guinea-Bissau,2022,0.115894635,US$/m3,E,false
328,Water use,Pressure on water resources,SDG 6.4.1. Irrigated Agriculture Water Use Efficiency,Guyana,2020,0.012243202,US$/m3,E,false
328,Water use,Pressure on water resources,SDG 6.4.1. Irrigated Agriculture Water Use Efficiency,Guyana,2021,0.011737012,US$/m3,E,false
328,Water use,Pressure on water resources,SDG 6.4.1. Irrigated Agriculture Water Use Efficiency,Guyana,2022,0.014290246,US$/m3,E,false
332,Water use,Pressure on water resources,SDG 6.4.1. Irrigated Agriculture Water Use Efficiency,Haiti,2020,0.22997613,US$/m3,E,false
332,Water use,Pressure on water resources,SDG 6.4.1. Irrigated Agriculture Water Use Efficiency,Haiti,2021,0.24391861,US$/m3,E,false
332,Water use,Pressure on water resources,SDG 6.4.1. Irrigated Agriculture Water Use Efficiency,Haiti,2022,0.235861417,US$/m3,E,false
340,Water use,Pressure on water resources,SDG 6.4.1. Irrigated Agriculture Water Use Efficiency,Honduras,2020,0.225014706,US$/m3,E,false
340,Water use,Pressure on water resources,SDG 6.4.1. Irrigated Agriculture Water Use Efficiency,Honduras,2021,0.23072564,US$/m3,E,false
340,Water use,Pressure on water resources,SDG 6.4.1. Irrigated Agriculture Water Use Efficiency,Honduras,2022,0.273236911,US$/m3,E,false
348,Water use,Pressure on water resources,SDG 6.4.1. Irrigated Agriculture Water Use Efficiency,Hungary,2020,0.428401999,US$/m3,E,false
348,Water use,Pressure on water resources,SDG 6.4.1. Irrigated Agriculture Water Use Efficiency,Hungary,2021,0.456089671,US$/m3,E,false
348,Water use,Pressure on water resources,SDG 6.4.1. Irrigated Agriculture Water Use Efficiency,Hungary,2022,0.499143907,US$/m3,E,false
352,Water use,Pressure on water resources,SDG 6.4.1. Irrigated Agriculture Water Use Efficiency,Iceland,2020,0.872082486,US$/m3,E,false
352,Water use,Pressure on water resources,SDG 6.4.1. Irrigated Agriculture Water Use Efficiency,Iceland,2021,0.848894991,US$/m3,E,false
352,Water use,Pressure on water resources,SDG 6.4.1. Irrigated Agriculture Water Use Efficiency,Iceland,2022,0.851074255,US$/m3,E,false
356,Water use,Pressure on water resources,SDG 6.4.1. Irrigated Agriculture Water Use Efficiency,India,2020,0.506907979,US$/m3,E,false
356,Water use,Pressure on water resources,SDG 6.4.1. Irrigated Agriculture Water Use Efficiency,India,2021,0.513501779,US$/m3,E,false
356,Water use,Pressure on water resources,SDG 6.4.1. Irrigated Agriculture Water Use Efficiency,India,2022,0.53207549,US$/m3,E,false
360,Water use,Pressure on water resources,SDG 6.4.1. Irrigated Agriculture Water Use Efficiency,Indonesia,2020,0.36374134,US$/m3,E,false
360,Water use,Pressure on water resources,SDG 6.4.1. Irrigated Agriculture Water Use Efficiency,Indonesia,2021,0.366878288,US$/m3,E,false
360,Water use,Pressure on water resources,SDG 6.4.1. Irrigated Agriculture Water Use Efficiency,Indonesia,2022,0.360715278,US$/m3,E,false
364,Water use,Pressure on water resources,SDG 6.4.1. Irrigated Agriculture Water Use Efficiency,Iran (Islamic Republic of),2020,0.316351263,US$/m3,E,false
364,Water use,Pressure on water resources,SDG 6.4.1. Irrigated Agriculture Water Use Efficiency,Iran (Islamic Republic of),2021,0.336167565,US$/m3,E,false
364,Water use,Pressure on water resources,SDG 6.4.1. Irrigated Agriculture Water Use Efficiency,Iran (Islamic Republic of),2022,0.338250418,US$/m3,E,false
368,Water use,Pressure on water resources,SDG 6.4.1. Irrigated Agriculture Water Use Efficiency,Iraq,2020,0.196682887,US$/m3,E,false
368,Water use,Pressure on water resources,SDG 6.4.1. Irrigated Agriculture Water Use Efficiency,Iraq,2021,0.113932899,US$/m3,E,false
368,Water use,Pressure on water resources,SDG 6.4.1. Irrigated Agriculture Water Use Efficiency,Iraq,2022,0.105002588,US$/m3,E,false
372,Water use,Pressure on water resources,SDG 6.4.1. Irrigated Agriculture Water Use Efficiency,Ireland,2020,0,US$/m3,E,false
372,Water use,Pressure on water resources,SDG 6.4.1. Irrigated Agriculture Water Use Efficiency,Ireland,2021,0,US$/m3,E,false
372,Water use,Pressure on water resources,SDG 6.4.1. Irrigated Agriculture Water Use Efficiency,Ireland,2022,0,US$/m3,E,false
376,Water use,Pressure on water resources,SDG 6.4.1. Irrigated Agriculture Water Use Efficiency,Israel,2020,2.534477639,US$/m3,E,false
376,Water use,Pressure on water resources,SDG 6.4.1. Irrigated Agriculture Water Use Efficiency,Israel,2021,2.451637629,US$/m3,E,false
376,Water use,Pressure on water resources,SDG 6.4.1. Irrigated Agriculture Water Use Efficiency,Israel,2022,2.55663307,US$/m3,E,false
380,Water use,Pressure on water resources,SDG 6.4.1. Irrigated Agriculture Water Use Efficiency,Italy,2020,0.001008347,US$/m3,E,false
380,Water use,Pressure on water resources,SDG 6.4.1. Irrigated Agriculture Water Use Efficiency,Italy,2021,0.001149471,US$/m3,E,false
380,Water use,Pressure on water resources,SDG 6.4.1. Irrigated Agriculture Water Use Efficiency,Italy,2022,0.001193215,US$/m3,E,false
388,Water use,Pressure on water resources,SDG 6.4.1. Irrigated Agriculture Water Use Efficiency,Jamaica,2020,2.323909089,US$/m3,E,false
388,Water use,Pressure on water resources,SDG 6.4.1. Irrigated Agriculture Water Use Efficiency,Jamaica,2021,3.330794719,US$/m3,E,false
388,Water use,Pressure on water resources,SDG 6.4.1. Irrigated Agriculture Water Use Efficiency,Jamaica,2022,3.370233109,US$/m3,E,false
392,Water use,Pressure on water resources,SDG 6.4.1. Irrigated Agriculture Water Use Efficiency,Japan,2020,0.630540569,US$/m3,E,false
392,Water use,Pressure on water resources,SDG 6.4.1. Irrigated Agriculture Water Use Efficiency,Japan,2021,0.599310629,US$/m3,E,false
392,Water use,Pressure on water resources,SDG 6.4.1. Irrigated Agriculture Water Use Efficiency,Japan,2022,0.640654322,US$/m3,E,false
400,Water use,Pressure on water resources,SDG 6.4.1. Irrigated Agriculture Water Use Efficiency,Jordan,2020,1.325115435,US$/m3,E,false
400,Water use,Pressure on water resources,SDG 6.4.1. Irrigated Agriculture Water Use Efficiency,Jordan,2021,1.365310065,US$/m3,E,false
400,Water use,Pressure on water resources,SDG 6.4.1. Irrigated Agriculture Water Use Efficiency,Jordan,2022,1.406632849,US$/m3,E,false
398,Water use,Pressure on water resources,SDG 6.4.1. Irrigated Agriculture Water Use Efficiency,Kazakhstan,2020,0.056303082,US$/m3,E,false
398,Water use,Pressure on water resources,SDG 6.4.1. Irrigated Agriculture Water Use Efficiency,Kazakhstan,2021,0.057254681,US$/m3,E,false
398,Water use,Pressure on water resources,SDG 6.4.1. Irrigated Agriculture Water Use Efficiency,Kazakhstan,2022,0.067299451,US$/m3,E,false
404,Water use,Pressure on water resources,SDG 6.4.1. Irrigated Agriculture Water Use Efficiency,Kenya,2020,0.18047809,US$/m3,E,false
404,Water use,Pressure on water resources,SDG 6.4.1. Irrigated Agriculture Water Use Efficiency,Kenya,2021,0.183694227,US$/m3,E,false
404,Water use,Pressure on water resources,SDG 6.4.1. Irrigated Agriculture Water Use Efficiency,Kenya,2022,0.189805086,US$/m3,E,false
414,Water use,Pressure on water resources,SDG 6.4.1. Irrigated Agriculture Water Use Efficiency,Kuwait,2020,0.613235949,US$/m3,E,false
414,Water use,Pressure on water resources,SDG 6.4.1. Irrigated Agriculture Water Use Efficiency,Kuwait,2021,0.582736615,US$/m3,E,false
414,Water use,Pressure on water resources,SDG 6.4.1. Irrigated Agriculture Water Use Efficiency,Kuwait,2022,0.62573132,US$/m3,E,false
417,Water use,Pressure on water resources,SDG 6.4.1. Irrigated Agriculture Water Use Efficiency,Kyrgyzstan,2020,0.117399305,US$/m3,E,false
417,Water use,Pressure on water resources,SDG 6.4.1. Irrigated Agriculture Water Use Efficiency,Kyrgyzstan,2021,0.126548495,US$/m3,E,false
417,Water use,Pressure on water resources,SDG 6.4.1. Irrigated Agriculture Water Use Efficiency,Kyrgyzstan,2022,0.119105362,US$/m3,E,false
432,Water use,Pressure on water resources,SDG 6.4.1. Irrigated Agriculture Water Use Efficiency,Land Locked Developing Countries,2020,0.293679304,US$/m3,E,true
432,Water use,Pressure on water resources,SDG 6.4.1. Irrigated Agriculture Water Use Efficiency,Land Locked Developing Countries,2021,0.318967824,US$/m3,E,true
432,Water use,Pressure on water resources,SDG 6.4.1. Irrigated Agriculture Water Use Efficiency,Land Locked Developing Countries,2022,0.32110709,US$/m3,E,true
418,Water use,Pressure on water resources,SDG 6.4.1. Irrigated Agriculture Water Use Efficiency,Lao People's Democratic Republic,2020,0.155617165,US$/m3,E,false
418,Water use,Pressure on water resources,SDG 6.4.1. Irrigated Agriculture Water Use Efficiency,Lao People's Democratic Republic,2021,0.155843614,US$/m3,E,false
418,Water use,Pressure on water resources,SDG 6.4.1. Irrigated Agriculture Water Use Efficiency,Lao People's Democratic Republic,2022,0.181850646,US$/m3,E,false
419,Water use,Pressure on water resources,SDG 6.4.1. Irrigated Agriculture Water Use Efficiency,Latin America and the Caribbean,2020,0.271371112,US$/m3,E,true
419,Water use,Pressure on water resources,SDG 6.4.1. Irrigated Agriculture Water Use Efficiency,Latin America and the Caribbean,2021,0.321911472,US$/m3,E,true
419,Water use,Pressure on water resources,SDG 6.4.1. Irrigated Agriculture Water Use Efficiency,Latin America and the Caribbean,2022,0.329750357,US$/m3,E,true
428,Water use,Pressure on water resources,SDG 6.4.1. Irrigated Agriculture Water Use Efficiency,Latvia,2020,0.024917662,US$/m3,E,false
428,Water use,Pressure on water resources,SDG 6.4.1. Irrigated Agriculture Water Use Efficiency,Latvia,2021,0.028691723,US$/m3,E,false
428,Water use,Pressure on water resources,SDG 6.4.1. Irrigated Agriculture Water Use Efficiency,Latvia,2022,0.038095235,US$/m3,E,false
199,Water use,Pressure on water resources,SDG 6.4.1. Irrigated Agriculture Water Use Efficiency,Least Developed Countries,2020,0.326976569,US$/m3,E,true
199,Water use,Pressure on water resources,SDG 6.4.1. Irrigated Agriculture Water Use Efficiency,Least Developed Countries,2021,0.33484831,US$/m3,E,true
199,Water use,Pressure on water resources,SDG 6.4.1. Irrigated Agriculture Water Use Efficiency,Least Developed Countries,2022,0.343086924,US$/m3,E,true
422,Water use,Pressure on water resources,SDG 6.4.1. Irrigated Agriculture Water Use Efficiency,Lebanon,2020,4.285289173,US$/m3,E,false
422,Water use,Pressure on water resources,SDG 6.4.1. Irrigated Agriculture Water Use Efficiency,Lebanon,2021,1.8819912,US$/m3,E,false
422,Water use,Pressure on water resources,SDG 6.4.1. Irrigated Agriculture Water Use Efficiency,Lebanon,2022,1.940948215,US$/m3,E,false
426,Water use,Pressure on water resources,SDG 6.4.1. Irrigated Agriculture Water Use Efficiency,Lesotho,2020,0.017434154,US$/m3,E,false
426,Water use,Pressure on water resources,SDG 6.4.1. Irrigated Agriculture Water Use Efficiency,Lesotho,2021,0.019966384,US$/m3,E,false
426,Water use,Pressure on water resources,SDG 6.4.1. Irrigated Agriculture Water Use Efficiency,Lesotho,2022,0.020631974,US$/m3,E,false
430,Water use,Pressure on water resources,SDG 6.4.1. Irrigated Agriculture Water Use Efficiency,Liberia,2020,0.044816494,US$/m3,E,false
430,Water use,Pressure on water resources,SDG 6.4.1. Irrigated Agriculture Water Use Efficiency,Liberia,2021,0.042706228,US$/m3,E,false
430,Water use,Pressure on water resources,SDG 6.4.1. Irrigated Agriculture Water Use Efficiency,Liberia,2022,0.045089986,US$/m3,E,false
434,Water use,Pressure on water resources,SDG 6.4.1. Irrigated Agriculture Water Use Efficiency,Libya,2020,0.133252572,US$/m3,E,false
434,Water use,Pressure on water resources,SDG 6.4.1. Irrigated Agriculture Water Use Efficiency,Libya,2021,0.170948095,US$/m3,E,false
434,Water use,Pressure on water resources,SDG 6.4.1. Irrigated Agriculture Water Use Efficiency,Libya,2022,0.141826866,US$/m3,E,false
440,Water use,Pressure on water resources,SDG 6.4.1. Irrigated Agriculture Water Use Efficiency,Lithuania,2020,0.04710992,US$/m3,E,false
440,Water use,Pressure on water resources,SDG 6.4.1. Irrigated Agriculture Water Use Efficiency,Lithuania,2021,0.04941823,US$/m3,E,false
440,Water use,Pressure on water resources,SDG 6.4.1. Irrigated Agriculture Water Use Efficiency,Lithuania,2022,0.059663522,US$/m3,E,false
442,Water use,Pressure on water resources,SDG 6.4.1. Irrigated Agriculture Water Use Efficiency,Luxembourg,2020,0,US$/m3,E,false
442,Water use,Pressure on water resources,SDG 6.4.1. Irrigated Agriculture Water Use Efficiency,Luxembourg,2021,0,US$/m3,E,false
442,Water use,Pressure on water resources,SDG 6.4.1. Irrigated Agriculture Water Use Efficiency,Luxembourg,2022,0,US$/m3,E,false
450,Water use,Pressure on water resources,SDG 6.4.1. Irrigated Agriculture Water Use Efficiency,Madagascar,2020,0.107695454,US$/m3,E,false
450,Water use,Pressure on water resources,SDG 6.4.1. Irrigated Agriculture Water Use Efficiency,Madagascar,2021,0.105117327,US$/m3,E,false
450,Water use,Pressure on water resources,SDG 6.4.1. Irrigated Agriculture Water Use Efficiency,Madagascar,2022,0.105384675,US$/m3,E,false
454,Water use,Pressure on water resources,SDG 6.4.1. Irrigated Agriculture Water Use Efficiency,Malawi,2020,0.076453812,US$/m3,E,false
454,Water use,Pressure on water resources,SDG 6.4.1. Irrigated Agriculture Water Use Efficiency,Malawi,2021,0.081519293,US$/m3,E,false
454,Water use,Pressure on water resources,SDG 6.4.1. Irrigated Agriculture Water Use Efficiency,Malawi,2022,0.102427448,US$/m3,E,false
458,Water use,Pressure on water resources,SDG 6.4.1. Irrigated Agriculture Water Use Efficiency,Malaysia,2020,1.209272398,US$/m3,E,false
458,Water use,Pressure on water resources,SDG 6.4.1. Irrigated Agriculture Water Use Efficiency,Malaysia,2021,1.463325656,US$/m3,E,false
458,Water use,Pressure on water resources,SDG 6.4.1. Irrigated Agriculture Water Use Efficiency,Malaysia,2022,1.481019456,US$/m3,E,false
466,Water use,Pressure on water resources,SDG 6.4.1. Irrigated Agriculture Water Use Efficiency,Mali,2020,0.046714503,US$/m3,E,false
466,Water use,Pressure on water resources,SDG 6.4.1. Irrigated Agriculture Water Use Efficiency,Mali,2021,0.047709682,US$/m3,E,false
466,Water use,Pressure on water resources,SDG 6.4.1. Irrigated Agriculture Water Use Efficiency,Mali,2022,0.052293628,US$/m3,E,false
470,Water use,Pressure on water resources,SDG 6.4.1. Irrigated Agriculture Water Use Efficiency,Malta,2020,2.312356933,US$/m3,E,false
470,Water use,Pressure on water resources,SDG 6.4.1. Irrigated Agriculture Water Use Efficiency,Malta,2021,3.310324878,US$/m3,E,false
470,Water use,Pressure on water resources,SDG 6.4.1. Irrigated Agriculture Water Use Efficiency,Malta,2022,3.962499859,US$/m3,E,false
478,Water use,Pressure on water resources,SDG 6.4.1. Irrigated Agriculture Water Use Efficiency,Mauritania,2020,0.29487469,US$/m3,E,false
478,Water use,Pressure on water resources,SDG 6.4.1. Irrigated Agriculture Water Use Efficiency,Mauritania,2021,0.286084259,US$/m3,E,false
478,Water use,Pressure on water resources,SDG 6.4.1. Irrigated Agriculture Water Use Efficiency,Mauritania,2022,0.308797931,US$/m3,E,false
480,Water use,Pressure on water resources,SDG 6.4.1. Irrigated Agriculture Water Use Efficiency,Mauritius,2020,0.362625501,US$/m3,E,false
480,Water use,Pressure on water resources,SDG 6.4.1. Irrigated Agriculture Water Use Efficiency,Mauritius,2021,0.385076766,US$/m3,E,false
480,Water use,Pressure on water resources,SDG 6.4.1. Irrigated Agriculture Water Use Efficiency,Mauritius,2022,0.403889788,US$/m3,E,false
484,Water use,Pressure on water resources,SDG 6.4.1. Irrigated Agriculture Water Use Efficiency,Mexico,2020,0.266026023,US$/m3,E,false
484,Water use,Pressure on water resources,SDG 6.4.1. Irrigated Agriculture Water Use Efficiency,Mexico,2021,0.271864659,US$/m3,E,false
484,Water use,Pressure on water resources,SDG 6.4.1. Irrigated Agriculture Water Use Efficiency,Mexico,2022,0.304336643,US$/m3,E,false
496,Water use,Pressure on water resources,SDG 6.4.1. Irrigated Agriculture Water Use Efficiency,Mongolia,2020,0.509485668,US$/m3,E,false
496,Water use,Pressure on water resources,SDG 6.4.1. Irrigated Agriculture Water Use Efficiency,Mongolia,2021,0.525713275,US$/m3,E,false
496,Water use,Pressure on water resources,SDG 6.4.1. Irrigated Agriculture Water Use Efficiency,Mongolia,2022,0.546494442,US$/m3,E,false
499,Water use,Pressure on water resources,SDG 6.4.1. Irrigated Agriculture Water Use Efficiency,Montenegro,2020,0.939420178,US$/m3,E,false
499,Water use,Pressure on water resources,SDG 6.4.1. Irrigated Agriculture Water Use Efficiency,Montenegro,2021,0.817099076,US$/m3,E,false
499,Water use,Pressure on water resources,SDG 6.4.1. Irrigated Agriculture Water Use Efficiency,Montenegro,2022,0.982902346,US$/m3,E,false
504,Water use,Pressure on water resources,SDG 6.4.1. Irrigated Agriculture Water Use Efficiency,Morocco,2020,0.415836064,US$/m3,E,false
504,Water use,Pressure on water resources,SDG 6.4.1. Irrigated Agriculture Water Use Efficiency,Morocco,2021,0.506016198,US$/m3,E,false
504,Water use,Pressure on water resources,SDG 6.4.1. Irrigated Agriculture Water Use Efficiency,Morocco,2022,0.451873648,US$/m3,E,false
508,Water use,Pressure on water resources,SDG 6.4.1. Irrigated Agriculture Water Use Efficiency,Mozambique,2020,0.066866245,US$/m3,E,false
508,Water use,Pressure on water resources,SDG 6.4.1. Irrigated Agriculture Water Use Efficiency,Mozambique,2021,0.068488072,US$/m3,E,false
508,Water use,Pressure on water resources,SDG 6.4.1. Irrigated Agriculture Water Use Efficiency,Mozambique,2022,0.071026774,US$/m3,E,false
104,Water use,Pressure on water resources,SDG 6.4.1. Irrigated Agriculture Water Use Efficiency,Myanmar,2020,0.181379348,US$/m3,E,false
104,Water use,Pressure on water resources,SDG 6.4.1. Irrigated Agriculture Water Use Efficiency,Myanmar,2021,0.194133791,US$/m3,E,false
104,Water use,Pressure on water resources,SDG 6.4.1. Irrigated Agriculture Water Use Efficiency,Myanmar,2022,0.19764618,US$/m3,E,false
516,Water use,Pressure on water resources,SDG 6.4.1. Irrigated Agriculture Water Use Efficiency,Namibia,2020,0.07677288,US$/m3,E,false
516,Water use,Pressure on water resources,SDG 6.4.1. Irrigated Agriculture Water Use Efficiency,Namibia,2021,0.082361782,US$/m3,E,false
516,Water use,Pressure on water resources,SDG 6.4.1. Irrigated Agriculture Water Use Efficiency,Namibia,2022,0.077892865,US$/m3,E,false
524,Water use,Pressure on water resources,SDG 6.4.1. Irrigated Agriculture Water Use Efficiency,Nepal,2020,0.62809363,US$/m3,E,false
524,Water use,Pressure on water resources,SDG 6.4.1. Irrigated Agriculture Water Use Efficiency,Nepal,2021,0.653772104,US$/m3,E,false
524,Water use,Pressure on water resources,SDG 6.4.1. Irrigated Agriculture Water Use Efficiency,Nepal,2022,0.660347302,US$/m3,E,false
528,Water use,Pressure on water resources,SDG 6.4.1. Irrigated Agriculture Water Use Efficiency,Netherlands (Kingdom of the),2020,20.075497551,US$/m3,E,false
528,Water use,Pressure on water resources,SDG 6.4.1. Irrigated Agriculture Water Use Efficiency,Netherlands (Kingdom of the),2021,24.933830229,US$/m3,E,false
528,Water use,Pressure on water resources,SDG 6.4.1. Irrigated Agriculture Water Use Efficiency,Netherlands (Kingdom of the),2022,21.533001085,US$/m3,E,false
554,Water use,Pressure on water resources,SDG 6.4.1. Irrigated Agriculture Water Use Efficiency,New Zealand,2020,4.193840167,US$/m3,E,false
554,Water use,Pressure on water resources,SDG 6.4.1. Irrigated Agriculture Water Use Efficiency,New Zealand,2021,4.433176456,US$/m3,E,false
554,Water use,Pressure on water resources,SDG 6.4.1. Irrigated Agriculture Water Use Efficiency,New Zealand,2022,4.515922288,US$/m3,E,false
558,Water use,Pressure on water resources,SDG 6.4.1. Irrigated Agriculture Water Use Efficiency,Nicaragua,2020,0.145141783,US$/m3,E,false
558,Water use,Pressure on water resources,SDG 6.4.1. Irrigated Agriculture Water Use Efficiency,Nicaragua,2021,0.158050694,US$/m3,E,false
558,Water use,Pressure on water resources,SDG 6.4.1. Irrigated Agriculture Water Use Efficiency,Nicaragua,2022,0.177232406,US$/m3,E,false
562,Water use,Pressure on water resources,SDG 6.4.1. Irrigated Agriculture Water Use Efficiency,Niger,2020,0.003444776,US$/m3,E,false
562,Water use,Pressure on water resources,SDG 6.4.1. Irrigated Agriculture Water Use Efficiency,Niger,2021,0.003320021,US$/m3,E,false
562,Water use,Pressure on water resources,SDG 6.4.1. Irrigated Agriculture Water Use Efficiency,Niger,2022,0.003794751,US$/m3,E,false
566,Water use,Pressure on water resources,SDG 6.4.1. Irrigated Agriculture Water Use Efficiency,Nigeria,2020,0.251432333,US$/m3,E,false
566,Water use,Pressure on water resources,SDG 6.4.1. Irrigated Agriculture Water Use Efficiency,Nigeria,2021,0.252482626,US$/m3,E,false
566,Water use,Pressure on water resources,SDG 6.4.1. Irrigated Agriculture Water Use Efficiency,Nigeria,2022,0.264569234,US$/m3,E,false
807,Water use,Pressure on water resources,SDG 6.4.1. Irrigated Agriculture Water Use Efficiency,North Macedonia,2020,1.759372458,US$/m3,E,false
807,Water use,Pressure on water resources,SDG 6.4.1. Irrigated Agriculture Water Use Efficiency,North Macedonia,2021,1.533550573,US$/m3,E,false
807,Water use,Pressure on water resources,SDG 6.4.1. Irrigated Agriculture Water Use Efficiency,North Macedonia,2022,1.6237587,US$/m3,E,false
15,Water use,Pressure on water resources,SDG 6.4.1. Irrigated Agriculture Water Use Efficiency,Northern Africa,2020,0.563481167,US$/m3,E,true
15,Water use,Pressure on water resources,SDG 6.4.1. Irrigated Agriculture Water Use Efficiency,Northern Africa,2021,0.597704239,US$/m3,E,true
15,Water use,Pressure on water resources,SDG 6.4.1. Irrigated Agriculture Water Use Efficiency,Northern Africa,2022,0.606228068,US$/m3,E,true
747,Water use,Pressure on water resources,SDG 6.4.1. Irrigated Agriculture Water Use Efficiency,Northern Africa and Western Asia,2020,0.462815956,US$/m3,E,true
747,Water use,Pressure on water resources,SDG 6.4.1. Irrigated Agriculture Water Use Efficiency,Northern Africa and Western Asia,2021,0.450005108,US$/m3,E,true
747,Water use,Pressure on water resources,SDG 6.4.1. Irrigated Agriculture Water Use Efficiency,Northern Africa and Western Asia,2022,0.455579727,US$/m3,E,true
21,Water use,Pressure on water resources,SDG 6.4.1. Irrigated Agriculture Water Use Efficiency,Northern America,2020,0.166249485,US$/m3,E,true
21,Water use,Pressure on water resources,SDG 6.4.1. Irrigated Agriculture Water Use Efficiency,Northern America,2021,0.223707962,US$/m3,E,true
21,Water use,Pressure on water resources,SDG 6.4.1. Irrigated Agriculture Water Use Efficiency,Northern America,2022,0.25068387,US$/m3,E,true
578,Water use,Pressure on water resources,SDG 6.4.1. Irrigated Agriculture Water Use Efficiency,Norway,2020,0.370110423,US$/m3,E,false
578,Water use,Pressure on water resources,SDG 6.4.1. Irrigated Agriculture Water Use Efficiency,Norway,2021,0.344265848,US$/m3,E,false
578,Water use,Pressure on water resources,SDG 6.4.1. Irrigated Agriculture Water Use Efficiency,Norway,2022,0.333726211,US$/m3,E,false
9,Water use,Pressure on water resources,SDG 6.4.1. Irrigated Agriculture Water Use Efficiency,Oceania,2020,1.42454822,US$/m3,E,true
9,Water use,Pressure on water resources,SDG 6.4.1. Irrigated Agriculture Water Use Efficiency,Oceania,2021,1.346254064,US$/m3,E,true
9,Water use,Pressure on water resources,SDG 6.4.1. Irrigated Agriculture Water Use Efficiency,Oceania,2022,1.309516493,US$/m3,E,true
543,Water use,Pressure on water resources,SDG 6.4.1. Irrigated Agriculture Water Use Efficiency,Oceania (excluding Australia and New Zealand),2020,0.472871236,US$/m3,E,true
543,Water use,Pressure on water resources,SDG 6.4.1. Irrigated Agriculture Water Use Efficiency,Oceania (excluding Australia and New Zealand),2021,0.479496155,US$/m3,E,true
543,Water use,Pressure on water resources,SDG 6.4.1. Irrigated Agriculture Water Use Efficiency,Oceania (excluding Australia and New Zealand),2022,0.476093954,US$/m3,E,true
512,Water use,Pressure on water resources,SDG 6.4.1. Irrigated Agriculture Water Use Efficiency,Oman,2020,1.280906234,US$/m3,E,false
512,Water use,Pressure on water resources,SDG 6.4.1. Irrigated Agriculture Water Use Efficiency,Oman,2021,1.134117934,US$/m3,E,false
512,Water use,Pressure on water resources,SDG 6.4.1. Irrigated Agriculture Water Use Efficiency,Oman,2022,1.224369932,US$/m3,E,false
586,Water use,Pressure on water resources,SDG 6.4.1. Irrigated Agriculture Water Use Efficiency,Pakistan,2020,0.356143971,US$/m3,E,false
586,Water use,Pressure on water resources,SDG 6.4.1. Irrigated Agriculture Water Use Efficiency,Pakistan,2021,0.399369834,US$/m3,E,false
586,Water use,Pressure on water resources,SDG 6.4.1. Irrigated Agriculture Water Use Efficiency,Pakistan,2022,0.416078907,US$/m3,E,false
275,Water use,Pressure on water resources,SDG 6.4.1. Irrigated Agriculture Water Use Efficiency,Palestine,2020,3.601238468,US$/m3,E,false
275,Water use,Pressure on water resources,SDG 6.4.1. Irrigated Agriculture Water Use Efficiency,Palestine,2021,3.887630341,US$/m3,E,false
275,Water use,Pressure on water resources,SDG 6.4.1. Irrigated Agriculture Water Use Efficiency,Palestine,2022,4.199311788,US$/m3,E,false
591,Water use,Pressure on water resources,SDG 6.4.1. Irrigated Agriculture Water Use Efficiency,Panama,2020,0.357109297,US$/m3,E,false
591,Water use,Pressure on water resources,SDG 6.4.1. Irrigated Agriculture Water Use Efficiency,Panama,2021,0.372905632,US$/m3,E,false
591,Water use,Pressure on water resources,SDG 6.4.1. Irrigated Agriculture Water Use Efficiency,Panama,2022,0.407669832,US$/m3,E,false
600,Water use,Pressure on water resources,SDG 6.4.1. Irrigated Agriculture Water Use Efficiency,Paraguay,2020,0.195688976,US$/m3,E,false
600,Water use,Pressure on water resources,SDG 6.4.1. Irrigated Agriculture Water Use Efficiency,Paraguay,2021,0.214002078,US$/m3,E,false
600,Water use,Pressure on water resources,SDG 6.4.1. Irrigated Agriculture Water Use Efficiency,Paraguay,2022,0.208384797,US$/m3,E,false
604,Water use,Pressure on water resources,SDG 6.4.1. Irrigated Agriculture Water Use Efficiency,Peru,2020,0.263885629,US$/m3,E,false
604,Water use,Pressure on water resources,SDG 6.4.1. Irrigated Agriculture Water Use Efficiency,Peru,2021,0.436922963,US$/m3,E,false
604,Water use,Pressure on water resources,SDG 6.4.1. Irrigated Agriculture Water Use Efficiency,Peru,2022,0.485930729,US$/m3,E,false
608,Water use,Pressure on water resources,SDG 6.4.1. Irrigated Agriculture Water Use Efficiency,Philippines,2020,0.186345111,US$/m3,E,false
608,Water use,Pressure on water resources,SDG 6.4.1. Irrigated Agriculture Water Use Efficiency,Philippines,2021,0.198814882,US$/m3,E,false
608,Water use,Pressure on water resources,SDG 6.4.1. Irrigated Agriculture Water Use Efficiency,Philippines,2022,0.202934094,US$/m3,E,false
616,Water use,Pressure on water resources,SDG 6.4.1. Irrigated Agriculture Water Use Efficiency,Poland,2020,0.117975022,US$/m3,E,false
616,Water use,Pressure on water resources,SDG 6.4.1. Irrigated Agriculture Water Use Efficiency,Poland,2021,0.108971728,US$/m3,E,false
616,Water use,Pressure on water resources,SDG 6.4.1. Irrigated Agriculture Water Use Efficiency,Poland,2022,0.153949751,US$/m3,E,false
620,Water use,Pressure on water resources,SDG 6.4.1. Irrigated Agriculture Water Use Efficiency,Portugal,2020,0.518662115,US$/m3,E,false
620,Water use,Pressure on water resources,SDG 6.4.1. Irrigated Agriculture Water Use Efficiency,Portugal,2021,0.542474646,US$/m3,E,false
620,Water use,Pressure on water resources,SDG 6.4.1. Irrigated Agriculture Water Use Efficiency,Portugal,2022,0.499854455,US$/m3,E,false
630,Water use,Pressure on water resources,SDG 6.4.1. Irrigated Agriculture Water Use Efficiency,Puerto Rico,2020,1.915108235,US$/m3,E,false
630,Water use,Pressure on water resources,SDG 6.4.1. Irrigated Agriculture Water Use Efficiency,Puerto Rico,2021,1.94253383,US$/m3,E,false
630,Water use,Pressure on water resources,SDG 6.4.1. Irrigated Agriculture Water Use Efficiency,Puerto Rico,2022,1.988809516,US$/m3,E,false
634,Water use,Pressure on water resources,SDG 6.4.1. Irrigated Agriculture Water Use Efficiency,Qatar,2020,1.728979454,US$/m3,E,false
634,Water use,Pressure on water resources,SDG 6.4.1. Irrigated Agriculture Water Use Efficiency,Qatar,2021,1.519587984,US$/m3,E,false
634,Water use,Pressure on water resources,SDG 6.4.1. Irrigated Agriculture Water Use Efficiency,Qatar,2022,1.407845169,US$/m3,E,false
410,Water use,Pressure on water resources,SDG 6.4.1. Irrigated Agriculture Water Use Efficiency,Republic of Korea,2020,1.016366613,US$/m3,E,false
410,Water use,Pressure on water resources,SDG 6.4.1. Irrigated Agriculture Water Use Efficiency,Republic of Korea,2021,1.114119719,US$/m3,E,false
410,Water use,Pressure on water resources,SDG 6.4.1. Irrigated Agriculture Water Use Efficiency,Republic of Korea,2022,1.011377478,US$/m3,E,false
498,Water use,Pressure on water resources,SDG 6.4.1. Irrigated Agriculture Water Use Efficiency,Republic of Moldova,2020,2.693087904,US$/m3,E,false
498,Water use,Pressure on water resources,SDG 6.4.1. Irrigated Agriculture Water Use Efficiency,Republic of Moldova,2021,3.466921384,US$/m3,E,false
498,Water use,Pressure on water resources,SDG 6.4.1. Irrigated Agriculture Water Use Efficiency,Republic of Moldova,2022,2.42543553,US$/m3,E,false
642,Water use,Pressure on water resources,SDG 6.4.1. Irrigated Agriculture Water Use Efficiency,Romania,2020,0.34968832,US$/m3,E,false
642,Water use,Pressure on water resources,SDG 6.4.1. Irrigated Agriculture Water Use Efficiency,Romania,2021,0.282414039,US$/m3,E,false
642,Water use,Pressure on water resources,SDG 6.4.1. Irrigated Agriculture Water Use Efficiency,Romania,2022,0.365930783,US$/m3,E,false
643,Water use,Pressure on water resources,SDG 6.4.1. Irrigated Agriculture Water Use Efficiency,Russian Federation,2020,0.06017021,US$/m3,E,false
643,Water use,Pressure on water resources,SDG 6.4.1. Irrigated Agriculture Water Use Efficiency,Russian Federation,2021,0.061385579,US$/m3,E,false
643,Water use,Pressure on water resources,SDG 6.4.1. Irrigated Agriculture Water Use Efficiency,Russian Federation,2022,0.060603093,US$/m3,E,false
646,Water use,Pressure on water resources,SDG 6.4.1. Irrigated Agriculture Water Use Efficiency,Rwanda,2020,0.431750962,US$/m3,E,false
646,Water use,Pressure on water resources,SDG 6.4.1. Irrigated Agriculture Water Use Efficiency,Rwanda,2021,0.461496776,US$/m3,E,false
646,Water use,Pressure on water resources,SDG 6.4.1. Irrigated Agriculture Water Use Efficiency,Rwanda,2022,0.516290748,US$/m3,E,false
659,Water use,Pressure on water resources,SDG 6.4.1. Irrigated Agriculture Water Use Efficiency,Saint Kitts and Nevis,2020,0.43683635,US$/m3,E,false
659,Water use,Pressure on water resources,SDG 6.4.1. Irrigated Agriculture Water Use Efficiency,Saint Kitts and Nevis,2021,0.552700468,US$/m3,E,false
659,Water use,Pressure on water resources,SDG 6.4.1. Irrigated Agriculture Water Use Efficiency,Saint Kitts and Nevis,2022,0.538131421,US$/m3,E,false
662,Water use,Pressure on water resources,SDG 6.4.1. Irrigated Agriculture Water Use Efficiency,Saint Lucia,2020,0.001808963,US$/m3,E,false
662,Water use,Pressure on water resources,SDG 6.4.1. Irrigated Agriculture Water Use Efficiency,Saint Lucia,2021,0.001573148,US$/m3,E,false
662,Water use,Pressure on water resources,SDG 6.4.1. Irrigated Agriculture Water Use Efficiency,Saint Lucia,2022,0.001688146,US$/m3,E,false
678,Water use,Pressure on water resources,SDG 6.4.1. Irrigated Agriculture Water Use Efficiency,Sao Tome and Principe,2020,0.423055101,US$/m3,E,false
678,Water use,Pressure on water resources,SDG 6.4.1. Irrigated Agriculture Water Use Efficiency,Sao Tome and Principe,2021,0.384069508,US$/m3,E,false
678,Water use,Pressure on water resources,SDG 6.4.1. Irrigated Agriculture Water Use Efficiency,Sao Tome and Principe,2022,0.398196682,US$/m3,E,false
682,Water use,Pressure on water resources,SDG 6.4.1. Irrigated Agriculture Water Use Efficiency,Saudi Arabia,2020,0.947834486,US$/m3,E,false
682,Water use,Pressure on water resources,SDG 6.4.1. Irrigated Agriculture Water Use Efficiency,Saudi Arabia,2021,0.897339639,US$/m3,E,false
682,Water use,Pressure on water resources,SDG 6.4.1. Irrigated Agriculture Water Use Efficiency,Saudi Arabia,2022,0.870525074,US$/m3,E,false
686,Water use,Pressure on water resources,SDG 6.4.1. Irrigated Agriculture Water Use Efficiency,Senegal,2020,0.079891354,US$/m3,E,false
686,Water use,Pressure on water resources,SDG 6.4.1. Irrigated Agriculture Water Use Efficiency,Senegal,2021,0.081531593,US$/m3,E,false
686,Water use,Pressure on water resources,SDG 6.4.1. Irrigated Agriculture Water Use Efficiency,Senegal,2022,0.091569164,US$/m3,E,false
688,Water use,Pressure on water resources,SDG 6.4.1. Irrigated Agriculture Water Use Efficiency,Serbia,2020,0.25928046,US$/m3,E,false
688,Water use,Pressure on water resources,SDG 6.4.1. Irrigated Agriculture Water Use Efficiency,Serbia,2021,0.293406814,US$/m3,E,false
688,Water use,Pressure on water resources,SDG 6.4.1. Irrigated Agriculture Water Use Efficiency,Serbia,2022,0.323560039,US$/m3,E,false
690,Water use,Pressure on water resources,SDG 6.4.1. Irrigated Agriculture Water Use Efficiency,Seychelles,2020,3.666617825,US$/m3,E,false
690,Water use,Pressure on water resources,SDG 6.4.1. Irrigated Agriculture Water Use Efficiency,Seychelles,2021,4.070168182,US$/m3,E,false
690,Water use,Pressure on water resources,SDG 6.4.1. Irrigated Agriculture Water Use Efficiency,Seychelles,2022,4.349451674,US$/m3,E,false
694,Water use,Pressure on water resources,SDG 6.4.1. Irrigated Agriculture Water Use Efficiency,Sierra Leone,2020,3.782950825,US$/m3,E,false
694,Water use,Pressure on water resources,SDG 6.4.1. Irrigated Agriculture Water Use Efficiency,Sierra Leone,2021,3.803268315,US$/m3,E,false
694,Water use,Pressure on water resources,SDG 6.4.1. Irrigated Agriculture Water Use Efficiency,Sierra Leone,2022,3.946908282,US$/m3,E,false
703,Water use,Pressure on water resources,SDG 6.4.1. Irrigated Agriculture Water Use Efficiency,Slovakia,2020,1.696190049,US$/m3,E,false
703,Water use,Pressure on water resources,SDG 6.4.1. Irrigated Agriculture Water Use Efficiency,Slovakia,2021,1.66981972,US$/m3,E,false
703,Water use,Pressure on water resources,SDG 6.4.1. Irrigated Agriculture Water Use Efficiency,Slovakia,2022,1.843485903,US$/m3,E,false
705,Water use,Pressure on water resources,SDG 6.4.1. Irrigated Agriculture Water Use Efficiency,Slovenia,2020,8.520255016,US$/m3,E,false
705,Water use,Pressure on water resources,SDG 6.4.1. Irrigated Agriculture Water Use Efficiency,Slovenia,2021,9.098780378,US$/m3,E,false
705,Water use,Pressure on water resources,SDG 6.4.1. Irrigated Agriculture Water Use Efficiency,Slovenia,2022,9.701544508,US$/m3,E,false
722,Water use,Pressure on water resources,SDG 6.4.1. Irrigated Agriculture Water Use Efficiency,Small Island Developing States,2020,0.21754613,US$/m3,E,true
722,Water use,Pressure on water resources,SDG 6.4.1. Irrigated Agriculture Water Use Efficiency,Small Island Developing States,2021,0.215838412,US$/m3,E,true
722,Water use,Pressure on water resources,SDG 6.4.1. Irrigated Agriculture Water Use Efficiency,Small Island Developing States,2022,0.21901176,US$/m3,E,true
706,Water use,Pressure on water resources,SDG 6.4.1. Irrigated Agriculture Water Use Efficiency,Somalia,2020,0.186500543,US$/m3,E,false
706,Water use,Pressure on water resources,SDG 6.4.1. Irrigated Agriculture Water Use Efficiency,Somalia,2021,0.19267593,US$/m3,E,false
706,Water use,Pressure on water resources,SDG 6.4.1. Irrigated Agriculture Water Use Efficiency,Somalia,2022,0.197376345,US$/m3,E,false
710,Water use,Pressure on water resources,SDG 6.4.1. Irrigated Agriculture Water Use Efficiency,South Africa,2020,0.134414611,US$/m3,E,false
710,Water use,Pressure on water resources,SDG 6.4.1. Irrigated Agriculture Water Use Efficiency,South Africa,2021,0.138984604,US$/m3,E,false
710,Water use,Pressure on water resources,SDG 6.4.1. Irrigated Agriculture Water Use Efficiency,South Africa,2022,0.159182048,US$/m3,E,false
728,Water use,Pressure on water resources,SDG 6.4.1. Irrigated Agriculture Water Use Efficiency,South Sudan,2020,0.028924887,US$/m3,E,false
728,Water use,Pressure on water resources,SDG 6.4.1. Irrigated Agriculture Water Use Efficiency,South Sudan,2021,0.015388839,US$/m3,E,false
728,Water use,Pressure on water resources,SDG 6.4.1. Irrigated Agriculture Water Use Efficiency,South Sudan,2022,0.013333228,US$/m3,E,false
35,Water use,Pressure on water resources,SDG 6.4.1. Irrigated Agriculture Water Use Efficiency,South-eastern Asia,2020,0.311521246,US$/m3,E,true
35,Water use,Pressure on water resources,SDG 6.4.1. Irrigated Agriculture Water Use Efficiency,South-eastern Asia,2021,0.318886345,US$/m3,E,true
35,Water use,Pressure on water resources,SDG 6.4.1. Irrigated Agriculture Water Use Efficiency,South-eastern Asia,2022,0.320548842,US$/m3,E,true
34,Water use,Pressure on water resources,SDG 6.4.1. Irrigated Agriculture Water Use Efficiency,Southern Asia,2020,0.47089776,US$/m3,E,true
34,Water use,Pressure on water resources,SDG 6.4.1. Irrigated Agriculture Water Use Efficiency,Southern Asia,2021,0.485745944,US$/m3,E,true
34,Water use,Pressure on water resources,SDG 6.4.1. Irrigated Agriculture Water Use Efficiency,Southern Asia,2022,0.50184593,US$/m3,E,true
724,Water use,Pressure on water resources,SDG 6.4.1. Irrigated Agriculture Water Use Efficiency,Spain,2020,0.507031547,US$/m3,E,false
724,Water use,Pressure on water resources,SDG 6.4.1. Irrigated Agriculture Water Use Efficiency,Spain,2021,0.524006965,US$/m3,E,false
724,Water use,Pressure on water resources,SDG 6.4.1. Irrigated Agriculture Water Use Efficiency,Spain,2022,0.474597664,US$/m3,E,false
144,Water use,Pressure on water resources,SDG 6.4.1. Irrigated Agriculture Water Use Efficiency,Sri Lanka,2020,0.333890069,US$/m3,E,false
144,Water use,Pressure on water resources,SDG 6.4.1. Irrigated Agriculture Water Use Efficiency,Sri Lanka,2021,0.37064723,US$/m3,E,false
144,Water use,Pressure on water resources,SDG 6.4.1. Irrigated Agriculture Water Use Efficiency,Sri Lanka,2022,0.338346437,US$/m3,E,false
202,Water use,Pressure on water resources,SDG 6.4.1. Irrigated Agriculture Water Use Efficiency,Sub-Saharan Africa,2020,0.138611851,US$/m3,E,true
202,Water use,Pressure on water resources,SDG 6.4.1. Irrigated Agriculture Water Use Efficiency,Sub-Saharan Africa,2021,0.14337892,US$/m3,E,true
202,Water use,Pressure on water resources,SDG 6.4.1. Irrigated Agriculture Water Use Efficiency,Sub-Saharan Africa,2022,0.150477645,US$/m3,E,true
729,Water use,Pressure on water resources,SDG 6.4.1. Irrigated Agriculture Water Use Efficiency,Sudan,2020,0.164995231,US$/m3,E,false
729,Water use,Pressure on water resources,SDG 6.4.1. Irrigated Agriculture Water Use Efficiency,Sudan,2021,0.15629566,US$/m3,E,false
729,Water use,Pressure on water resources,SDG 6.4.1. Irrigated Agriculture Water Use Efficiency,Sudan,2022,0.15545312,US$/m3,E,false
740,Water use,Pressure on water resources,SDG 6.4.1. Irrigated Agriculture Water Use Efficiency,Suriname,2020,0.833552979,US$/m3,E,false
740,Water use,Pressure on water resources,SDG 6.4.1. Irrigated Agriculture Water Use Efficiency,Suriname,2021,0.889632569,US$/m3,E,false
740,Water use,Pressure on water resources,SDG 6.4.1. Irrigated Agriculture Water Use Efficiency,Suriname,2022,0.825131572,US$/m3,E,false
752,Water use,Pressure on water resources,SDG 6.4.1. Irrigated Agriculture Water Use Efficiency,Sweden,2020,3.519954461,US$/m3,E,false
752,Water use,Pressure on water resources,SDG 6.4.1. Irrigated Agriculture Water Use Efficiency,Sweden,2021,3.620359287,US$/m3,E,false
752,Water use,Pressure on water resources,SDG 6.4.1. Irrigated Agriculture Water Use Efficiency,Sweden,2022,4.234101552,US$/m3,E,false
756,Water use,Pressure on water resources,SDG 6.4.1. Irrigated Agriculture Water Use Efficiency,Switzerland,2020,6.416590839,US$/m3,E,false
756,Water use,Pressure on water resources,SDG 6.4.1. Irrigated Agriculture Water Use Efficiency,Switzerland,2021,6.000061652,US$/m3,E,false
756,Water use,Pressure on water resources,SDG 6.4.1. Irrigated Agriculture Water Use Efficiency,Switzerland,2022,6.04249668,US$/m3,E,false
760,Water use,Pressure on water resources,SDG 6.4.1. Irrigated Agriculture Water Use Efficiency,Syrian Arab Republic,2020,0.195780589,US$/m3,E,false
760,Water use,Pressure on water resources,SDG 6.4.1. Irrigated Agriculture Water Use Efficiency,Syrian Arab Republic,2021,0.150588236,US$/m3,E,false
760,Water use,Pressure on water resources,SDG 6.4.1. Irrigated Agriculture Water Use Efficiency,Syrian Arab Republic,2022,0.188100267,US$/m3,E,false
762,Water use,Pressure on water resources,SDG 6.4.1. Irrigated Agriculture Water Use Efficiency,Tajikistan,2020,0.288144573,US$/m3,E,false
762,Water use,Pressure on water resources,SDG 6.4.1. Irrigated Agriculture Water Use Efficiency,Tajikistan,2021,0.311997436,US$/m3,E,false
762,Water use,Pressure on water resources,SDG 6.4.1. Irrigated Agriculture Water Use Efficiency,Tajikistan,2022,0.369170836,US$/m3,E,false
764,Water use,Pressure on water resources,SDG 6.4.1. Irrigated Agriculture Water Use Efficiency,Thailand,2020,0.379311442,US$/m3,E,false
764,Water use,Pressure on water resources,SDG 6.4.1. Irrigated Agriculture Water Use Efficiency,Thailand,2021,0.385219037,US$/m3,E,false
764,Water use,Pressure on water resources,SDG 6.4.1. Irrigated Agriculture Water Use Efficiency,Thailand,2022,0.400377882,US$/m3,E,false
626,Water use,Pressure on water resources,SDG 6.4.1. Irrigated Agriculture Water Use Efficiency,Timor-Leste,2020,0.089969844,US$/m3,E,false
626,Water use,Pressure on water resources,SDG 6.4.1. Irrigated Agriculture Water Use Efficiency,Timor-Leste,2021,0.062243756,US$/m3,E,false
626,Water use,Pressure on water resources,SDG 6.4.1. Irrigated Agriculture Water Use Efficiency,Timor-Leste,2022,0.058690428,US$/m3,E,false
768,Water use,Pressure on water resources,SDG 6.4.1. Irrigated Agriculture Water Use Efficiency,Togo,2020,0.01523507,US$/m3,E,false
768,Water use,Pressure on water resources,SDG 6.4.1. Irrigated Agriculture Water Use Efficiency,Togo,2021,0.015846313,US$/m3,E,false
768,Water use,Pressure on water resources,SDG 6.4.1. Irrigated Agriculture Water Use Efficiency,Togo,2022,0.016568542,US$/m3,E,false
780,Water use,Pressure on water resources,SDG 6.4.1. Irrigated Agriculture Water Use Efficiency,Trinidad and Tobago,2020,4.011381988,US$/m3,E,false
780,Water use,Pressure on water resources,SDG 6.4.1. Irrigated Agriculture Water Use Efficiency,Trinidad and Tobago,2021,3.286044714,US$/m3,E,false
780,Water use,Pressure on water resources,SDG 6.4.1. Irrigated Agriculture Water Use Efficiency,Trinidad and Tobago,2022,2.441549098,US$/m3,E,false
788,Water use,Pressure on water resources,SDG 6.4.1. Irrigated Agriculture Water Use Efficiency,Tunisia,2020,0.314001113,US$/m3,E,false
788,Water use,Pressure on water resources,SDG 6.4.1. Irrigated Agriculture Water Use Efficiency,Tunisia,2021,0.319949857,US$/m3,E,false
788,Water use,Pressure on water resources,SDG 6.4.1. Irrigated Agriculture Water Use Efficiency,Tunisia,2022,0.317113947,US$/m3,E,false
795,Water use,Pressure on water resources,SDG 6.4.1. Irrigated Agriculture Water Use Efficiency,Turkmenistan,2020,0.232296712,US$/m3,E,false
795,Water use,Pressure on water resources,SDG 6.4.1. Irrigated Agriculture Water Use Efficiency,Turkmenistan,2021,0.243830974,US$/m3,E,false
795,Water use,Pressure on water resources,SDG 6.4.1. Irrigated Agriculture Water Use Efficiency,Turkmenistan,2022,0.247526225,US$/m3,E,false
792,Water use,Pressure on water resources,SDG 6.4.1. Irrigated Agriculture Water Use Efficiency,Türkiye,2020,0.152988547,US$/m3,E,false
792,Water use,Pressure on water resources,SDG 6.4.1. Irrigated Agriculture Water Use Efficiency,Türkiye,2021,0.142996094,US$/m3,E,false
792,Water use,Pressure on water resources,SDG 6.4.1. Irrigated Agriculture Water Use Efficiency,Türkiye,2022,0.172016765,US$/m3,E,false
800,Water use,Pressure on water resources,SDG 6.4.1. Irrigated Agriculture Water Use Efficiency,Uganda,2020,0.044415724,US$/m3,E,false
800,Water use,Pressure on water resources,SDG 6.4.1. Irrigated Agriculture Water Use Efficiency,Uganda,2021,0.045246252,US$/m3,E,false
800,Water use,Pressure on water resources,SDG 6.4.1. Irrigated Agriculture Water Use Efficiency,Uganda,2022,0.050700222,US$/m3,E,false
804,Water use,Pressure on water resources,SDG 6.4.1. Irrigated Agriculture Water Use Efficiency,Ukraine,2020,0.07065799,US$/m3,E,false
804,Water use,Pressure on water resources,SDG 6.4.1. Irrigated Agriculture Water Use Efficiency,Ukraine,2021,0.104657759,US$/m3,E,false
804,Water use,Pressure on water resources,SDG 6.4.1. Irrigated Agriculture Water Use Efficiency,Ukraine,2022,0.03045004,US$/m3,E,false
784,Water use,Pressure on water resources,SDG 6.4.1. Irrigated Agriculture Water Use Efficiency,United Arab Emirates,2020,1.595358385,US$/m3,E,false
784,Water use,Pressure on water resources,SDG 6.4.1. Irrigated Agriculture Water Use Efficiency,United Arab Emirates,2021,1.686334143,US$/m3,E,false
784,Water use,Pressure on water resources,SDG 6.4.1. Irrigated Agriculture Water Use Efficiency,United Arab Emirates,2022,1.44136363,US$/m3,E,false
826,Water use,Pressure on water resources,SDG 6.4.1. Irrigated Agriculture Water Use Efficiency,United Kingdom of Great Britain and Northern Ireland,2020,0.773890938,US$/m3,E,false
826,Water use,Pressure on water resources,SDG 6.4.1. Irrigated Agriculture Water Use Efficiency,United Kingdom of Great Britain and Northern Ireland,2021,0.904072941,US$/m3,E,false
826,Water use,Pressure on water resources,SDG 6.4.1. Irrigated Agriculture Water Use Efficiency,United Kingdom of Great Britain and Northern Ireland,2022,1.016053049,US$/m3,E,false
834,Water use,Pressure on water resources,SDG 6.4.1. Irrigated Agriculture Water Use Efficiency,United Republic of Tanzania,2020,0.233657795,US$/m3,E,false
834,Water use,Pressure on water resources,SDG 6.4.1. Irrigated Agriculture Water Use Efficiency,United Republic of Tanzania,2021,0.242157243,US$/m3,E,false
834,Water use,Pressure on water resources,SDG 6.4.1. Irrigated Agriculture Water Use Efficiency,United Republic of Tanzania,2022,0.234360544,US$/m3,E,false
840,Water use,Pressure on water resources,SDG 6.4.1. Irrigated Agriculture Water Use Efficiency,United States of America,2020,0.16438714,US$/m3,E,false
840,Water use,Pressure on water resources,SDG 6.4.1. Irrigated Agriculture Water Use Efficiency,United States of America,2021,0.222136316,US$/m3,E,false
840,Water use,Pressure on water resources,SDG 6.4.1. Irrigated Agriculture Water Use Efficiency,United States of America,2022,0.248753854,US$/m3,E,false
858,Water use,Pressure on water resources,SDG 6.4.1. Irrigated Agriculture Water Use Efficiency,Uruguay,2020,0.176638699,US$/m3,E,false
858,Water use,Pressure on water resources,SDG 6.4.1. Irrigated Agriculture Water Use Efficiency,Uruguay,2021,0.226350668,US$/m3,E,false
858,Water use,Pressure on water resources,SDG 6.4.1. Irrigated Agriculture Water Use Efficiency,Uruguay,2022,0.219935609,US$/m3,E,false
860,Water use,Pressure on water resources,SDG 6.4.1. Irrigated Agriculture Water Use Efficiency,Uzbekistan,2020,0.564576664,US$/m3,E,false
860,Water use,Pressure on water resources,SDG 6.4.1. Irrigated Agriculture Water Use Efficiency,Uzbekistan,2021,0.714255137,US$/m3,E,false
860,Water use,Pressure on water resources,SDG 6.4.1. Irrigated Agriculture Water Use Efficiency,Uzbekistan,2022,0.696681564,US$/m3,E,false
862,Water use,Pressure on water resources,SDG 6.4.1. Irrigated Agriculture Water Use Efficiency,Venezuela (Bolivarian Republic of),2020,0.112479647,US$/m3,E,false
862,Water use,Pressure on water resources,SDG 6.4.1. Irrigated Agriculture Water Use Efficiency,Venezuela (Bolivarian Republic of),2021,0.115663708,US$/m3,E,false
862,Water use,Pressure on water resources,SDG 6.4.1. Irrigated Agriculture Water Use Efficiency,Venezuela (Bolivarian Republic of),2022,0.11572176,US$/m3,E,false
704,Water use,Pressure on water resources,SDG 6.4.1. Irrigated Agriculture Water Use Efficiency,Viet Nam,2020,0.283681587,US$/m3,E,false
704,Water use,Pressure on water resources,SDG 6.4.1. Irrigated Agriculture Water Use Efficiency,Viet Nam,2021,0.28876345,US$/m3,E,false
704,Water use,Pressure on water resources,SDG 6.4.1. Irrigated Agriculture Water Use Efficiency,Viet Nam,2022,0.294953684,US$/m3,E,false
145,Water use,Pressure on water resources,SDG 6.4.1. Irrigated Agriculture Water Use Efficiency,Western Asia,2020,0.386912576,US$/m3,E,true
145,Water use,Pressure on water resources,SDG 6.4.1. Irrigated Agriculture Water Use Efficiency,Western Asia,2021,0.338348381,US$/m3,E,true
145,Water use,Pressure on water resources,SDG 6.4.1. Irrigated Agriculture Water Use Efficiency,Western Asia,2022,0.34316467,US$/m3,E,true
1,Water use,Pressure on water resources,SDG 6.4.1. Irrigated Agriculture Water Use Efficiency,World,2020,0.62295521,US$/m3,E,true
1,Water use,Pressure on water resources,SDG 6.4.1. Irrigated Agriculture Water Use Efficiency,World,2021,0.680469568,US$/m3,E,true
1,Water use,Pressure on water resources,SDG 6.4.1. Irrigated Agriculture Water Use Efficiency,World,2022,0.696021708,US$/m3,E,true
887,Water use,Pressure on water resources,SDG 6.4.1. Irrigated Agriculture Water Use Efficiency,Yemen,2020,0.623646565,US$/m3,E,false
887,Water use,Pressure on water resources,SDG 6.4.1. Irrigated Agriculture Water Use Efficiency,Yemen,2021,0.615422497,US$/m3,E,false
887,Water use,Pressure on water resources,SDG 6.4.1. Irrigated Agriculture Water Use Efficiency,Yemen,2022,0.627127993,US$/m3,E,false
894,Water use,Pressure on water resources,SDG 6.4.1. Irrigated Agriculture Water Use Efficiency,Zambia,2020,0.034991156,US$/m3,E,false
894,Water use,Pressure on water resources,SDG 6.4.1. Irrigated Agriculture Water Use Efficiency,Zambia,2021,0.041691978,US$/m3,E,false
894,Water use,Pressure on water resources,SDG 6.4.1. Irrigated Agriculture Water Use Efficiency,Zambia,2022,0.04062596,US$/m3,E,false
716,Water use,Pressure on water resources,SDG 6.4.1. Irrigated Agriculture Water Use Efficiency,Zimbabwe,2020,0.042450741,US$/m3,E,false
716,Water use,Pressure on water resources,SDG 6.4.1. Irrigated Agriculture Water Use Efficiency,Zimbabwe,2021,0.045521412,US$/m3,E,false
716,Water use,Pressure on water resources,SDG 6.4.1. Irrigated Agriculture Water Use Efficiency,Zimbabwe,2022,0.038165639,US$/m3,E,false
4,Water use,Pressure on water resources,SDG 6.4.1. Services Water Use Efficiency,Afghanistan,2020,57.852052999,US$/m3,E,false
4,Water use,Pressure on water resources,SDG 6.4.1. Services Water Use Efficiency,Afghanistan,2021,41.591601223,US$/m3,E,false
4,Water use,Pressure on water resources,SDG 6.4.1. Services Water Use Efficiency,Afghanistan,2022,37.216737208,US$/m3,E,false
8,Water use,Pressure on water resources,SDG 6.4.1. Services Water Use Efficiency,Albania,2020,28.533819245,US$/m3,E,false
8,Water use,Pressure on water resources,SDG 6.4.1. Services Water Use Efficiency,Albania,2021,31.212759154,US$/m3,E,false
8,Water use,Pressure on water resources,SDG 6.4.1. Services Water Use Efficiency,Albania,2022,32.521264206,US$/m3,E,false
12,Water use,Pressure on water resources,SDG 6.4.1. Services Water Use Efficiency,Algeria,2020,23.475400329,US$/m3,E,false
12,Water use,Pressure on water resources,SDG 6.4.1. Services Water Use Efficiency,Algeria,2021,24.227368782,US$/m3,E,false
12,Water use,Pressure on water resources,SDG 6.4.1. Services Water Use Efficiency,Algeria,2022,25.408560487,US$/m3,E,false
24,Water use,Pressure on water resources,SDG 6.4.1. Services Water Use Efficiency,Angola,2020,147.63491679,US$/m3,E,false
24,Water use,Pressure on water resources,SDG 6.4.1. Services Water Use Efficiency,Angola,2021,138.948997778,US$/m3,E,false
24,Water use,Pressure on water resources,SDG 6.4.1. Services Water Use Efficiency,Angola,2022,142.960474595,US$/m3,E,false
28,Water use,Pressure on water resources,SDG 6.4.1. Services Water Use Efficiency,Antigua and Barbuda,2020,131.280618119,US$/m3,E,false
28,Water use,Pressure on water resources,SDG 6.4.1. Services Water Use Efficiency,Antigua and Barbuda,2021,137.735875869,US$/m3,E,false
28,Water use,Pressure on water resources,SDG 6.4.1. Services Water Use Efficiency,Antigua and Barbuda,2022,148.804146669,US$/m3,E,false
32,Water use,Pressure on water resources,SDG 6.4.1. Services Water Use Efficiency,Argentina,2020,53.687165074,US$/m3,E,false
32,Water use,Pressure on water resources,SDG 6.4.1. Services Water Use Efficiency,Argentina,2021,56.523839935,US$/m3,E,false
32,Water use,Pressure on water resources,SDG 6.4.1. Services Water Use Efficiency,Argentina,2022,59.743545381,US$/m3,E,false
51,Water use,Pressure on water resources,SDG 6.4.1. Services Water Use Efficiency,Armenia,2020,10.419220571,US$/m3,E,false
51,Water use,Pressure on water resources,SDG 6.4.1. Services Water Use Efficiency,Armenia,2021,11.857597965,US$/m3,E,false
51,Water use,Pressure on water resources,SDG 6.4.1. Services Water Use Efficiency,Armenia,2022,15.483972771,US$/m3,E,false
36,Water use,Pressure on water resources,SDG 6.4.1. Services Water Use Efficiency,Australia,2020,439.087103531,US$/m3,E,false
36,Water use,Pressure on water resources,SDG 6.4.1. Services Water Use Efficiency,Australia,2021,392.150977832,US$/m3,E,false
36,Water use,Pressure on water resources,SDG 6.4.1. Services Water Use Efficiency,Australia,2022,397.255112055,US$/m3,E,false
53,Water use,Pressure on water resources,SDG 6.4.1. Services Water Use Efficiency,Australia and New Zealand,2020,400.299943221,US$/m3,E,true
53,Water use,Pressure on water resources,SDG 6.4.1. Services Water Use Efficiency,Australia and New Zealand,2021,369.194936526,US$/m3,E,true
53,Water use,Pressure on water resources,SDG 6.4.1. Services Water Use Efficiency,Australia and New Zealand,2022,375.589793534,US$/m3,E,true
40,Water use,Pressure on water resources,SDG 6.4.1. Services Water Use Efficiency,Austria,2020,606.835038256,US$/m3,E,false
40,Water use,Pressure on water resources,SDG 6.4.1. Services Water Use Efficiency,Austria,2021,7665.258404467,US$/m3,E,false
40,Water use,Pressure on water resources,SDG 6.4.1. Services Water Use Efficiency,Austria,2022,8044.521458646,US$/m3,E,false
31,Water use,Pressure on water resources,SDG 6.4.1. Services Water Use Efficiency,Azerbaijan,2020,51.505641504,US$/m3,E,false
31,Water use,Pressure on water resources,SDG 6.4.1. Services Water Use Efficiency,Azerbaijan,2021,51.390445644,US$/m3,E,false
31,Water use,Pressure on water resources,SDG 6.4.1. Services Water Use Efficiency,Azerbaijan,2022,45.764218383,US$/m3,E,false
44,Water use,Pressure on water resources,SDG 6.4.1. Services Water Use Efficiency,Bahamas,2020,249.841765691,US$/m3,E,false
44,Water use,Pressure on water resources,SDG 6.4.1. Services Water Use Efficiency,Bahamas,2021,287.089473408,US$/m3,E,false
44,Water use,Pressure on water resources,SDG 6.4.1. Services Water Use Efficiency,Bahamas,2022,328.692139917,US$/m3,E,false
48,Water use,Pressure on water resources,SDG 6.4.1. Services Water Use Efficiency,Bahrain,2020,70.837702127,US$/m3,E,false
48,Water use,Pressure on water resources,SDG 6.4.1. Services Water Use Efficiency,Bahrain,2021,66.413444091,US$/m3,E,false
48,Water use,Pressure on water resources,SDG 6.4.1. Services Water Use Efficiency,Bahrain,2022,72.95898914,US$/m3,E,false
50,Water use,Pressure on water resources,SDG 6.4.1. Services Water Use Efficiency,Bangladesh,2020,46.921009978,US$/m3,E,false
50,Water use,Pressure on water resources,SDG 6.4.1. Services Water Use Efficiency,Bangladesh,2021,49.742851974,US$/m3,E,false
50,Water use,Pressure on water resources,SDG 6.4.1. Services Water Use Efficiency,Bangladesh,2022,53.186387992,US$/m3,E,false
52,Water use,Pressure on water resources,SDG 6.4.1. Services Water Use Efficiency,Barbados,2020,158.865168644,US$/m3,E,false
52,Water use,Pressure on water resources,SDG 6.4.1. Services Water Use Efficiency,Barbados,2021,155.249562848,US$/m3,E,false
52,Water use,Pressure on water resources,SDG 6.4.1. Services Water Use Efficiency,Barbados,2022,175.16752244,US$/m3,E,false
112,Water use,Pressure on water resources,SDG 6.4.1. Services Water Use Efficiency,Belarus,2020,56.132468404,US$/m3,E,false
112,Water use,Pressure on water resources,SDG 6.4.1. Services Water Use Efficiency,Belarus,2021,52.467025762,US$/m3,E,false
112,Water use,Pressure on water resources,SDG 6.4.1. Services Water Use Efficiency,Belarus,2022,49.46510778,US$/m3,E,false
56,Water use,Pressure on water resources,SDG 6.4.1. Services Water Use Efficiency,Belgium,2020,395.227571293,US$/m3,E,false
56,Water use,Pressure on water resources,SDG 6.4.1. Services Water Use Efficiency,Belgium,2021,418.868222939,US$/m3,E,false
56,Water use,Pressure on water resources,SDG 6.4.1. Services Water Use Efficiency,Belgium,2022,499.052656712,US$/m3,E,false
84,Water use,Pressure on water resources,SDG 6.4.1. Services Water Use Efficiency,Belize,2020,111.923769246,US$/m3,E,false
84,Water use,Pressure on water resources,SDG 6.4.1. Services Water Use Efficiency,Belize,2021,128.672841335,US$/m3,E,false
84,Water use,Pressure on water resources,SDG 6.4.1. Services Water Use Efficiency,Belize,2022,140.334673603,US$/m3,E,false
204,Water use,Pressure on water resources,SDG 6.4.1. Services Water Use Efficiency,Benin,2020,49.40766796,US$/m3,E,false
204,Water use,Pressure on water resources,SDG 6.4.1. Services Water Use Efficiency,Benin,2021,50.795292214,US$/m3,E,false
204,Water use,Pressure on water resources,SDG 6.4.1. Services Water Use Efficiency,Benin,2022,55.177288848,US$/m3,E,false
64,Water use,Pressure on water resources,SDG 6.4.1. Services Water Use Efficiency,Bhutan,2020,93.840102874,US$/m3,E,false
64,Water use,Pressure on water resources,SDG 6.4.1. Services Water Use Efficiency,Bhutan,2021,94.530237252,US$/m3,E,false
64,Water use,Pressure on water resources,SDG 6.4.1. Services Water Use Efficiency,Bhutan,2022,98.411893304,US$/m3,E,false
68,Water use,Pressure on water resources,SDG 6.4.1. Services Water Use Efficiency,Bolivia (Plurinational State of),2020,74.742749383,US$/m3,E,false
68,Water use,Pressure on water resources,SDG 6.4.1. Services Water Use Efficiency,Bolivia (Plurinational State of),2021,77.31701292,US$/m3,E,false
68,Water use,Pressure on water resources,SDG 6.4.1. Services Water Use Efficiency,Bolivia (Plurinational State of),2022,78.614026544,US$/m3,E,false
70,Water use,Pressure on water resources,SDG 6.4.1. Services Water Use Efficiency,Bosnia and Herzegovina,2020,34.920775587,US$/m3,E,false
70,Water use,Pressure on water resources,SDG 6.4.1. Services Water Use Efficiency,Bosnia and Herzegovina,2021,36.615941239,US$/m3,E,false
70,Water use,Pressure on water resources,SDG 6.4.1. Services Water Use Efficiency,Bosnia and Herzegovina,2022,37.397584444,US$/m3,E,false
72,Water use,Pressure on water resources,SDG 6.4.1. Services Water Use Efficiency,Botswana,2020,91.379957332,US$/m3,E,false
72,Water use,Pressure on water resources,SDG 6.4.1. Services Water Use Efficiency,Botswana,2021,79.253477279,US$/m3,E,false
72,Water use,Pressure on water resources,SDG 6.4.1. Services Water Use Efficiency,Botswana,2022,77.274798309,US$/m3,E,false
76,Water use,Pressure on water resources,SDG 6.4.1. Services Water Use Efficiency,Brazil,2020,70.078149532,US$/m3,E,false
76,Water use,Pressure on water resources,SDG 6.4.1. Services Water Use Efficiency,Brazil,2021,68.20240971,US$/m3,E,false
76,Water use,Pressure on water resources,SDG 6.4.1. Services Water Use Efficiency,Brazil,2022,71.265965389,US$/m3,E,false
96,Water use,Pressure on water resources,SDG 6.4.1. Services Water Use Efficiency,Brunei Darussalam,2020,37.727407736,US$/m3,E,false
96,Water use,Pressure on water resources,SDG 6.4.1. Services Water Use Efficiency,Brunei Darussalam,2021,33.702587474,US$/m3,E,false
96,Water use,Pressure on water resources,SDG 6.4.1. Services Water Use Efficiency,Brunei Darussalam,2022,28.614009875,US$/m3,E,false
100,Water use,Pressure on water resources,SDG 6.4.1. Services Water Use Efficiency,Bulgaria,2020,42.634703172,US$/m3,E,false
100,Water use,Pressure on water resources,SDG 6.4.1. Services Water Use Efficiency,Bulgaria,2021,47.673778247,US$/m3,E,false
100,Water use,Pressure on water resources,SDG 6.4.1. Services Water Use Efficiency,Bulgaria,2022,49.365036644,US$/m3,E,false
854,Water use,Pressure on water resources,SDG 6.4.1. Services Water Use Efficiency,Burkina Faso,2020,16.171377603,US$/m3,E,false
854,Water use,Pressure on water resources,SDG 6.4.1. Services Water Use Efficiency,Burkina Faso,2021,17.658627733,US$/m3,E,false
854,Water use,Pressure on water resources,SDG 6.4.1. Services Water Use Efficiency,Burkina Faso,2022,17.418853906,US$/m3,E,false
108,Water use,Pressure on water resources,SDG 6.4.1. Services Water Use Efficiency,Burundi,2020,31.439956163,US$/m3,E,false
108,Water use,Pressure on water resources,SDG 6.4.1. Services Water Use Efficiency,Burundi,2021,31.936416777,US$/m3,E,false
108,Water use,Pressure on water resources,SDG 6.4.1. Services Water Use Efficiency,Burundi,2022,32.941595907,US$/m3,E,false
132,Water use,Pressure on water resources,SDG 6.4.1. Services Water Use Efficiency,Cabo Verde,2020,6.747317324,US$/m3,E,false
132,Water use,Pressure on water resources,SDG 6.4.1. Services Water Use Efficiency,Cabo Verde,2021,8.582054054,US$/m3,E,false
132,Water use,Pressure on water resources,SDG 6.4.1. Services Water Use Efficiency,Cabo Verde,2022,9.419701677,US$/m3,E,false
116,Water use,Pressure on water resources,SDG 6.4.1. Services Water Use Efficiency,Cambodia,2020,87.276126703,US$/m3,E,false
116,Water use,Pressure on water resources,SDG 6.4.1. Services Water Use Efficiency,Cambodia,2021,84.014456635,US$/m3,E,false
116,Water use,Pressure on water resources,SDG 6.4.1. Services Water Use Efficiency,Cambodia,2022,87.551586589,US$/m3,E,false
120,Water use,Pressure on water resources,SDG 6.4.1. Services Water Use Efficiency,Cameroon,2020,81.076798681,US$/m3,E,false
120,Water use,Pressure on water resources,SDG 6.4.1. Services Water Use Efficiency,Cameroon,2021,82.707338509,US$/m3,E,false
120,Water use,Pressure on water resources,SDG 6.4.1. Services Water Use Efficiency,Cameroon,2022,85.111226865,US$/m3,E,false
124,Water use,Pressure on water resources,SDG 6.4.1. Services Water Use Efficiency,Canada,2020,230.846025104,US$/m3,E,false
124,Water use,Pressure on water resources,SDG 6.4.1. Services Water Use Efficiency,Canada,2021,242.859743518,US$/m3,E,false
124,Water use,Pressure on water resources,SDG 6.4.1. Services Water Use Efficiency,Canada,2022,250.29441948,US$/m3,E,false
140,Water use,Pressure on water resources,SDG 6.4.1. Services Water Use Efficiency,Central African Republic,2020,14.500120728,US$/m3,E,false
140,Water use,Pressure on water resources,SDG 6.4.1. Services Water Use Efficiency,Central African Republic,2021,14.64285848,US$/m3,E,false
140,Water use,Pressure on water resources,SDG 6.4.1. Services Water Use Efficiency,Central African Republic,2022,14.707340124,US$/m3,E,false
143,Water use,Pressure on water resources,SDG 6.4.1. Services Water Use Efficiency,Central Asia,2020,21.55176938,US$/m3,E,true
143,Water use,Pressure on water resources,SDG 6.4.1. Services Water Use Efficiency,Central Asia,2021,24.78865566,US$/m3,E,true
143,Water use,Pressure on water resources,SDG 6.4.1. Services Water Use Efficiency,Central Asia,2022,22.869400734,US$/m3,E,true
62,Water use,Pressure on water resources,SDG 6.4.1. Services Water Use Efficiency,Central and Southern Asia,2020,25.575054773,US$/m3,E,true
62,Water use,Pressure on water resources,SDG 6.4.1. Services Water Use Efficiency,Central and Southern Asia,2021,27.398490567,US$/m3,E,true
62,Water use,Pressure on water resources,SDG 6.4.1. Services Water Use Efficiency,Central and Southern Asia,2022,28.839909334,US$/m3,E,true
148,Water use,Pressure on water resources,SDG 6.4.1. Services Water Use Efficiency,Chad,2020,51.079598096,US$/m3,E,false
148,Water use,Pressure on water resources,SDG 6.4.1. Services Water Use Efficiency,Chad,2021,41.753577255,US$/m3,E,false
148,Water use,Pressure on water resources,SDG 6.4.1. Services Water Use Efficiency,Chad,2022,34.026021638,US$/m3,E,false
152,Water use,Pressure on water resources,SDG 6.4.1. Services Water Use Efficiency,Chile,2020,113.403382396,US$/m3,E,false
152,Water use,Pressure on water resources,SDG 6.4.1. Services Water Use Efficiency,Chile,2021,121.185754651,US$/m3,E,false
152,Water use,Pressure on water resources,SDG 6.4.1. Services Water Use Efficiency,Chile,2022,123.495955072,US$/m3,E,false
156,Water use,Pressure on water resources,SDG 6.4.1. Services Water Use Efficiency,China,2020,74.409235157,US$/m3,E,false
156,Water use,Pressure on water resources,SDG 6.4.1. Services Water Use Efficiency,China,2021,88.877697548,US$/m3,E,false
156,Water use,Pressure on water resources,SDG 6.4.1. Services Water Use Efficiency,China,2022,88.518232644,US$/m3,E,false
170,Water use,Pressure on water resources,SDG 6.4.1. Services Water Use Efficiency,Colombia,2020,57.467216928,US$/m3,E,false
170,Water use,Pressure on water resources,SDG 6.4.1. Services Water Use Efficiency,Colombia,2021,62.940997131,US$/m3,E,false
170,Water use,Pressure on water resources,SDG 6.4.1. Services Water Use Efficiency,Colombia,2022,60.916373399,US$/m3,E,false
174,Water use,Pressure on water resources,SDG 6.4.1. Services Water Use Efficiency,Comoros,2020,129.793383483,US$/m3,E,false
174,Water use,Pressure on water resources,SDG 6.4.1. Services Water Use Efficiency,Comoros,2021,130.39774599,US$/m3,E,false
174,Water use,Pressure on water resources,SDG 6.4.1. Services Water Use Efficiency,Comoros,2022,130.11431451,US$/m3,E,false
178,Water use,Pressure on water resources,SDG 6.4.1. Services Water Use Efficiency,Congo,2020,84.134826518,US$/m3,E,false
178,Water use,Pressure on water resources,SDG 6.4.1. Services Water Use Efficiency,Congo,2021,69.987260308,US$/m3,E,false
178,Water use,Pressure on water resources,SDG 6.4.1. Services Water Use Efficiency,Congo,2022,64.459859893,US$/m3,E,false
188,Water use,Pressure on water resources,SDG 6.4.1. Services Water Use Efficiency,Costa Rica,2020,53.057671165,US$/m3,E,false
188,Water use,Pressure on water resources,SDG 6.4.1. Services Water Use Efficiency,Costa Rica,2021,41.46828464,US$/m3,E,false
188,Water use,Pressure on water resources,SDG 6.4.1. Services Water Use Efficiency,Costa Rica,2022,43.355451126,US$/m3,E,false
191,Water use,Pressure on water resources,SDG 6.4.1. Services Water Use Efficiency,Croatia,2020,76.212148307,US$/m3,E,false
191,Water use,Pressure on water resources,SDG 6.4.1. Services Water Use Efficiency,Croatia,2021,84.8781394,US$/m3,E,false
191,Water use,Pressure on water resources,SDG 6.4.1. Services Water Use Efficiency,Croatia,2022,87.601256486,US$/m3,E,false
192,Water use,Pressure on water resources,SDG 6.4.1. Services Water Use Efficiency,Cuba,2020,35.702960882,US$/m3,E,false
192,Water use,Pressure on water resources,SDG 6.4.1. Services Water Use Efficiency,Cuba,2021,42.332402092,US$/m3,E,false
192,Water use,Pressure on water resources,SDG 6.4.1. Services Water Use Efficiency,Cuba,2022,41.760287431,US$/m3,E,false
196,Water use,Pressure on water resources,SDG 6.4.1. Services Water Use Efficiency,Cyprus,2020,177.942066391,US$/m3,E,false
196,Water use,Pressure on water resources,SDG 6.4.1. Services Water Use Efficiency,Cyprus,2021,186.444313497,US$/m3,E,false
196,Water use,Pressure on water resources,SDG 6.4.1. Services Water Use Efficiency,Cyprus,2022,189.918042447,US$/m3,E,false
203,Water use,Pressure on water resources,SDG 6.4.1. Services Water Use Efficiency,Czechia,2020,201.511013336,US$/m3,E,false
203,Water use,Pressure on water resources,SDG 6.4.1. Services Water Use Efficiency,Czechia,2021,210.198028393,US$/m3,E,false
203,Water use,Pressure on water resources,SDG 6.4.1. Services Water Use Efficiency,Czechia,2022,214.942936826,US$/m3,E,false
384,Water use,Pressure on water resources,SDG 6.4.1. Services Water Use Efficiency,Côte d'Ivoire,2020,101.281994325,US$/m3,E,false
384,Water use,Pressure on water resources,SDG 6.4.1. Services Water Use Efficiency,Côte d'Ivoire,2021,110.752625057,US$/m3,E,false
384,Water use,Pressure on water resources,SDG 6.4.1. Services Water Use Efficiency,Côte d'Ivoire,2022,117.752676204,US$/m3,E,false
408,Water use,Pressure on water resources,SDG 6.4.1. Services Water Use Efficiency,Democratic People's Republic of Korea,2020,6.554204593,US$/m3,E,false
408,Water use,Pressure on water resources,SDG 6.4.1. Services Water Use Efficiency,Democratic People's Republic of Korea,2021,6.257931501,US$/m3,E,false
408,Water use,Pressure on water resources,SDG 6.4.1. Services Water Use Efficiency,Democratic People's Republic of Korea,2022,5.897786895,US$/m3,E,false
180,Water use,Pressure on water resources,SDG 6.4.1. Services Water Use Efficiency,Democratic Republic of the Congo,2020,41.137365074,US$/m3,E,false
180,Water use,Pressure on water resources,SDG 6.4.1. Services Water Use Efficiency,Democratic Republic of the Congo,2021,39.78447205,US$/m3,E,false
180,Water use,Pressure on water resources,SDG 6.4.1. Services Water Use Efficiency,Democratic Republic of the Congo,2022,42.814031807,US$/m3,E,false
208,Water use,Pressure on water resources,SDG 6.4.1. Services Water Use Efficiency,Denmark,2020,543.651803722,US$/m3,E,false
208,Water use,Pressure on water resources,SDG 6.4.1. Services Water Use Efficiency,Denmark,2021,605.500210859,US$/m3,E,false
208,Water use,Pressure on water resources,SDG 6.4.1. Services Water Use Efficiency,Denmark,2022,648.823163274,US$/m3,E,false
262,Water use,Pressure on water resources,SDG 6.4.1. Services Water Use Efficiency,Djibouti,2020,163.30773279,US$/m3,E,false
262,Water use,Pressure on water resources,SDG 6.4.1. Services Water Use Efficiency,Djibouti,2021,158.59191518,US$/m3,E,false
262,Water use,Pressure on water resources,SDG 6.4.1. Services Water Use Efficiency,Djibouti,2022,174.921945834,US$/m3,E,false
212,Water use,Pressure on water resources,SDG 6.4.1. Services Water Use Efficiency,Dominica,2020,15.48521967,US$/m3,E,false
212,Water use,Pressure on water resources,SDG 6.4.1. Services Water Use Efficiency,Dominica,2021,15.968417632,US$/m3,E,false
212,Water use,Pressure on water resources,SDG 6.4.1. Services Water Use Efficiency,Dominica,2022,16.919870626,US$/m3,E,false
214,Water use,Pressure on water resources,SDG 6.4.1. Services Water Use Efficiency,Dominican Republic,2020,57.270753419,US$/m3,E,false
214,Water use,Pressure on water resources,SDG 6.4.1. Services Water Use Efficiency,Dominican Republic,2021,61.278950943,US$/m3,E,false
214,Water use,Pressure on water resources,SDG 6.4.1. Services Water Use Efficiency,Dominican Republic,2022,64.108791489,US$/m3,E,false
30,Water use,Pressure on water resources,SDG 6.4.1. Services Water Use Efficiency,Eastern Asia,2020,95.24891822,US$/m3,E,true
30,Water use,Pressure on water resources,SDG 6.4.1. Services Water Use Efficiency,Eastern Asia,2021,108.3578743,US$/m3,E,true
30,Water use,Pressure on water resources,SDG 6.4.1. Services Water Use Efficiency,Eastern Asia,2022,108.484619035,US$/m3,E,true
753,Water use,Pressure on water resources,SDG 6.4.1. Services Water Use Efficiency,Eastern and South-Eastern Asia,2020,81.920975012,US$/m3,E,true
753,Water use,Pressure on water resources,SDG 6.4.1. Services Water Use Efficiency,Eastern and South-Eastern Asia,2021,91.992612579,US$/m3,E,true
753,Water use,Pressure on water resources,SDG 6.4.1. Services Water Use Efficiency,Eastern and South-Eastern Asia,2022,92.383626786,US$/m3,E,true
218,Water use,Pressure on water resources,SDG 6.4.1. Services Water Use Efficiency,Ecuador,2020,39.947192021,US$/m3,E,false
218,Water use,Pressure on water resources,SDG 6.4.1. Services Water Use Efficiency,Ecuador,2021,41.626641572,US$/m3,E,false
218,Water use,Pressure on water resources,SDG 6.4.1. Services Water Use Efficiency,Ecuador,2022,43.159682196,US$/m3,E,false
818,Water use,Pressure on water resources,SDG 6.4.1. Services Water Use Efficiency,Egypt,2020,19.915131596,US$/m3,E,false
818,Water use,Pressure on water resources,SDG 6.4.1. Services Water Use Efficiency,Egypt,2021,22.023167105,US$/m3,E,false
818,Water use,Pressure on water resources,SDG 6.4.1. Services Water Use Efficiency,Egypt,2022,23.063172601,US$/m3,E,false
222,Water use,Pressure on water resources,SDG 6.4.1. Services Water Use Efficiency,El Salvador,2020,37.997494513,US$/m3,E,false
222,Water use,Pressure on water resources,SDG 6.4.1. Services Water Use Efficiency,El Salvador,2021,39.923172775,US$/m3,E,false
222,Water use,Pressure on water resources,SDG 6.4.1. Services Water Use Efficiency,El Salvador,2022,39.630268125,US$/m3,E,false
226,Water use,Pressure on water resources,SDG 6.4.1. Services Water Use Efficiency,Equatorial Guinea,2020,319.610271236,US$/m3,E,false
226,Water use,Pressure on water resources,SDG 6.4.1. Services Water Use Efficiency,Equatorial Guinea,2021,284.461944967,US$/m3,E,false
226,Water use,Pressure on water resources,SDG 6.4.1. Services Water Use Efficiency,Equatorial Guinea,2022,284.463208561,US$/m3,E,false
232,Water use,Pressure on water resources,SDG 6.4.1. Services Water Use Efficiency,Eritrea,2020,39.704126292,US$/m3,E,false
232,Water use,Pressure on water resources,SDG 6.4.1. Services Water Use Efficiency,Eritrea,2021,40.931246036,US$/m3,E,false
232,Water use,Pressure on water resources,SDG 6.4.1. Services Water Use Efficiency,Eritrea,2022,41.99589342,US$/m3,E,false
233,Water use,Pressure on water resources,SDG 6.4.1. Services Water Use Efficiency,Estonia,2020,280.936979848,US$/m3,E,false
233,Water use,Pressure on water resources,SDG 6.4.1. Services Water Use Efficiency,Estonia,2021,262.443299729,US$/m3,E,false
233,Water use,Pressure on water resources,SDG 6.4.1. Services Water Use Efficiency,Estonia,2022,289.059500485,US$/m3,E,false
748,Water use,Pressure on water resources,SDG 6.4.1. Services Water Use Efficiency,Eswatini,2020,59.072025292,US$/m3,E,false
748,Water use,Pressure on water resources,SDG 6.4.1. Services Water Use Efficiency,Eswatini,2021,63.629435731,US$/m3,E,false
748,Water use,Pressure on water resources,SDG 6.4.1. Services Water Use Efficiency,Eswatini,2022,61.831297322,US$/m3,E,false
231,Water use,Pressure on water resources,SDG 6.4.1. Services Water Use Efficiency,Ethiopia,2020,42.288479777,US$/m3,E,false
231,Water use,Pressure on water resources,SDG 6.4.1. Services Water Use Efficiency,Ethiopia,2021,44.320354141,US$/m3,E,false
231,Water use,Pressure on water resources,SDG 6.4.1. Services Water Use Efficiency,Ethiopia,2022,46.540097601,US$/m3,E,false
150,Water use,Pressure on water resources,SDG 6.4.1. Services Water Use Efficiency,Europe,2020,178.935940926,US$/m3,E,true
150,Water use,Pressure on water resources,SDG 6.4.1. Services Water Use Efficiency,Europe,2021,189.159880676,US$/m3,E,true
150,Water use,Pressure on water resources,SDG 6.4.1. Services Water Use Efficiency,Europe,2022,195.750616275,US$/m3,E,true
513,Water use,Pressure on water resources,SDG 6.4.1. Services Water Use Efficiency,Europe and Northern America,2020,224.779963757,US$/m3,E,true
513,Water use,Pressure on water resources,SDG 6.4.1. Services Water Use Efficiency,Europe and Northern America,2021,237.198986238,US$/m3,E,true
513,Water use,Pressure on water resources,SDG 6.4.1. Services Water Use Efficiency,Europe and Northern America,2022,242.456080249,US$/m3,E,true
242,Water use,Pressure on water resources,SDG 6.4.1. Services Water Use Efficiency,Fiji,2020,94.047495867,US$/m3,E,false
242,Water use,Pressure on water resources,SDG 6.4.1. Services Water Use Efficiency,Fiji,2021,90.053174732,US$/m3,E,false
242,Water use,Pressure on water resources,SDG 6.4.1. Services Water Use Efficiency,Fiji,2022,110.545027831,US$/m3,E,false
246,Water use,Pressure on water resources,SDG 6.4.1. Services Water Use Efficiency,Finland,2020,312.765529066,US$/m3,E,false
246,Water use,Pressure on water resources,SDG 6.4.1. Services Water Use Efficiency,Finland,2021,323.27998461,US$/m3,E,false
246,Water use,Pressure on water resources,SDG 6.4.1. Services Water Use Efficiency,Finland,2022,324.746394896,US$/m3,E,false
250,Water use,Pressure on water resources,SDG 6.4.1. Services Water Use Efficiency,France,2020,330.755502804,US$/m3,E,false
250,Water use,Pressure on water resources,SDG 6.4.1. Services Water Use Efficiency,France,2021,356.443282623,US$/m3,E,false
250,Water use,Pressure on water resources,SDG 6.4.1. Services Water Use Efficiency,France,2022,364.17051739,US$/m3,E,false
266,Water use,Pressure on water resources,SDG 6.4.1. Services Water Use Efficiency,Gabon,2020,86.474272608,US$/m3,E,false
266,Water use,Pressure on water resources,SDG 6.4.1. Services Water Use Efficiency,Gabon,2021,72.803151508,US$/m3,E,false
266,Water use,Pressure on water resources,SDG 6.4.1. Services Water Use Efficiency,Gabon,2022,70.841414864,US$/m3,E,false
270,Water use,Pressure on water resources,SDG 6.4.1. Services Water Use Efficiency,Gambia,2020,23.027094081,US$/m3,E,false
270,Water use,Pressure on water resources,SDG 6.4.1. Services Water Use Efficiency,Gambia,2021,23.903451317,US$/m3,E,false
270,Water use,Pressure on water resources,SDG 6.4.1. Services Water Use Efficiency,Gambia,2022,25.40859272,US$/m3,E,false
268,Water use,Pressure on water resources,SDG 6.4.1. Services Water Use Efficiency,Georgia,2020,16.835224084,US$/m3,E,false
268,Water use,Pressure on water resources,SDG 6.4.1. Services Water Use Efficiency,Georgia,2021,21.601155336,US$/m3,E,false
268,Water use,Pressure on water resources,SDG 6.4.1. Services Water Use Efficiency,Georgia,2022,25.344731598,US$/m3,E,false
276,Water use,Pressure on water resources,SDG 6.4.1. Services Water Use Efficiency,Germany,2020,213.402738457,US$/m3,E,false
276,Water use,Pressure on water resources,SDG 6.4.1. Services Water Use Efficiency,Germany,2021,220.284813719,US$/m3,E,false
276,Water use,Pressure on water resources,SDG 6.4.1. Services Water Use Efficiency,Germany,2022,222.877661844,US$/m3,E,false
288,Water use,Pressure on water resources,SDG 6.4.1. Services Water Use Efficiency,Ghana,2020,99.881085826,US$/m3,E,false
288,Water use,Pressure on water resources,SDG 6.4.1. Services Water Use Efficiency,Ghana,2021,105.604586492,US$/m3,E,false
288,Water use,Pressure on water resources,SDG 6.4.1. Services Water Use Efficiency,Ghana,2022,100.605807126,US$/m3,E,false
300,Water use,Pressure on water resources,SDG 6.4.1. Services Water Use Efficiency,Greece,2020,80.218661824,US$/m3,E,false
300,Water use,Pressure on water resources,SDG 6.4.1. Services Water Use Efficiency,Greece,2021,86.291690377,US$/m3,E,false
300,Water use,Pressure on water resources,SDG 6.4.1. Services Water Use Efficiency,Greece,2022,91.143428847,US$/m3,E,false
308,Water use,Pressure on water resources,SDG 6.4.1. Services Water Use Efficiency,Grenada,2020,57.249953629,US$/m3,E,false
308,Water use,Pressure on water resources,SDG 6.4.1. Services Water Use Efficiency,Grenada,2021,58.416214938,US$/m3,E,false
308,Water use,Pressure on water resources,SDG 6.4.1. Services Water Use Efficiency,Grenada,2022,60.648365498,US$/m3,E,false
320,Water use,Pressure on water resources,SDG 6.4.1. Services Water Use Efficiency,Guatemala,2020,53.656874304,US$/m3,E,false
320,Water use,Pressure on water resources,SDG 6.4.1. Services Water Use Efficiency,Guatemala,2021,57.977860672,US$/m3,E,false
320,Water use,Pressure on water resources,SDG 6.4.1. Services Water Use Efficiency,Guatemala,2022,60.183276655,US$/m3,E,false
324,Water use,Pressure on water resources,SDG 6.4.1. Services Water Use Efficiency,Guinea,2020,21.473746805,US$/m3,E,false
324,Water use,Pressure on water resources,SDG 6.4.1. Services Water Use Efficiency,Guinea,2021,21.904435087,US$/m3,E,false
324,Water use,Pressure on water resources,SDG 6.4.1. Services Water Use Efficiency,Guinea,2022,22.950474401,US$/m3,E,false
624,Water use,Pressure on water resources,SDG 6.4.1. Services Water Use Efficiency,Guinea-Bissau,2020,20.040918778,US$/m3,E,false
624,Water use,Pressure on water resources,SDG 6.4.1. Services Water Use Efficiency,Guinea-Bissau,2021,21.915490824,US$/m3,E,false
624,Water use,Pressure on water resources,SDG 6.4.1. Services Water Use Efficiency,Guinea-Bissau,2022,22.774293635,US$/m3,E,false
328,Water use,Pressure on water resources,SDG 6.4.1. Services Water Use Efficiency,Guyana,2020,47.140623123,US$/m3,E,false
328,Water use,Pressure on water resources,SDG 6.4.1. Services Water Use Efficiency,Guyana,2021,44.566221397,US$/m3,E,false
328,Water use,Pressure on water resources,SDG 6.4.1. Services Water Use Efficiency,Guyana,2022,45.457088604,US$/m3,E,false
332,Water use,Pressure on water resources,SDG 6.4.1. Services Water Use Efficiency,Haiti,2020,38.601789131,US$/m3,E,false
332,Water use,Pressure on water resources,SDG 6.4.1. Services Water Use Efficiency,Haiti,2021,38.585088214,US$/m3,E,false
332,Water use,Pressure on water resources,SDG 6.4.1. Services Water Use Efficiency,Haiti,2022,35.376772816,US$/m3,E,false
340,Water use,Pressure on water resources,SDG 6.4.1. Services Water Use Efficiency,Honduras,2020,43.780739442,US$/m3,E,false
340,Water use,Pressure on water resources,SDG 6.4.1. Services Water Use Efficiency,Honduras,2021,48.027675971,US$/m3,E,false
340,Water use,Pressure on water resources,SDG 6.4.1. Services Water Use Efficiency,Honduras,2022,49.661759636,US$/m3,E,false
348,Water use,Pressure on water resources,SDG 6.4.1. Services Water Use Efficiency,Hungary,2020,125.584766873,US$/m3,E,false
348,Water use,Pressure on water resources,SDG 6.4.1. Services Water Use Efficiency,Hungary,2021,138.771538225,US$/m3,E,false
348,Water use,Pressure on water resources,SDG 6.4.1. Services Water Use Efficiency,Hungary,2022,139.976600093,US$/m3,E,false
352,Water use,Pressure on water resources,SDG 6.4.1. Services Water Use Efficiency,Iceland,2020,166.478371159,US$/m3,E,false
352,Water use,Pressure on water resources,SDG 6.4.1. Services Water Use Efficiency,Iceland,2021,173.101207982,US$/m3,E,false
352,Water use,Pressure on water resources,SDG 6.4.1. Services Water Use Efficiency,Iceland,2022,183.707435313,US$/m3,E,false
356,Water use,Pressure on water resources,SDG 6.4.1. Services Water Use Efficiency,India,2020,23.453062373,US$/m3,E,false
356,Water use,Pressure on water resources,SDG 6.4.1. Services Water Use Efficiency,India,2021,25.35895269,US$/m3,E,false
356,Water use,Pressure on water resources,SDG 6.4.1. Services Water Use Efficiency,India,2022,27.564530186,US$/m3,E,false
360,Water use,Pressure on water resources,SDG 6.4.1. Services Water Use Efficiency,Indonesia,2020,19.692441656,US$/m3,E,false
360,Water use,Pressure on water resources,SDG 6.4.1. Services Water Use Efficiency,Indonesia,2021,19.69986285,US$/m3,E,false
360,Water use,Pressure on water resources,SDG 6.4.1. Services Water Use Efficiency,Indonesia,2022,20.233214981,US$/m3,E,false
364,Water use,Pressure on water resources,SDG 6.4.1. Services Water Use Efficiency,Iran (Islamic Republic of),2020,36.854972742,US$/m3,E,false
364,Water use,Pressure on water resources,SDG 6.4.1. Services Water Use Efficiency,Iran (Islamic Republic of),2021,37.185171315,US$/m3,E,false
364,Water use,Pressure on water resources,SDG 6.4.1. Services Water Use Efficiency,Iran (Islamic Republic of),2022,37.364697533,US$/m3,E,false
368,Water use,Pressure on water resources,SDG 6.4.1. Services Water Use Efficiency,Iraq,2020,11.982615288,US$/m3,E,false
368,Water use,Pressure on water resources,SDG 6.4.1. Services Water Use Efficiency,Iraq,2021,12.064994734,US$/m3,E,false
368,Water use,Pressure on water resources,SDG 6.4.1. Services Water Use Efficiency,Iraq,2022,10.353503611,US$/m3,E,false
372,Water use,Pressure on water resources,SDG 6.4.1. Services Water Use Efficiency,Ireland,2020,231.148599397,US$/m3,E,false
372,Water use,Pressure on water resources,SDG 6.4.1. Services Water Use Efficiency,Ireland,2021,251.764967047,US$/m3,E,false
372,Water use,Pressure on water resources,SDG 6.4.1. Services Water Use Efficiency,Ireland,2022,243.133983986,US$/m3,E,false
376,Water use,Pressure on water resources,SDG 6.4.1. Services Water Use Efficiency,Israel,2020,259.742692682,US$/m3,E,false
376,Water use,Pressure on water resources,SDG 6.4.1. Services Water Use Efficiency,Israel,2021,283.414895757,US$/m3,E,false
376,Water use,Pressure on water resources,SDG 6.4.1. Services Water Use Efficiency,Israel,2022,297.796258689,US$/m3,E,false
380,Water use,Pressure on water resources,SDG 6.4.1. Services Water Use Efficiency,Italy,2020,132.217980727,US$/m3,E,false
380,Water use,Pressure on water resources,SDG 6.4.1. Services Water Use Efficiency,Italy,2021,137.58273406,US$/m3,E,false
380,Water use,Pressure on water resources,SDG 6.4.1. Services Water Use Efficiency,Italy,2022,144.505539313,US$/m3,E,false
388,Water use,Pressure on water resources,SDG 6.4.1. Services Water Use Efficiency,Jamaica,2020,22.284193932,US$/m3,E,false
388,Water use,Pressure on water resources,SDG 6.4.1. Services Water Use Efficiency,Jamaica,2021,25.500892573,US$/m3,E,false
388,Water use,Pressure on water resources,SDG 6.4.1. Services Water Use Efficiency,Jamaica,2022,26.652056301,US$/m3,E,false
392,Water use,Pressure on water resources,SDG 6.4.1. Services Water Use Efficiency,Japan,2020,235.250918445,US$/m3,E,false
392,Water use,Pressure on water resources,SDG 6.4.1. Services Water Use Efficiency,Japan,2021,240.386290467,US$/m3,E,false
392,Water use,Pressure on water resources,SDG 6.4.1. Services Water Use Efficiency,Japan,2022,243.090615712,US$/m3,E,false
400,Water use,Pressure on water resources,SDG 6.4.1. Services Water Use Efficiency,Jordan,2020,52.66752631,US$/m3,E,false
400,Water use,Pressure on water resources,SDG 6.4.1. Services Water Use Efficiency,Jordan,2021,53.498470951,US$/m3,E,false
400,Water use,Pressure on water resources,SDG 6.4.1. Services Water Use Efficiency,Jordan,2022,54.408891852,US$/m3,E,false
398,Water use,Pressure on water resources,SDG 6.4.1. Services Water Use Efficiency,Kazakhstan,2020,25.205957854,US$/m3,E,false
398,Water use,Pressure on water resources,SDG 6.4.1. Services Water Use Efficiency,Kazakhstan,2021,30.626916493,US$/m3,E,false
398,Water use,Pressure on water resources,SDG 6.4.1. Services Water Use Efficiency,Kazakhstan,2022,25.226503662,US$/m3,E,false
404,Water use,Pressure on water resources,SDG 6.4.1. Services Water Use Efficiency,Kenya,2020,95.211506424,US$/m3,E,false
404,Water use,Pressure on water resources,SDG 6.4.1. Services Water Use Efficiency,Kenya,2021,104.301334476,US$/m3,E,false
404,Water use,Pressure on water resources,SDG 6.4.1. Services Water Use Efficiency,Kenya,2022,108.915531237,US$/m3,E,false
414,Water use,Pressure on water resources,SDG 6.4.1. Services Water Use Efficiency,Kuwait,2020,166.035057186,US$/m3,E,false
414,Water use,Pressure on water resources,SDG 6.4.1. Services Water Use Efficiency,Kuwait,2021,143.73526236,US$/m3,E,false
414,Water use,Pressure on water resources,SDG 6.4.1. Services Water Use Efficiency,Kuwait,2022,162.221908575,US$/m3,E,false
417,Water use,Pressure on water resources,SDG 6.4.1. Services Water Use Efficiency,Kyrgyzstan,2020,17.296390838,US$/m3,E,false
417,Water use,Pressure on water resources,SDG 6.4.1. Services Water Use Efficiency,Kyrgyzstan,2021,18.029018513,US$/m3,E,false
417,Water use,Pressure on water resources,SDG 6.4.1. Services Water Use Efficiency,Kyrgyzstan,2022,19.790465415,US$/m3,E,false
432,Water use,Pressure on water resources,SDG 6.4.1. Services Water Use Efficiency,Land Locked Developing Countries,2020,29.409467336,US$/m3,E,true
432,Water use,Pressure on water resources,SDG 6.4.1. Services Water Use Efficiency,Land Locked Developing Countries,2021,31.958790325,US$/m3,E,true
432,Water use,Pressure on water resources,SDG 6.4.1. Services Water Use Efficiency,Land Locked Developing Countries,2022,30.649672735,US$/m3,E,true
418,Water use,Pressure on water resources,SDG 6.4.1. Services Water Use Efficiency,Lao People's Democratic Republic,2020,75.241069814,US$/m3,E,false
418,Water use,Pressure on water resources,SDG 6.4.1. Services Water Use Efficiency,Lao People's Democratic Republic,2021,76.050259945,US$/m3,E,false
418,Water use,Pressure on water resources,SDG 6.4.1. Services Water Use Efficiency,Lao People's Democratic Republic,2022,76.962305604,US$/m3,E,false
419,Water use,Pressure on water resources,SDG 6.4.1. Services Water Use Efficiency,Latin America and the Caribbean,2020,55.212592736,US$/m3,E,true
419,Water use,Pressure on water resources,SDG 6.4.1. Services Water Use Efficiency,Latin America and the Caribbean,2021,55.362312118,US$/m3,E,true
419,Water use,Pressure on water resources,SDG 6.4.1. Services Water Use Efficiency,Latin America and the Caribbean,2022,57.410922754,US$/m3,E,true
428,Water use,Pressure on water resources,SDG 6.4.1. Services Water Use Efficiency,Latvia,2020,201.863971523,US$/m3,E,false
428,Water use,Pressure on water resources,SDG 6.4.1. Services Water Use Efficiency,Latvia,2021,210.299818412,US$/m3,E,false
428,Water use,Pressure on water resources,SDG 6.4.1. Services Water Use Efficiency,Latvia,2022,228.357450523,US$/m3,E,false
199,Water use,Pressure on water resources,SDG 6.4.1. Services Water Use Efficiency,Least Developed Countries,2020,37.719451996,US$/m3,E,true
199,Water use,Pressure on water resources,SDG 6.4.1. Services Water Use Efficiency,Least Developed Countries,2021,38.178893052,US$/m3,E,true
199,Water use,Pressure on water resources,SDG 6.4.1. Services Water Use Efficiency,Least Developed Countries,2022,39.635485972,US$/m3,E,true
422,Water use,Pressure on water resources,SDG 6.4.1. Services Water Use Efficiency,Lebanon,2020,120.419503353,US$/m3,E,false
422,Water use,Pressure on water resources,SDG 6.4.1. Services Water Use Efficiency,Lebanon,2021,123.066878632,US$/m3,E,false
422,Water use,Pressure on water resources,SDG 6.4.1. Services Water Use Efficiency,Lebanon,2022,108.333109642,US$/m3,E,false
426,Water use,Pressure on water resources,SDG 6.4.1. Services Water Use Efficiency,Lesotho,2020,60.576945823,US$/m3,E,false
426,Water use,Pressure on water resources,SDG 6.4.1. Services Water Use Efficiency,Lesotho,2021,59.098939444,US$/m3,E,false
426,Water use,Pressure on water resources,SDG 6.4.1. Services Water Use Efficiency,Lesotho,2022,60.056807813,US$/m3,E,false
430,Water use,Pressure on water resources,SDG 6.4.1. Services Water Use Efficiency,Liberia,2020,5.357927282,US$/m3,E,false
430,Water use,Pressure on water resources,SDG 6.4.1. Services Water Use Efficiency,Liberia,2021,5.593310785,US$/m3,E,false
430,Water use,Pressure on water resources,SDG 6.4.1. Services Water Use Efficiency,Liberia,2022,5.851378854,US$/m3,E,false
434,Water use,Pressure on water resources,SDG 6.4.1. Services Water Use Efficiency,Libya,2020,37.006465874,US$/m3,E,false
434,Water use,Pressure on water resources,SDG 6.4.1. Services Water Use Efficiency,Libya,2021,45.882638628,US$/m3,E,false
434,Water use,Pressure on water resources,SDG 6.4.1. Services Water Use Efficiency,Libya,2022,37.748224851,US$/m3,E,false
438,Water use,Pressure on water resources,SDG 6.4.1. Services Water Use Efficiency,Liechtenstein,2020,484.789952775,US$/m3,E,false
438,Water use,Pressure on water resources,SDG 6.4.1. Services Water Use Efficiency,Liechtenstein,2021,479.982654821,US$/m3,E,false
438,Water use,Pressure on water resources,SDG 6.4.1. Services Water Use Efficiency,Liechtenstein,2022,486.793180967,US$/m3,E,false
440,Water use,Pressure on water resources,SDG 6.4.1. Services Water Use Efficiency,Lithuania,2020,228.497158798,US$/m3,E,false
440,Water use,Pressure on water resources,SDG 6.4.1. Services Water Use Efficiency,Lithuania,2021,235.47138087,US$/m3,E,false
440,Water use,Pressure on water resources,SDG 6.4.1. Services Water Use Efficiency,Lithuania,2022,246.101473431,US$/m3,E,false
442,Water use,Pressure on water resources,SDG 6.4.1. Services Water Use Efficiency,Luxembourg,2020,1122.990450219,US$/m3,E,false
442,Water use,Pressure on water resources,SDG 6.4.1. Services Water Use Efficiency,Luxembourg,2021,1390.070558424,US$/m3,E,false
442,Water use,Pressure on water resources,SDG 6.4.1. Services Water Use Efficiency,Luxembourg,2022,1343.99476173,US$/m3,E,false
450,Water use,Pressure on water resources,SDG 6.4.1. Services Water Use Efficiency,Madagascar,2020,15.638165097,US$/m3,E,false
450,Water use,Pressure on water resources,SDG 6.4.1. Services Water Use Efficiency,Madagascar,2021,16.488511491,US$/m3,E,false
450,Water use,Pressure on water resources,SDG 6.4.1. Services Water Use Efficiency,Madagascar,2022,16.61069566,US$/m3,E,false
454,Water use,Pressure on water resources,SDG 6.4.1. Services Water Use Efficiency,Malawi,2020,40.702956322,US$/m3,E,false
454,Water use,Pressure on water resources,SDG 6.4.1. Services Water Use Efficiency,Malawi,2021,41.832273827,US$/m3,E,false
454,Water use,Pressure on water resources,SDG 6.4.1. Services Water Use Efficiency,Malawi,2022,41.479119405,US$/m3,E,false
458,Water use,Pressure on water resources,SDG 6.4.1. Services Water Use Efficiency,Malaysia,2020,147.595894494,US$/m3,E,false
458,Water use,Pressure on water resources,SDG 6.4.1. Services Water Use Efficiency,Malaysia,2021,143.294554876,US$/m3,E,false
458,Water use,Pressure on water resources,SDG 6.4.1. Services Water Use Efficiency,Malaysia,2022,152.88783556,US$/m3,E,false
462,Water use,Pressure on water resources,SDG 6.4.1. Services Water Use Efficiency,Maldives,2020,487.415259577,US$/m3,E,false
462,Water use,Pressure on water resources,SDG 6.4.1. Services Water Use Efficiency,Maldives,2021,681.507813518,US$/m3,E,false
462,Water use,Pressure on water resources,SDG 6.4.1. Services Water Use Efficiency,Maldives,2022,779.494548636,US$/m3,E,false
466,Water use,Pressure on water resources,SDG 6.4.1. Services Water Use Efficiency,Mali,2020,58.333420807,US$/m3,E,false
466,Water use,Pressure on water resources,SDG 6.4.1. Services Water Use Efficiency,Mali,2021,62.142620789,US$/m3,E,false
466,Water use,Pressure on water resources,SDG 6.4.1. Services Water Use Efficiency,Mali,2022,67.073007489,US$/m3,E,false
470,Water use,Pressure on water resources,SDG 6.4.1. Services Water Use Efficiency,Malta,2020,272.180962871,US$/m3,E,false
470,Water use,Pressure on water resources,SDG 6.4.1. Services Water Use Efficiency,Malta,2021,311.905516341,US$/m3,E,false
470,Water use,Pressure on water resources,SDG 6.4.1. Services Water Use Efficiency,Malta,2022,324.558899405,US$/m3,E,false
478,Water use,Pressure on water resources,SDG 6.4.1. Services Water Use Efficiency,Mauritania,2020,32.542605188,US$/m3,E,false
478,Water use,Pressure on water resources,SDG 6.4.1. Services Water Use Efficiency,Mauritania,2021,32.967302946,US$/m3,E,false
478,Water use,Pressure on water resources,SDG 6.4.1. Services Water Use Efficiency,Mauritania,2022,36.998695852,US$/m3,E,false
480,Water use,Pressure on water resources,SDG 6.4.1. Services Water Use Efficiency,Mauritius,2020,28.091996108,US$/m3,E,false
480,Water use,Pressure on water resources,SDG 6.4.1. Services Water Use Efficiency,Mauritius,2021,28.403843575,US$/m3,E,false
480,Water use,Pressure on water resources,SDG 6.4.1. Services Water Use Efficiency,Mauritius,2022,27.948379837,US$/m3,E,false
484,Water use,Pressure on water resources,SDG 6.4.1. Services Water Use Efficiency,Mexico,2020,54.27467433,US$/m3,E,false
484,Water use,Pressure on water resources,SDG 6.4.1. Services Water Use Efficiency,Mexico,2021,55.619424506,US$/m3,E,false
484,Water use,Pressure on water resources,SDG 6.4.1. Services Water Use Efficiency,Mexico,2022,57.842688034,US$/m3,E,false
492,Water use,Pressure on water resources,SDG 6.4.1. Services Water Use Efficiency,Monaco,2020,1019.229002602,US$/m3,E,false
492,Water use,Pressure on water resources,SDG 6.4.1. Services Water Use Efficiency,Monaco,2021,970.471063374,US$/m3,E,false
492,Water use,Pressure on water resources,SDG 6.4.1. Services Water Use Efficiency,Monaco,2022,1060.218816314,US$/m3,E,false
496,Water use,Pressure on water resources,SDG 6.4.1. Services Water Use Efficiency,Mongolia,2020,127.95314825,US$/m3,E,false
496,Water use,Pressure on water resources,SDG 6.4.1. Services Water Use Efficiency,Mongolia,2021,126.811929129,US$/m3,E,false
496,Water use,Pressure on water resources,SDG 6.4.1. Services Water Use Efficiency,Mongolia,2022,136.538850665,US$/m3,E,false
499,Water use,Pressure on water resources,SDG 6.4.1. Services Water Use Efficiency,Montenegro,2020,21.187952384,US$/m3,E,false
499,Water use,Pressure on water resources,SDG 6.4.1. Services Water Use Efficiency,Montenegro,2021,24.523961011,US$/m3,E,false
499,Water use,Pressure on water resources,SDG 6.4.1. Services Water Use Efficiency,Montenegro,2022,26.320656109,US$/m3,E,false
504,Water use,Pressure on water resources,SDG 6.4.1. Services Water Use Efficiency,Morocco,2020,65.247998432,US$/m3,E,false
504,Water use,Pressure on water resources,SDG 6.4.1. Services Water Use Efficiency,Morocco,2021,68.639719256,US$/m3,E,false
504,Water use,Pressure on water resources,SDG 6.4.1. Services Water Use Efficiency,Morocco,2022,72.606750855,US$/m3,E,false
508,Water use,Pressure on water resources,SDG 6.4.1. Services Water Use Efficiency,Mozambique,2020,21.213424275,US$/m3,E,false
508,Water use,Pressure on water resources,SDG 6.4.1. Services Water Use Efficiency,Mozambique,2021,20.905553863,US$/m3,E,false
508,Water use,Pressure on water resources,SDG 6.4.1. Services Water Use Efficiency,Mozambique,2022,22.578547271,US$/m3,E,false
104,Water use,Pressure on water resources,SDG 6.4.1. Services Water Use Efficiency,Myanmar,2020,9.343642158,US$/m3,E,false
104,Water use,Pressure on water resources,SDG 6.4.1. Services Water Use Efficiency,Myanmar,2021,9.417218041,US$/m3,E,false
104,Water use,Pressure on water resources,SDG 6.4.1. Services Water Use Efficiency,Myanmar,2022,9.562277684,US$/m3,E,false
516,Water use,Pressure on water resources,SDG 6.4.1. Services Water Use Efficiency,Namibia,2020,113.93076151,US$/m3,E,false
516,Water use,Pressure on water resources,SDG 6.4.1. Services Water Use Efficiency,Namibia,2021,105.812105119,US$/m3,E,false
516,Water use,Pressure on water resources,SDG 6.4.1. Services Water Use Efficiency,Namibia,2022,106.532972066,US$/m3,E,false
524,Water use,Pressure on water resources,SDG 6.4.1. Services Water Use Efficiency,Nepal,2020,109.144143611,US$/m3,E,false
524,Water use,Pressure on water resources,SDG 6.4.1. Services Water Use Efficiency,Nepal,2021,109.238759713,US$/m3,E,false
524,Water use,Pressure on water resources,SDG 6.4.1. Services Water Use Efficiency,Nepal,2022,117.624382825,US$/m3,E,false
528,Water use,Pressure on water resources,SDG 6.4.1. Services Water Use Efficiency,Netherlands (Kingdom of the),2020,281.131890596,US$/m3,E,false
528,Water use,Pressure on water resources,SDG 6.4.1. Services Water Use Efficiency,Netherlands (Kingdom of the),2021,295.247461644,US$/m3,E,false
528,Water use,Pressure on water resources,SDG 6.4.1. Services Water Use Efficiency,Netherlands (Kingdom of the),2022,290.374273726,US$/m3,E,false
554,Water use,Pressure on water resources,SDG 6.4.1. Services Water Use Efficiency,New Zealand,2020,254.155464196,US$/m3,E,false
554,Water use,Pressure on water resources,SDG 6.4.1. Services Water Use Efficiency,New Zealand,2021,271.315519218,US$/m3,E,false
554,Water use,Pressure on water resources,SDG 6.4.1. Services Water Use Efficiency,New Zealand,2022,279.343497365,US$/m3,E,false
558,Water use,Pressure on water resources,SDG 6.4.1. Services Water Use Efficiency,Nicaragua,2020,35.252104968,US$/m3,E,false
558,Water use,Pressure on water resources,SDG 6.4.1. Services Water Use Efficiency,Nicaragua,2021,36.880890108,US$/m3,E,false
558,Water use,Pressure on water resources,SDG 6.4.1. Services Water Use Efficiency,Nicaragua,2022,37.938672971,US$/m3,E,false
562,Water use,Pressure on water resources,SDG 6.4.1. Services Water Use Efficiency,Niger,2020,24.676798821,US$/m3,E,false
562,Water use,Pressure on water resources,SDG 6.4.1. Services Water Use Efficiency,Niger,2021,25.711364435,US$/m3,E,false
562,Water use,Pressure on water resources,SDG 6.4.1. Services Water Use Efficiency,Niger,2022,28.402059317,US$/m3,E,false
566,Water use,Pressure on water resources,SDG 6.4.1. Services Water Use Efficiency,Nigeria,2020,47.624973577,US$/m3,E,false
566,Water use,Pressure on water resources,SDG 6.4.1. Services Water Use Efficiency,Nigeria,2021,46.830484303,US$/m3,E,false
566,Water use,Pressure on water resources,SDG 6.4.1. Services Water Use Efficiency,Nigeria,2022,48.608939927,US$/m3,E,false
807,Water use,Pressure on water resources,SDG 6.4.1. Services Water Use Efficiency,North Macedonia,2020,20.751135598,US$/m3,E,false
807,Water use,Pressure on water resources,SDG 6.4.1. Services Water Use Efficiency,North Macedonia,2021,21.782912487,US$/m3,E,false
807,Water use,Pressure on water resources,SDG 6.4.1. Services Water Use Efficiency,North Macedonia,2022,22.250339371,US$/m3,E,false
15,Water use,Pressure on water resources,SDG 6.4.1. Services Water Use Efficiency,Northern Africa,2020,26.657929606,US$/m3,E,true
15,Water use,Pressure on water resources,SDG 6.4.1. Services Water Use Efficiency,Northern Africa,2021,28.707803387,US$/m3,E,true
15,Water use,Pressure on water resources,SDG 6.4.1. Services Water Use Efficiency,Northern Africa,2022,29.437623629,US$/m3,E,true
747,Water use,Pressure on water resources,SDG 6.4.1. Services Water Use Efficiency,Northern Africa and Western Asia,2020,51.69987088,US$/m3,E,true
747,Water use,Pressure on water resources,SDG 6.4.1. Services Water Use Efficiency,Northern Africa and Western Asia,2021,54.551127531,US$/m3,E,true
747,Water use,Pressure on water resources,SDG 6.4.1. Services Water Use Efficiency,Northern Africa and Western Asia,2022,55.160210741,US$/m3,E,true
21,Water use,Pressure on water resources,SDG 6.4.1. Services Water Use Efficiency,Northern America,2020,279.160493311,US$/m3,E,true
21,Water use,Pressure on water resources,SDG 6.4.1. Services Water Use Efficiency,Northern America,2021,293.758995064,US$/m3,E,true
21,Water use,Pressure on water resources,SDG 6.4.1. Services Water Use Efficiency,Northern America,2022,297.106125142,US$/m3,E,true
578,Water use,Pressure on water resources,SDG 6.4.1. Services Water Use Efficiency,Norway,2020,325.25765721,US$/m3,E,false
578,Water use,Pressure on water resources,SDG 6.4.1. Services Water Use Efficiency,Norway,2021,318.293963454,US$/m3,E,false
578,Water use,Pressure on water resources,SDG 6.4.1. Services Water Use Efficiency,Norway,2022,258.92927578,US$/m3,E,false
9,Water use,Pressure on water resources,SDG 6.4.1. Services Water Use Efficiency,Oceania,2020,375.318692723,US$/m3,E,true
9,Water use,Pressure on water resources,SDG 6.4.1. Services Water Use Efficiency,Oceania,2021,348.364986331,US$/m3,E,true
9,Water use,Pressure on water resources,SDG 6.4.1. Services Water Use Efficiency,Oceania,2022,354.872799732,US$/m3,E,true
543,Water use,Pressure on water resources,SDG 6.4.1. Services Water Use Efficiency,Oceania (excluding Australia and New Zealand),2020,107.232121863,US$/m3,E,true
543,Water use,Pressure on water resources,SDG 6.4.1. Services Water Use Efficiency,Oceania (excluding Australia and New Zealand),2021,104.441916021,US$/m3,E,true
543,Water use,Pressure on water resources,SDG 6.4.1. Services Water Use Efficiency,Oceania (excluding Australia and New Zealand),2022,106.984975982,US$/m3,E,true
512,Water use,Pressure on water resources,SDG 6.4.1. Services Water Use Efficiency,Oman,2020,356.602641727,US$/m3,E,false
512,Water use,Pressure on water resources,SDG 6.4.1. Services Water Use Efficiency,Oman,2021,338.606362744,US$/m3,E,false
512,Water use,Pressure on water resources,SDG 6.4.1. Services Water Use Efficiency,Oman,2022,362.619756686,US$/m3,E,false
586,Water use,Pressure on water resources,SDG 6.4.1. Services Water Use Efficiency,Pakistan,2020,20.458304747,US$/m3,E,false
586,Water use,Pressure on water resources,SDG 6.4.1. Services Water Use Efficiency,Pakistan,2021,21.321193623,US$/m3,E,false
586,Water use,Pressure on water resources,SDG 6.4.1. Services Water Use Efficiency,Pakistan,2022,22.19769361,US$/m3,E,false
275,Water use,Pressure on water resources,SDG 6.4.1. Services Water Use Efficiency,Palestine,2020,43.826813232,US$/m3,E,false
275,Water use,Pressure on water resources,SDG 6.4.1. Services Water Use Efficiency,Palestine,2021,37.257460075,US$/m3,E,false
275,Water use,Pressure on water resources,SDG 6.4.1. Services Water Use Efficiency,Palestine,2022,38.447927094,US$/m3,E,false
591,Water use,Pressure on water resources,SDG 6.4.1. Services Water Use Efficiency,Panama,2020,53.234526731,US$/m3,E,false
591,Water use,Pressure on water resources,SDG 6.4.1. Services Water Use Efficiency,Panama,2021,58.864360097,US$/m3,E,false
591,Water use,Pressure on water resources,SDG 6.4.1. Services Water Use Efficiency,Panama,2022,65.119642722,US$/m3,E,false
598,Water use,Pressure on water resources,SDG 6.4.1. Services Water Use Efficiency,Papua New Guinea,2020,48.323639562,US$/m3,E,false
598,Water use,Pressure on water resources,SDG 6.4.1. Services Water Use Efficiency,Papua New Guinea,2021,46.314862291,US$/m3,E,false
598,Water use,Pressure on water resources,SDG 6.4.1. Services Water Use Efficiency,Papua New Guinea,2022,44.531390147,US$/m3,E,false
600,Water use,Pressure on water resources,SDG 6.4.1. Services Water Use Efficiency,Paraguay,2020,62.698031653,US$/m3,E,false
600,Water use,Pressure on water resources,SDG 6.4.1. Services Water Use Efficiency,Paraguay,2021,62.820245468,US$/m3,E,false
600,Water use,Pressure on water resources,SDG 6.4.1. Services Water Use Efficiency,Paraguay,2022,63.765068017,US$/m3,E,false
604,Water use,Pressure on water resources,SDG 6.4.1. Services Water Use Efficiency,Peru,2020,48.720377175,US$/m3,E,false
604,Water use,Pressure on water resources,SDG 6.4.1. Services Water Use Efficiency,Peru,2021,36.509051191,US$/m3,E,false
604,Water use,Pressure on water resources,SDG 6.4.1. Services Water Use Efficiency,Peru,2022,36.900927413,US$/m3,E,false
608,Water use,Pressure on water resources,SDG 6.4.1. Services Water Use Efficiency,Philippines,2020,25.788402199,US$/m3,E,false
608,Water use,Pressure on water resources,SDG 6.4.1. Services Water Use Efficiency,Philippines,2021,26.589291139,US$/m3,E,false
608,Water use,Pressure on water resources,SDG 6.4.1. Services Water Use Efficiency,Philippines,2022,27.711247531,US$/m3,E,false
616,Water use,Pressure on water resources,SDG 6.4.1. Services Water Use Efficiency,Poland,2020,175.34513728,US$/m3,E,false
616,Water use,Pressure on water resources,SDG 6.4.1. Services Water Use Efficiency,Poland,2021,173.161403517,US$/m3,E,false
616,Water use,Pressure on water resources,SDG 6.4.1. Services Water Use Efficiency,Poland,2022,182.497040943,US$/m3,E,false
620,Water use,Pressure on water resources,SDG 6.4.1. Services Water Use Efficiency,Portugal,2020,152.831454678,US$/m3,E,false
620,Water use,Pressure on water resources,SDG 6.4.1. Services Water Use Efficiency,Portugal,2021,159.506898095,US$/m3,E,false
620,Water use,Pressure on water resources,SDG 6.4.1. Services Water Use Efficiency,Portugal,2022,171.837079951,US$/m3,E,false
630,Water use,Pressure on water resources,SDG 6.4.1. Services Water Use Efficiency,Puerto Rico,2020,59.332056612,US$/m3,E,false
630,Water use,Pressure on water resources,SDG 6.4.1. Services Water Use Efficiency,Puerto Rico,2021,60.583134488,US$/m3,E,false
630,Water use,Pressure on water resources,SDG 6.4.1. Services Water Use Efficiency,Puerto Rico,2022,65.777441084,US$/m3,E,false
634,Water use,Pressure on water resources,SDG 6.4.1. Services Water Use Efficiency,Qatar,2020,164.87547365,US$/m3,E,false
634,Water use,Pressure on water resources,SDG 6.4.1. Services Water Use Efficiency,Qatar,2021,142.30235005,US$/m3,E,false
634,Water use,Pressure on water resources,SDG 6.4.1. Services Water Use Efficiency,Qatar,2022,115.147502679,US$/m3,E,false
410,Water use,Pressure on water resources,SDG 6.4.1. Services Water Use Efficiency,Republic of Korea,2020,144.377892901,US$/m3,E,false
410,Water use,Pressure on water resources,SDG 6.4.1. Services Water Use Efficiency,Republic of Korea,2021,148.196846095,US$/m3,E,false
410,Water use,Pressure on water resources,SDG 6.4.1. Services Water Use Efficiency,Republic of Korea,2022,153.508926227,US$/m3,E,false
498,Water use,Pressure on water resources,SDG 6.4.1. Services Water Use Efficiency,Republic of Moldova,2020,29.795895427,US$/m3,E,false
498,Water use,Pressure on water resources,SDG 6.4.1. Services Water Use Efficiency,Republic of Moldova,2021,34.259549135,US$/m3,E,false
498,Water use,Pressure on water resources,SDG 6.4.1. Services Water Use Efficiency,Republic of Moldova,2022,33.858022766,US$/m3,E,false
642,Water use,Pressure on water resources,SDG 6.4.1. Services Water Use Efficiency,Romania,2020,123.207285618,US$/m3,E,false
642,Water use,Pressure on water resources,SDG 6.4.1. Services Water Use Efficiency,Romania,2021,110.067937109,US$/m3,E,false
642,Water use,Pressure on water resources,SDG 6.4.1. Services Water Use Efficiency,Romania,2022,111.877941079,US$/m3,E,false
643,Water use,Pressure on water resources,SDG 6.4.1. Services Water Use Efficiency,Russian Federation,2020,49.062373786,US$/m3,E,false
643,Water use,Pressure on water resources,SDG 6.4.1. Services Water Use Efficiency,Russian Federation,2021,50.083938545,US$/m3,E,false
643,Water use,Pressure on water resources,SDG 6.4.1. Services Water Use Efficiency,Russian Federation,2022,49.021846268,US$/m3,E,false
646,Water use,Pressure on water resources,SDG 6.4.1. Services Water Use Efficiency,Rwanda,2020,22.606141988,US$/m3,E,false
646,Water use,Pressure on water resources,SDG 6.4.1. Services Water Use Efficiency,Rwanda,2021,25.581289376,US$/m3,E,false
646,Water use,Pressure on water resources,SDG 6.4.1. Services Water Use Efficiency,Rwanda,2022,26.66931497,US$/m3,E,false
659,Water use,Pressure on water resources,SDG 6.4.1. Services Water Use Efficiency,Saint Kitts and Nevis,2020,38.30886737,US$/m3,E,false
659,Water use,Pressure on water resources,SDG 6.4.1. Services Water Use Efficiency,Saint Kitts and Nevis,2021,38.338420451,US$/m3,E,false
659,Water use,Pressure on water resources,SDG 6.4.1. Services Water Use Efficiency,Saint Kitts and Nevis,2022,42.553231243,US$/m3,E,false
662,Water use,Pressure on water resources,SDG 6.4.1. Services Water Use Efficiency,Saint Lucia,2020,87.29261902,US$/m3,E,false
662,Water use,Pressure on water resources,SDG 6.4.1. Services Water Use Efficiency,Saint Lucia,2021,101.870491942,US$/m3,E,false
662,Water use,Pressure on water resources,SDG 6.4.1. Services Water Use Efficiency,Saint Lucia,2022,113.706765402,US$/m3,E,false
670,Water use,Pressure on water resources,SDG 6.4.1. Services Water Use Efficiency,Saint Vincent and the Grenadines,2020,64.994639542,US$/m3,E,false
670,Water use,Pressure on water resources,SDG 6.4.1. Services Water Use Efficiency,Saint Vincent and the Grenadines,2021,66.096846546,US$/m3,E,false
670,Water use,Pressure on water resources,SDG 6.4.1. Services Water Use Efficiency,Saint Vincent and the Grenadines,2022,70.826555378,US$/m3,E,false
678,Water use,Pressure on water resources,SDG 6.4.1. Services Water Use Efficiency,Sao Tome and Principe,2020,18.494646306,US$/m3,E,false
678,Water use,Pressure on water resources,SDG 6.4.1. Services Water Use Efficiency,Sao Tome and Principe,2021,19.170729141,US$/m3,E,false
678,Water use,Pressure on water resources,SDG 6.4.1. Services Water Use Efficiency,Sao Tome and Principe,2022,19.132852134,US$/m3,E,false
682,Water use,Pressure on water resources,SDG 6.4.1. Services Water Use Efficiency,Saudi Arabia,2020,109.832516047,US$/m3,E,false
682,Water use,Pressure on water resources,SDG 6.4.1. Services Water Use Efficiency,Saudi Arabia,2021,99.362852465,US$/m3,E,false
682,Water use,Pressure on water resources,SDG 6.4.1. Services Water Use Efficiency,Saudi Arabia,2022,91.018849252,US$/m3,E,false
686,Water use,Pressure on water resources,SDG 6.4.1. Services Water Use Efficiency,Senegal,2020,46.039634561,US$/m3,E,false
686,Water use,Pressure on water resources,SDG 6.4.1. Services Water Use Efficiency,Senegal,2021,49.160798292,US$/m3,E,false
686,Water use,Pressure on water resources,SDG 6.4.1. Services Water Use Efficiency,Senegal,2022,52.350989764,US$/m3,E,false
688,Water use,Pressure on water resources,SDG 6.4.1. Services Water Use Efficiency,Serbia,2020,37.514332747,US$/m3,E,false
688,Water use,Pressure on water resources,SDG 6.4.1. Services Water Use Efficiency,Serbia,2021,39.093603181,US$/m3,E,false
688,Water use,Pressure on water resources,SDG 6.4.1. Services Water Use Efficiency,Serbia,2022,39.513416275,US$/m3,E,false
690,Water use,Pressure on water resources,SDG 6.4.1. Services Water Use Efficiency,Seychelles,2020,140.011012849,US$/m3,E,false
690,Water use,Pressure on water resources,SDG 6.4.1. Services Water Use Efficiency,Seychelles,2021,148.944018817,US$/m3,E,false
690,Water use,Pressure on water resources,SDG 6.4.1. Services Water Use Efficiency,Seychelles,2022,153.644467166,US$/m3,E,false
694,Water use,Pressure on water resources,SDG 6.4.1. Services Water Use Efficiency,Sierra Leone,2020,14.082443561,US$/m3,E,false
694,Water use,Pressure on water resources,SDG 6.4.1. Services Water Use Efficiency,Sierra Leone,2021,15.290212172,US$/m3,E,false
694,Water use,Pressure on water resources,SDG 6.4.1. Services Water Use Efficiency,Sierra Leone,2022,15.570388297,US$/m3,E,false
702,Water use,Pressure on water resources,SDG 6.4.1. Services Water Use Efficiency,Singapore,2020,829.186331261,US$/m3,E,false
702,Water use,Pressure on water resources,SDG 6.4.1. Services Water Use Efficiency,Singapore,2021,1054.352427928,US$/m3,E,false
702,Water use,Pressure on water resources,SDG 6.4.1. Services Water Use Efficiency,Singapore,2022,1378.955278781,US$/m3,E,false
703,Water use,Pressure on water resources,SDG 6.4.1. Services Water Use Efficiency,Slovakia,2020,208.633503988,US$/m3,E,false
703,Water use,Pressure on water resources,SDG 6.4.1. Services Water Use Efficiency,Slovakia,2021,207.128041417,US$/m3,E,false
703,Water use,Pressure on water resources,SDG 6.4.1. Services Water Use Efficiency,Slovakia,2022,202.530480499,US$/m3,E,false
705,Water use,Pressure on water resources,SDG 6.4.1. Services Water Use Efficiency,Slovenia,2020,170.701197831,US$/m3,E,false
705,Water use,Pressure on water resources,SDG 6.4.1. Services Water Use Efficiency,Slovenia,2021,182.681863842,US$/m3,E,false
705,Water use,Pressure on water resources,SDG 6.4.1. Services Water Use Efficiency,Slovenia,2022,179.4143923,US$/m3,E,false
722,Water use,Pressure on water resources,SDG 6.4.1. Services Water Use Efficiency,Small Island Developing States,2020,90.006311216,US$/m3,E,true
722,Water use,Pressure on water resources,SDG 6.4.1. Services Water Use Efficiency,Small Island Developing States,2021,97.651902332,US$/m3,E,true
722,Water use,Pressure on water resources,SDG 6.4.1. Services Water Use Efficiency,Small Island Developing States,2022,101.711339907,US$/m3,E,true
706,Water use,Pressure on water resources,SDG 6.4.1. Services Water Use Efficiency,Somalia,2020,168.236876404,US$/m3,E,false
706,Water use,Pressure on water resources,SDG 6.4.1. Services Water Use Efficiency,Somalia,2021,173.81445678,US$/m3,E,false
706,Water use,Pressure on water resources,SDG 6.4.1. Services Water Use Efficiency,Somalia,2022,178.04124683,US$/m3,E,false
710,Water use,Pressure on water resources,SDG 6.4.1. Services Water Use Efficiency,South Africa,2020,73.211517548,US$/m3,E,false
710,Water use,Pressure on water resources,SDG 6.4.1. Services Water Use Efficiency,South Africa,2021,67.986269345,US$/m3,E,false
710,Water use,Pressure on water resources,SDG 6.4.1. Services Water Use Efficiency,South Africa,2022,67.554240098,US$/m3,E,false
728,Water use,Pressure on water resources,SDG 6.4.1. Services Water Use Efficiency,South Sudan,2020,18.257744756,US$/m3,E,false
728,Water use,Pressure on water resources,SDG 6.4.1. Services Water Use Efficiency,South Sudan,2021,14.028341924,US$/m3,E,false
728,Water use,Pressure on water resources,SDG 6.4.1. Services Water Use Efficiency,South Sudan,2022,11.317360531,US$/m3,E,false
35,Water use,Pressure on water resources,SDG 6.4.1. Services Water Use Efficiency,South-eastern Asia,2020,38.272927965,US$/m3,E,true
35,Water use,Pressure on water resources,SDG 6.4.1. Services Water Use Efficiency,South-eastern Asia,2021,38.581189935,US$/m3,E,true
35,Water use,Pressure on water resources,SDG 6.4.1. Services Water Use Efficiency,South-eastern Asia,2022,40.157439395,US$/m3,E,true
34,Water use,Pressure on water resources,SDG 6.4.1. Services Water Use Efficiency,Southern Asia,2020,26.034073663,US$/m3,E,true
34,Water use,Pressure on water resources,SDG 6.4.1. Services Water Use Efficiency,Southern Asia,2021,27.664298066,US$/m3,E,true
34,Water use,Pressure on water resources,SDG 6.4.1. Services Water Use Efficiency,Southern Asia,2022,29.522950178,US$/m3,E,true
724,Water use,Pressure on water resources,SDG 6.4.1. Services Water Use Efficiency,Spain,2020,184.964896442,US$/m3,E,false
724,Water use,Pressure on water resources,SDG 6.4.1. Services Water Use Efficiency,Spain,2021,195.444192821,US$/m3,E,false
724,Water use,Pressure on water resources,SDG 6.4.1. Services Water Use Efficiency,Spain,2022,209.020940218,US$/m3,E,false
144,Water use,Pressure on water resources,SDG 6.4.1. Services Water Use Efficiency,Sri Lanka,2020,67.754566583,US$/m3,E,false
144,Water use,Pressure on water resources,SDG 6.4.1. Services Water Use Efficiency,Sri Lanka,2021,67.573170229,US$/m3,E,false
144,Water use,Pressure on water resources,SDG 6.4.1. Services Water Use Efficiency,Sri Lanka,2022,62.58306815,US$/m3,E,false
202,Water use,Pressure on water resources,SDG 6.4.1. Services Water Use Efficiency,Sub-Saharan Africa,2020,52.590862876,US$/m3,E,true
202,Water use,Pressure on water resources,SDG 6.4.1. Services Water Use Efficiency,Sub-Saharan Africa,2021,52.362270531,US$/m3,E,true
202,Water use,Pressure on water resources,SDG 6.4.1. Services Water Use Efficiency,Sub-Saharan Africa,2022,53.335628464,US$/m3,E,true
729,Water use,Pressure on water resources,SDG 6.4.1. Services Water Use Efficiency,Sudan,2020,56.528598696,US$/m3,E,false
729,Water use,Pressure on water resources,SDG 6.4.1. Services Water Use Efficiency,Sudan,2021,55.064248879,US$/m3,E,false
729,Water use,Pressure on water resources,SDG 6.4.1. Services Water Use Efficiency,Sudan,2022,53.820902013,US$/m3,E,false
740,Water use,Pressure on water resources,SDG 6.4.1. Services Water Use Efficiency,Suriname,2020,47.953837983,US$/m3,E,false
740,Water use,Pressure on water resources,SDG 6.4.1. Services Water Use Efficiency,Suriname,2021,45.941265306,US$/m3,E,false
740,Water use,Pressure on water resources,SDG 6.4.1. Services Water Use Efficiency,Suriname,2022,41.515440523,US$/m3,E,false
752,Water use,Pressure on water resources,SDG 6.4.1. Services Water Use Efficiency,Sweden,2020,526.085998559,US$/m3,E,false
752,Water use,Pressure on water resources,SDG 6.4.1. Services Water Use Efficiency,Sweden,2021,552.872125908,US$/m3,E,false
752,Water use,Pressure on water resources,SDG 6.4.1. Services Water Use Efficiency,Sweden,2022,566.88858177,US$/m3,E,false
756,Water use,Pressure on water resources,SDG 6.4.1. Services Water Use Efficiency,Switzerland,2020,573.984416312,US$/m3,E,false
756,Water use,Pressure on water resources,SDG 6.4.1. Services Water Use Efficiency,Switzerland,2021,610.448947149,US$/m3,E,false
756,Water use,Pressure on water resources,SDG 6.4.1. Services Water Use Efficiency,Switzerland,2022,624.042546316,US$/m3,E,false
760,Water use,Pressure on water resources,SDG 6.4.1. Services Water Use Efficiency,Syrian Arab Republic,2020,5.420900896,US$/m3,E,false
760,Water use,Pressure on water resources,SDG 6.4.1. Services Water Use Efficiency,Syrian Arab Republic,2021,5.803184921,US$/m3,E,false
760,Water use,Pressure on water resources,SDG 6.4.1. Services Water Use Efficiency,Syrian Arab Republic,2022,5.636878222,US$/m3,E,false
762,Water use,Pressure on water resources,SDG 6.4.1. Services Water Use Efficiency,Tajikistan,2020,5.011088489,US$/m3,E,false
762,Water use,Pressure on water resources,SDG 6.4.1. Services Water Use Efficiency,Tajikistan,2021,5.161236205,US$/m3,E,false
762,Water use,Pressure on water resources,SDG 6.4.1. Services Water Use Efficiency,Tajikistan,2022,6.644890535,US$/m3,E,false
764,Water use,Pressure on water resources,SDG 6.4.1. Services Water Use Efficiency,Thailand,2020,96.187312721,US$/m3,E,false
764,Water use,Pressure on water resources,SDG 6.4.1. Services Water Use Efficiency,Thailand,2021,94.734640576,US$/m3,E,false
764,Water use,Pressure on water resources,SDG 6.4.1. Services Water Use Efficiency,Thailand,2022,97.540674606,US$/m3,E,false
626,Water use,Pressure on water resources,SDG 6.4.1. Services Water Use Efficiency,Timor-Leste,2020,12.609458509,US$/m3,E,false
626,Water use,Pressure on water resources,SDG 6.4.1. Services Water Use Efficiency,Timor-Leste,2021,8.378746509,US$/m3,E,false
626,Water use,Pressure on water resources,SDG 6.4.1. Services Water Use Efficiency,Timor-Leste,2022,8.125490172,US$/m3,E,false
768,Water use,Pressure on water resources,SDG 6.4.1. Services Water Use Efficiency,Togo,2020,27.721833701,US$/m3,E,false
768,Water use,Pressure on water resources,SDG 6.4.1. Services Water Use Efficiency,Togo,2021,29.228602847,US$/m3,E,false
768,Water use,Pressure on water resources,SDG 6.4.1. Services Water Use Efficiency,Togo,2022,31.087826355,US$/m3,E,false
780,Water use,Pressure on water resources,SDG 6.4.1. Services Water Use Efficiency,Trinidad and Tobago,2020,59.009064142,US$/m3,E,false
780,Water use,Pressure on water resources,SDG 6.4.1. Services Water Use Efficiency,Trinidad and Tobago,2021,50.424552606,US$/m3,E,false
780,Water use,Pressure on water resources,SDG 6.4.1. Services Water Use Efficiency,Trinidad and Tobago,2022,45.86416588,US$/m3,E,false
788,Water use,Pressure on water resources,SDG 6.4.1. Services Water Use Efficiency,Tunisia,2020,35.761483813,US$/m3,E,false
788,Water use,Pressure on water resources,SDG 6.4.1. Services Water Use Efficiency,Tunisia,2021,37.365648126,US$/m3,E,false
788,Water use,Pressure on water resources,SDG 6.4.1. Services Water Use Efficiency,Tunisia,2022,38.400868223,US$/m3,E,false
795,Water use,Pressure on water resources,SDG 6.4.1. Services Water Use Efficiency,Turkmenistan,2020,33.702332526,US$/m3,E,false
795,Water use,Pressure on water resources,SDG 6.4.1. Services Water Use Efficiency,Turkmenistan,2021,36.119919132,US$/m3,E,false
795,Water use,Pressure on water resources,SDG 6.4.1. Services Water Use Efficiency,Turkmenistan,2022,37.070859226,US$/m3,E,false
792,Water use,Pressure on water resources,SDG 6.4.1. Services Water Use Efficiency,Türkiye,2020,82.672602884,US$/m3,E,false
792,Water use,Pressure on water resources,SDG 6.4.1. Services Water Use Efficiency,Türkiye,2021,88.970889808,US$/m3,E,false
792,Water use,Pressure on water resources,SDG 6.4.1. Services Water Use Efficiency,Türkiye,2022,91.598676242,US$/m3,E,false
800,Water use,Pressure on water resources,SDG 6.4.1. Services Water Use Efficiency,Uganda,2020,49.255005402,US$/m3,E,false
800,Water use,Pressure on water resources,SDG 6.4.1. Services Water Use Efficiency,Uganda,2021,52.159121379,US$/m3,E,false
800,Water use,Pressure on water resources,SDG 6.4.1. Services Water Use Efficiency,Uganda,2022,54.627832969,US$/m3,E,false
804,Water use,Pressure on water resources,SDG 6.4.1. Services Water Use Efficiency,Ukraine,2020,21.081340403,US$/m3,E,false
804,Water use,Pressure on water resources,SDG 6.4.1. Services Water Use Efficiency,Ukraine,2021,23.587637993,US$/m3,E,false
804,Water use,Pressure on water resources,SDG 6.4.1. Services Water Use Efficiency,Ukraine,2022,28.368348878,US$/m3,E,false
784,Water use,Pressure on water resources,SDG 6.4.1. Services Water Use Efficiency,United Arab Emirates,2020,89.732746663,US$/m3,E,false
784,Water use,Pressure on water resources,SDG 6.4.1. Services Water Use Efficiency,United Arab Emirates,2021,86.235993842,US$/m3,E,false
784,Water use,Pressure on water resources,SDG 6.4.1. Services Water Use Efficiency,United Arab Emirates,2022,97.420523411,US$/m3,E,false
826,Water use,Pressure on water resources,SDG 6.4.1. Services Water Use Efficiency,United Kingdom of Great Britain and Northern Ireland,2020,340.323545629,US$/m3,E,false
826,Water use,Pressure on water resources,SDG 6.4.1. Services Water Use Efficiency,United Kingdom of Great Britain and Northern Ireland,2021,367.924448148,US$/m3,E,false
826,Water use,Pressure on water resources,SDG 6.4.1. Services Water Use Efficiency,United Kingdom of Great Britain and Northern Ireland,2022,382.090462175,US$/m3,E,false
834,Water use,Pressure on water resources,SDG 6.4.1. Services Water Use Efficiency,United Republic of Tanzania,2020,49.27424586,US$/m3,E,false
834,Water use,Pressure on water resources,SDG 6.4.1. Services Water Use Efficiency,United Republic of Tanzania,2021,51.358701922,US$/m3,E,false
834,Water use,Pressure on water resources,SDG 6.4.1. Services Water Use Efficiency,United Republic of Tanzania,2022,49.705113722,US$/m3,E,false
840,Water use,Pressure on water resources,SDG 6.4.1. Services Water Use Efficiency,United States of America,2020,283.096138677,US$/m3,E,false
840,Water use,Pressure on water resources,SDG 6.4.1. Services Water Use Efficiency,United States of America,2021,297.906508037,US$/m3,E,false
840,Water use,Pressure on water resources,SDG 6.4.1. Services Water Use Efficiency,United States of America,2022,300.913568433,US$/m3,E,false
858,Water use,Pressure on water resources,SDG 6.4.1. Services Water Use Efficiency,Uruguay,2020,90.839261692,US$/m3,E,false
858,Water use,Pressure on water resources,SDG 6.4.1. Services Water Use Efficiency,Uruguay,2021,92.588744821,US$/m3,E,false
858,Water use,Pressure on water resources,SDG 6.4.1. Services Water Use Efficiency,Uruguay,2022,97.158400845,US$/m3,E,false
860,Water use,Pressure on water resources,SDG 6.4.1. Services Water Use Efficiency,Uzbekistan,2020,18.418675161,US$/m3,E,false
860,Water use,Pressure on water resources,SDG 6.4.1. Services Water Use Efficiency,Uzbekistan,2021,20.622755675,US$/m3,E,false
860,Water use,Pressure on water resources,SDG 6.4.1. Services Water Use Efficiency,Uzbekistan,2022,21.804393085,US$/m3,E,false
862,Water use,Pressure on water resources,SDG 6.4.1. Services Water Use Efficiency,Venezuela (Bolivarian Republic of),2020,8.462081446,US$/m3,E,false
862,Water use,Pressure on water resources,SDG 6.4.1. Services Water Use Efficiency,Venezuela (Bolivarian Republic of),2021,8.480459119,US$/m3,E,false
862,Water use,Pressure on water resources,SDG 6.4.1. Services Water Use Efficiency,Venezuela (Bolivarian Republic of),2022,8.895404196,US$/m3,E,false
704,Water use,Pressure on water resources,SDG 6.4.1. Services Water Use Efficiency,Viet Nam,2020,124.002982566,US$/m3,E,false
704,Water use,Pressure on water resources,SDG 6.4.1. Services Water Use Efficiency,Viet Nam,2021,125.665840145,US$/m3,E,false
704,Water use,Pressure on water resources,SDG 6.4.1. Services Water Use Efficiency,Viet Nam,2022,136.137130445,US$/m3,E,false
145,Water use,Pressure on water resources,SDG 6.4.1. Services Water Use Efficiency,Western Asia,2020,67.521545367,US$/m3,E,true
145,Water use,Pressure on water resources,SDG 6.4.1. Services Water Use Efficiency,Western Asia,2021,71.631809987,US$/m3,E,true
145,Water use,Pressure on water resources,SDG 6.4.1. Services Water Use Efficiency,Western Asia,2022,72.439621594,US$/m3,E,true
1,Water use,Pressure on water resources,SDG 6.4.1. Services Water Use Efficiency,World,2020,105.362903887,US$/m3,E,true
1,Water use,Pressure on water resources,SDG 6.4.1. Services Water Use Efficiency,World,2021,112.648330262,US$/m3,E,true
1,Water use,Pressure on water resources,SDG 6.4.1. Services Water Use Efficiency,World,2022,114.453846976,US$/m3,E,true
887,Water use,Pressure on water resources,SDG 6.4.1. Services Water Use Efficiency,Yemen,2020,43.213041798,US$/m3,E,false
887,Water use,Pressure on water resources,SDG 6.4.1. Services Water Use Efficiency,Yemen,2021,42.876881966,US$/m3,E,false
887,Water use,Pressure on water resources,SDG 6.4.1. Services Water Use Efficiency,Yemen,2022,43.393185735,US$/m3,E,false
894,Water use,Pressure on water resources,SDG 6.4.1. Services Water Use Efficiency,Zambia,2020,44.659718593,US$/m3,E,false
894,Water use,Pressure on water resources,SDG 6.4.1. Services Water Use Efficiency,Zambia,2021,43.160582773,US$/m3,E,false
894,Water use,Pressure on water resources,SDG 6.4.1. Services Water Use Efficiency,Zambia,2022,51.054235203,US$/m3,E,false
716,Water use,Pressure on water resources,SDG 6.4.1. Services Water Use Efficiency,Zimbabwe,2020,19.99928591,US$/m3,E,false
716,Water use,Pressure on water resources,SDG 6.4.1. Services Water Use Efficiency,Zimbabwe,2021,22.53439964,US$/m3,E,false
716,Water use,Pressure on water resources,SDG 6.4.1. Services Water Use Efficiency,Zimbabwe,2022,17.128850165,US$/m3,E,false
4,Water use,Pressure on water resources,SDG 6.4.1. Water Use Efficiency,Afghanistan,2020,0.835660546,US$/m3,I,false
4,Water use,Pressure on water resources,SDG 6.4.1. Water Use Efficiency,Afghanistan,2021,0.641496614,US$/m3,I,false
4,Water use,Pressure on water resources,SDG 6.4.1. Water Use Efficiency,Afghanistan,2022,0.599198878,US$/m3,I,false
8,Water use,Pressure on water resources,SDG 6.4.1. Water Use Efficiency,Albania,2020,12.09666264,US$/m3,I,false
8,Water use,Pressure on water resources,SDG 6.4.1. Water Use Efficiency,Albania,2021,13.033799658,US$/m3,I,false
8,Water use,Pressure on water resources,SDG 6.4.1. Water Use Efficiency,Albania,2022,13.710036831,US$/m3,I,false
12,Water use,Pressure on water resources,SDG 6.4.1. Water Use Efficiency,Algeria,2020,12.980352338,US$/m3,E,false
12,Water use,Pressure on water resources,SDG 6.4.1. Water Use Efficiency,Algeria,2021,14.395427621,US$/m3,E,false
12,Water use,Pressure on water resources,SDG 6.4.1. Water Use Efficiency,Algeria,2022,14.321810365,US$/m3,E,false
24,Water use,Pressure on water resources,SDG 6.4.1. Water Use Efficiency,Angola,2020,133.510587427,US$/m3,I,false
24,Water use,Pressure on water resources,SDG 6.4.1. Water Use Efficiency,Angola,2021,133.881777508,US$/m3,I,false
24,Water use,Pressure on water resources,SDG 6.4.1. Water Use Efficiency,Angola,2022,133.451380086,US$/m3,I,false
28,Water use,Pressure on water resources,SDG 6.4.1. Water Use Efficiency,Antigua and Barbuda,2020,101.451233078,US$/m3,I,false
28,Water use,Pressure on water resources,SDG 6.4.1. Water Use Efficiency,Antigua and Barbuda,2021,107.983898138,US$/m3,I,false
28,Water use,Pressure on water resources,SDG 6.4.1. Water Use Efficiency,Antigua and Barbuda,2022,117.180775514,US$/m3,I,false
32,Water use,Pressure on water resources,SDG 6.4.1. Water Use Efficiency,Argentina,2020,11.456747232,US$/m3,I,false
32,Water use,Pressure on water resources,SDG 6.4.1. Water Use Efficiency,Argentina,2021,12.5733242,US$/m3,I,false
32,Water use,Pressure on water resources,SDG 6.4.1. Water Use Efficiency,Argentina,2022,13.312724739,US$/m3,I,false
51,Water use,Pressure on water resources,SDG 6.4.1. Water Use Efficiency,Armenia,2020,3.509336755,US$/m3,E,false
51,Water use,Pressure on water resources,SDG 6.4.1. Water Use Efficiency,Armenia,2021,3.516470904,US$/m3,E,false
51,Water use,Pressure on water resources,SDG 6.4.1. Water Use Efficiency,Armenia,2022,3.877368978,US$/m3,E,false
36,Water use,Pressure on water resources,SDG 6.4.1. Water Use Efficiency,Australia,2020,92.278858741,US$/m3,E,false
36,Water use,Pressure on water resources,SDG 6.4.1. Water Use Efficiency,Australia,2021,78.945094495,US$/m3,E,false
36,Water use,Pressure on water resources,SDG 6.4.1. Water Use Efficiency,Australia,2022,80.304776885,US$/m3,E,false
53,Water use,Pressure on water resources,SDG 6.4.1. Water Use Efficiency,Australia and New Zealand,2020,77.884632736,US$/m3,E,true
53,Water use,Pressure on water resources,SDG 6.4.1. Water Use Efficiency,Australia and New Zealand,2021,69.9958503,US$/m3,E,true
53,Water use,Pressure on water resources,SDG 6.4.1. Water Use Efficiency,Australia and New Zealand,2022,71.457178949,US$/m3,E,true
40,Water use,Pressure on water resources,SDG 6.4.1. Water Use Efficiency,Austria,2020,124.572946291,US$/m3,I,false
40,Water use,Pressure on water resources,SDG 6.4.1. Water Use Efficiency,Austria,2021,150.187352314,US$/m3,I,false
40,Water use,Pressure on water resources,SDG 6.4.1. Water Use Efficiency,Austria,2022,157.370878557,US$/m3,I,false
31,Water use,Pressure on water resources,SDG 6.4.1. Water Use Efficiency,Azerbaijan,2020,3.707590047,US$/m3,E,false
31,Water use,Pressure on water resources,SDG 6.4.1. Water Use Efficiency,Azerbaijan,2021,3.753719327,US$/m3,E,false
31,Water use,Pressure on water resources,SDG 6.4.1. Water Use Efficiency,Azerbaijan,2022,3.972730751,US$/m3,E,false
48,Water use,Pressure on water resources,SDG 6.4.1. Water Use Efficiency,Bahrain,2020,74.57442257,US$/m3,I,false
48,Water use,Pressure on water resources,SDG 6.4.1. Water Use Efficiency,Bahrain,2021,76.667661375,US$/m3,I,false
48,Water use,Pressure on water resources,SDG 6.4.1. Water Use Efficiency,Bahrain,2022,80.287189243,US$/m3,I,false
50,Water use,Pressure on water resources,SDG 6.4.1. Water Use Efficiency,Bangladesh,2020,8.322480978,US$/m3,I,false
50,Water use,Pressure on water resources,SDG 6.4.1. Water Use Efficiency,Bangladesh,2021,8.899338247,US$/m3,I,false
50,Water use,Pressure on water resources,SDG 6.4.1. Water Use Efficiency,Bangladesh,2022,9.543329277,US$/m3,I,false
52,Water use,Pressure on water resources,SDG 6.4.1. Water Use Efficiency,Barbados,2020,45.401017672,US$/m3,I,false
52,Water use,Pressure on water resources,SDG 6.4.1. Water Use Efficiency,Barbados,2021,44.242951045,US$/m3,I,false
52,Water use,Pressure on water resources,SDG 6.4.1. Water Use Efficiency,Barbados,2022,49.752525779,US$/m3,I,false
112,Water use,Pressure on water resources,SDG 6.4.1. Water Use Efficiency,Belarus,2020,35.511409338,US$/m3,E,false
112,Water use,Pressure on water resources,SDG 6.4.1. Water Use Efficiency,Belarus,2021,34.12574398,US$/m3,E,false
112,Water use,Pressure on water resources,SDG 6.4.1. Water Use Efficiency,Belarus,2022,33.014461306,US$/m3,E,false
56,Water use,Pressure on water resources,SDG 6.4.1. Water Use Efficiency,Belgium,2020,102.781892388,US$/m3,I,false
56,Water use,Pressure on water resources,SDG 6.4.1. Water Use Efficiency,Belgium,2021,104.312190254,US$/m3,I,false
56,Water use,Pressure on water resources,SDG 6.4.1. Water Use Efficiency,Belgium,2022,93.418636742,US$/m3,I,false
84,Water use,Pressure on water resources,SDG 6.4.1. Water Use Efficiency,Belize,2020,15.155018777,US$/m3,I,false
84,Water use,Pressure on water resources,SDG 6.4.1. Water Use Efficiency,Belize,2021,17.931453331,US$/m3,I,false
84,Water use,Pressure on water resources,SDG 6.4.1. Water Use Efficiency,Belize,2022,19.240254684,US$/m3,I,false
204,Water use,Pressure on water resources,SDG 6.4.1. Water Use Efficiency,Benin,2020,40.532825588,US$/m3,I,false
204,Water use,Pressure on water resources,SDG 6.4.1. Water Use Efficiency,Benin,2021,42.205913955,US$/m3,I,false
204,Water use,Pressure on water resources,SDG 6.4.1. Water Use Efficiency,Benin,2022,45.950451744,US$/m3,I,false
64,Water use,Pressure on water resources,SDG 6.4.1. Water Use Efficiency,Bhutan,2020,6.03459457,US$/m3,I,false
64,Water use,Pressure on water resources,SDG 6.4.1. Water Use Efficiency,Bhutan,2021,6.305614325,US$/m3,I,false
64,Water use,Pressure on water resources,SDG 6.4.1. Water Use Efficiency,Bhutan,2022,6.701494511,US$/m3,I,false
68,Water use,Pressure on water resources,SDG 6.4.1. Water Use Efficiency,Bolivia (Plurinational State of),2020,74.577890891,US$/m3,I,false
68,Water use,Pressure on water resources,SDG 6.4.1. Water Use Efficiency,Bolivia (Plurinational State of),2021,81.349536125,US$/m3,I,false
68,Water use,Pressure on water resources,SDG 6.4.1. Water Use Efficiency,Bolivia (Plurinational State of),2022,13.547129034,US$/m3,I,false
72,Water use,Pressure on water resources,SDG 6.4.1. Water Use Efficiency,Botswana,2020,62.185002922,US$/m3,E,false
72,Water use,Pressure on water resources,SDG 6.4.1. Water Use Efficiency,Botswana,2021,66.117878444,US$/m3,E,false
72,Water use,Pressure on water resources,SDG 6.4.1. Water Use Efficiency,Botswana,2022,76.603577888,US$/m3,E,false
76,Water use,Pressure on water resources,SDG 6.4.1. Water Use Efficiency,Brazil,2020,21.56737396,US$/m3,E,false
76,Water use,Pressure on water resources,SDG 6.4.1. Water Use Efficiency,Brazil,2021,21.844390929,US$/m3,E,false
76,Water use,Pressure on water resources,SDG 6.4.1. Water Use Efficiency,Brazil,2022,22.667234919,US$/m3,E,false
100,Water use,Pressure on water resources,SDG 6.4.1. Water Use Efficiency,Bulgaria,2020,9.254985518,US$/m3,E,false
100,Water use,Pressure on water resources,SDG 6.4.1. Water Use Efficiency,Bulgaria,2021,9.487601961,US$/m3,E,false
100,Water use,Pressure on water resources,SDG 6.4.1. Water Use Efficiency,Bulgaria,2022,9.655868121,US$/m3,E,false
854,Water use,Pressure on water resources,SDG 6.4.1. Water Use Efficiency,Burkina Faso,2020,13.507098055,US$/m3,I,false
854,Water use,Pressure on water resources,SDG 6.4.1. Water Use Efficiency,Burkina Faso,2021,14.516622745,US$/m3,I,false
854,Water use,Pressure on water resources,SDG 6.4.1. Water Use Efficiency,Burkina Faso,2022,14.00781904,US$/m3,I,false
108,Water use,Pressure on water resources,SDG 6.4.1. Water Use Efficiency,Burundi,2020,6.847025959,US$/m3,I,false
108,Water use,Pressure on water resources,SDG 6.4.1. Water Use Efficiency,Burundi,2021,6.958507356,US$/m3,I,false
108,Water use,Pressure on water resources,SDG 6.4.1. Water Use Efficiency,Burundi,2022,7.155318373,US$/m3,I,false
132,Water use,Pressure on water resources,SDG 6.4.1. Water Use Efficiency,Cabo Verde,2020,4.898771715,US$/m3,I,false
132,Water use,Pressure on water resources,SDG 6.4.1. Water Use Efficiency,Cabo Verde,2021,5.97728117,US$/m3,I,false
132,Water use,Pressure on water resources,SDG 6.4.1. Water Use Efficiency,Cabo Verde,2022,6.785376862,US$/m3,I,false
116,Water use,Pressure on water resources,SDG 6.4.1. Water Use Efficiency,Cambodia,2020,7.860211774,US$/m3,E,false
116,Water use,Pressure on water resources,SDG 6.4.1. Water Use Efficiency,Cambodia,2021,8.086325753,US$/m3,E,false
116,Water use,Pressure on water resources,SDG 6.4.1. Water Use Efficiency,Cambodia,2022,8.59002934,US$/m3,E,false
120,Water use,Pressure on water resources,SDG 6.4.1. Water Use Efficiency,Cameroon,2020,25.864125892,US$/m3,I,false
120,Water use,Pressure on water resources,SDG 6.4.1. Water Use Efficiency,Cameroon,2021,27.076116411,US$/m3,I,false
120,Water use,Pressure on water resources,SDG 6.4.1. Water Use Efficiency,Cameroon,2022,28.15929924,US$/m3,I,false
124,Water use,Pressure on water resources,SDG 6.4.1. Water Use Efficiency,Canada,2020,40.881840598,US$/m3,I,false
124,Water use,Pressure on water resources,SDG 6.4.1. Water Use Efficiency,Canada,2021,42.768118456,US$/m3,I,false
124,Water use,Pressure on water resources,SDG 6.4.1. Water Use Efficiency,Canada,2022,44.167247582,US$/m3,I,false
140,Water use,Pressure on water resources,SDG 6.4.1. Water Use Efficiency,Central African Republic,2020,17.592597245,US$/m3,E,false
140,Water use,Pressure on water resources,SDG 6.4.1. Water Use Efficiency,Central African Republic,2021,17.768106179,US$/m3,E,false
140,Water use,Pressure on water resources,SDG 6.4.1. Water Use Efficiency,Central African Republic,2022,17.866394305,US$/m3,E,false
143,Water use,Pressure on water resources,SDG 6.4.1. Water Use Efficiency,Central Asia,2020,2.836351612,US$/m3,E,true
143,Water use,Pressure on water resources,SDG 6.4.1. Water Use Efficiency,Central Asia,2021,3.47325677,US$/m3,E,true
143,Water use,Pressure on water resources,SDG 6.4.1. Water Use Efficiency,Central Asia,2022,3.53300464,US$/m3,E,true
62,Water use,Pressure on water resources,SDG 6.4.1. Water Use Efficiency,Central and Southern Asia,2020,2.996386797,US$/m3,E,true
62,Water use,Pressure on water resources,SDG 6.4.1. Water Use Efficiency,Central and Southern Asia,2021,3.258848888,US$/m3,E,true
62,Water use,Pressure on water resources,SDG 6.4.1. Water Use Efficiency,Central and Southern Asia,2022,3.434209374,US$/m3,E,true
148,Water use,Pressure on water resources,SDG 6.4.1. Water Use Efficiency,Chad,2020,11.339350704,US$/m3,I,false
148,Water use,Pressure on water resources,SDG 6.4.1. Water Use Efficiency,Chad,2021,11.314832513,US$/m3,I,false
148,Water use,Pressure on water resources,SDG 6.4.1. Water Use Efficiency,Chad,2022,12.666821756,US$/m3,I,false
152,Water use,Pressure on water resources,SDG 6.4.1. Water Use Efficiency,Chile,2020,6.738375124,US$/m3,I,false
152,Water use,Pressure on water resources,SDG 6.4.1. Water Use Efficiency,Chile,2021,7.475996226,US$/m3,I,false
152,Water use,Pressure on water resources,SDG 6.4.1. Water Use Efficiency,Chile,2022,7.715915308,US$/m3,I,false
156,Water use,Pressure on water resources,SDG 6.4.1. Water Use Efficiency,China,2020,25.808596735,US$/m3,E,false
156,Water use,Pressure on water resources,SDG 6.4.1. Water Use Efficiency,China,2021,31.360416125,US$/m3,E,false
156,Water use,Pressure on water resources,SDG 6.4.1. Water Use Efficiency,China,2022,31.600705047,US$/m3,E,false
170,Water use,Pressure on water resources,SDG 6.4.1. Water Use Efficiency,Colombia,2020,10.773986906,US$/m3,I,false
170,Water use,Pressure on water resources,SDG 6.4.1. Water Use Efficiency,Colombia,2021,11.459481357,US$/m3,I,false
170,Water use,Pressure on water resources,SDG 6.4.1. Water Use Efficiency,Colombia,2022,11.731290538,US$/m3,I,false
174,Water use,Pressure on water resources,SDG 6.4.1. Water Use Efficiency,Comoros,2020,71.634526946,US$/m3,I,false
174,Water use,Pressure on water resources,SDG 6.4.1. Water Use Efficiency,Comoros,2021,73.481476542,US$/m3,I,false
174,Water use,Pressure on water resources,SDG 6.4.1. Water Use Efficiency,Comoros,2022,73.378232936,US$/m3,I,false
178,Water use,Pressure on water resources,SDG 6.4.1. Water Use Efficiency,Congo,2020,94.342461531,US$/m3,I,false
178,Water use,Pressure on water resources,SDG 6.4.1. Water Use Efficiency,Congo,2021,97.865532116,US$/m3,I,false
178,Water use,Pressure on water resources,SDG 6.4.1. Water Use Efficiency,Congo,2022,85.29888363,US$/m3,I,false
188,Water use,Pressure on water resources,SDG 6.4.1. Water Use Efficiency,Costa Rica,2020,17.68892199,US$/m3,E,false
188,Water use,Pressure on water resources,SDG 6.4.1. Water Use Efficiency,Costa Rica,2021,17.174434763,US$/m3,E,false
188,Water use,Pressure on water resources,SDG 6.4.1. Water Use Efficiency,Costa Rica,2022,17.920097838,US$/m3,E,false
191,Water use,Pressure on water resources,SDG 6.4.1. Water Use Efficiency,Croatia,2020,41.746980625,US$/m3,I,false
191,Water use,Pressure on water resources,SDG 6.4.1. Water Use Efficiency,Croatia,2021,47.306514057,US$/m3,I,false
191,Water use,Pressure on water resources,SDG 6.4.1. Water Use Efficiency,Croatia,2022,50.503877088,US$/m3,I,false
192,Water use,Pressure on water resources,SDG 6.4.1. Water Use Efficiency,Cuba,2020,11.337390536,US$/m3,I,false
192,Water use,Pressure on water resources,SDG 6.4.1. Water Use Efficiency,Cuba,2021,12.560141832,US$/m3,I,false
192,Water use,Pressure on water resources,SDG 6.4.1. Water Use Efficiency,Cuba,2022,12.496993773,US$/m3,I,false
196,Water use,Pressure on water resources,SDG 6.4.1. Water Use Efficiency,Cyprus,2020,77.120358446,US$/m3,I,false
196,Water use,Pressure on water resources,SDG 6.4.1. Water Use Efficiency,Cyprus,2021,80.293281308,US$/m3,I,false
196,Water use,Pressure on water resources,SDG 6.4.1. Water Use Efficiency,Cyprus,2022,83.917056612,US$/m3,I,false
203,Water use,Pressure on water resources,SDG 6.4.1. Water Use Efficiency,Czechia,2020,133.047638459,US$/m3,I,false
203,Water use,Pressure on water resources,SDG 6.4.1. Water Use Efficiency,Czechia,2021,139.367857101,US$/m3,I,false
203,Water use,Pressure on water resources,SDG 6.4.1. Water Use Efficiency,Czechia,2022,132.850296223,US$/m3,I,false
384,Water use,Pressure on water resources,SDG 6.4.1. Water Use Efficiency,Côte d'Ivoire,2020,38.120587515,US$/m3,E,false
384,Water use,Pressure on water resources,SDG 6.4.1. Water Use Efficiency,Côte d'Ivoire,2021,41.399915861,US$/m3,E,false
384,Water use,Pressure on water resources,SDG 6.4.1. Water Use Efficiency,Côte d'Ivoire,2022,44.665107822,US$/m3,E,false
408,Water use,Pressure on water resources,SDG 6.4.1. Water Use Efficiency,Democratic People's Republic of Korea,2020,1.600335902,US$/m3,I,false
408,Water use,Pressure on water resources,SDG 6.4.1. Water Use Efficiency,Democratic People's Republic of Korea,2021,1.591332523,US$/m3,I,false
408,Water use,Pressure on water resources,SDG 6.4.1. Water Use Efficiency,Democratic People's Republic of Korea,2022,1.592662237,US$/m3,I,false
180,Water use,Pressure on water resources,SDG 6.4.1. Water Use Efficiency,Democratic Republic of the Congo,2020,50.826943903,US$/m3,I,false
180,Water use,Pressure on water resources,SDG 6.4.1. Water Use Efficiency,Democratic Republic of the Congo,2021,54.586929081,US$/m3,I,false
180,Water use,Pressure on water resources,SDG 6.4.1. Water Use Efficiency,Democratic Republic of the Congo,2022,61.164913508,US$/m3,I,false
208,Water use,Pressure on water resources,SDG 6.4.1. Water Use Efficiency,Denmark,2020,293.393789064,US$/m3,I,false
208,Water use,Pressure on water resources,SDG 6.4.1. Water Use Efficiency,Denmark,2021,311.653552369,US$/m3,I,false
208,Water use,Pressure on water resources,SDG 6.4.1. Water Use Efficiency,Denmark,2022,332.296607489,US$/m3,I,false
214,Water use,Pressure on water resources,SDG 6.4.1. Water Use Efficiency,Dominican Republic,2020,8.204757288,US$/m3,I,false
214,Water use,Pressure on water resources,SDG 6.4.1. Water Use Efficiency,Dominican Republic,2021,9.179056813,US$/m3,I,false
214,Water use,Pressure on water resources,SDG 6.4.1. Water Use Efficiency,Dominican Republic,2022,9.653521619,US$/m3,I,false
30,Water use,Pressure on water resources,SDG 6.4.1. Water Use Efficiency,Eastern Asia,2020,30.33610937,US$/m3,E,true
30,Water use,Pressure on water resources,SDG 6.4.1. Water Use Efficiency,Eastern Asia,2021,35.234149871,US$/m3,E,true
30,Water use,Pressure on water resources,SDG 6.4.1. Water Use Efficiency,Eastern Asia,2022,35.548907932,US$/m3,E,true
753,Water use,Pressure on water resources,SDG 6.4.1. Water Use Efficiency,Eastern and South-Eastern Asia,2020,19.91687304,US$/m3,E,true
753,Water use,Pressure on water resources,SDG 6.4.1. Water Use Efficiency,Eastern and South-Eastern Asia,2021,22.824589907,US$/m3,E,true
753,Water use,Pressure on water resources,SDG 6.4.1. Water Use Efficiency,Eastern and South-Eastern Asia,2022,23.104905187,US$/m3,E,true
218,Water use,Pressure on water resources,SDG 6.4.1. Water Use Efficiency,Ecuador,2020,8.459992598,US$/m3,I,false
218,Water use,Pressure on water resources,SDG 6.4.1. Water Use Efficiency,Ecuador,2021,8.852315757,US$/m3,I,false
218,Water use,Pressure on water resources,SDG 6.4.1. Water Use Efficiency,Ecuador,2022,9.146062814,US$/m3,I,false
818,Water use,Pressure on water resources,SDG 6.4.1. Water Use Efficiency,Egypt,2020,4.889169677,US$/m3,E,false
818,Water use,Pressure on water resources,SDG 6.4.1. Water Use Efficiency,Egypt,2021,5.306097068,US$/m3,E,false
818,Water use,Pressure on water resources,SDG 6.4.1. Water Use Efficiency,Egypt,2022,5.668222435,US$/m3,E,false
222,Water use,Pressure on water resources,SDG 6.4.1. Water Use Efficiency,El Salvador,2020,23.269949943,US$/m3,I,false
222,Water use,Pressure on water resources,SDG 6.4.1. Water Use Efficiency,El Salvador,2021,21.483441433,US$/m3,I,false
222,Water use,Pressure on water resources,SDG 6.4.1. Water Use Efficiency,El Salvador,2022,11.874941289,US$/m3,I,false
232,Water use,Pressure on water resources,SDG 6.4.1. Water Use Efficiency,Eritrea,2020,3.309273393,US$/m3,I,false
232,Water use,Pressure on water resources,SDG 6.4.1. Water Use Efficiency,Eritrea,2021,3.411395095,US$/m3,I,false
232,Water use,Pressure on water resources,SDG 6.4.1. Water Use Efficiency,Eritrea,2022,3.50045607,US$/m3,I,false
233,Water use,Pressure on water resources,SDG 6.4.1. Water Use Efficiency,Estonia,2020,26.860390085,US$/m3,I,false
233,Water use,Pressure on water resources,SDG 6.4.1. Water Use Efficiency,Estonia,2021,24.536999023,US$/m3,I,false
233,Water use,Pressure on water resources,SDG 6.4.1. Water Use Efficiency,Estonia,2022,20.199519861,US$/m3,I,false
748,Water use,Pressure on water resources,SDG 6.4.1. Water Use Efficiency,Eswatini,2020,3.563448636,US$/m3,I,false
748,Water use,Pressure on water resources,SDG 6.4.1. Water Use Efficiency,Eswatini,2021,3.872658286,US$/m3,I,false
748,Water use,Pressure on water resources,SDG 6.4.1. Water Use Efficiency,Eswatini,2022,3.809624757,US$/m3,I,false
231,Water use,Pressure on water resources,SDG 6.4.1. Water Use Efficiency,Ethiopia,2020,5.348001384,US$/m3,E,false
231,Water use,Pressure on water resources,SDG 6.4.1. Water Use Efficiency,Ethiopia,2021,5.518318763,US$/m3,E,false
231,Water use,Pressure on water resources,SDG 6.4.1. Water Use Efficiency,Ethiopia,2022,5.897841767,US$/m3,E,false
150,Water use,Pressure on water resources,SDG 6.4.1. Water Use Efficiency,Europe,2020,61.01216514,US$/m3,E,true
150,Water use,Pressure on water resources,SDG 6.4.1. Water Use Efficiency,Europe,2021,64.779401584,US$/m3,E,true
150,Water use,Pressure on water resources,SDG 6.4.1. Water Use Efficiency,Europe,2022,67.316263354,US$/m3,E,true
513,Water use,Pressure on water resources,SDG 6.4.1. Water Use Efficiency,Europe and Northern America,2020,50.266402288,US$/m3,E,true
513,Water use,Pressure on water resources,SDG 6.4.1. Water Use Efficiency,Europe and Northern America,2021,53.17706469,US$/m3,E,true
513,Water use,Pressure on water resources,SDG 6.4.1. Water Use Efficiency,Europe and Northern America,2022,54.644582516,US$/m3,E,true
242,Water use,Pressure on water resources,SDG 6.4.1. Water Use Efficiency,Fiji,2020,36.07363882,US$/m3,I,false
242,Water use,Pressure on water resources,SDG 6.4.1. Water Use Efficiency,Fiji,2021,34.13967249,US$/m3,I,false
242,Water use,Pressure on water resources,SDG 6.4.1. Water Use Efficiency,Fiji,2022,40.937462903,US$/m3,I,false
246,Water use,Pressure on water resources,SDG 6.4.1. Water Use Efficiency,Finland,2020,59.851212834,US$/m3,I,false
246,Water use,Pressure on water resources,SDG 6.4.1. Water Use Efficiency,Finland,2021,74.178301869,US$/m3,I,false
246,Water use,Pressure on water resources,SDG 6.4.1. Water Use Efficiency,Finland,2022,78.808479,US$/m3,I,false
250,Water use,Pressure on water resources,SDG 6.4.1. Water Use Efficiency,France,2020,86.142222057,US$/m3,I,false
250,Water use,Pressure on water resources,SDG 6.4.1. Water Use Efficiency,France,2021,91.989051214,US$/m3,I,false
250,Water use,Pressure on water resources,SDG 6.4.1. Water Use Efficiency,France,2022,94.692926418,US$/m3,I,false
266,Water use,Pressure on water resources,SDG 6.4.1. Water Use Efficiency,Gabon,2020,96.662020659,US$/m3,E,false
266,Water use,Pressure on water resources,SDG 6.4.1. Water Use Efficiency,Gabon,2021,99.573940257,US$/m3,E,false
266,Water use,Pressure on water resources,SDG 6.4.1. Water Use Efficiency,Gabon,2022,102.911033449,US$/m3,E,false
270,Water use,Pressure on water resources,SDG 6.4.1. Water Use Efficiency,Gambia,2020,11.812017511,US$/m3,I,false
270,Water use,Pressure on water resources,SDG 6.4.1. Water Use Efficiency,Gambia,2021,12.170998993,US$/m3,I,false
270,Water use,Pressure on water resources,SDG 6.4.1. Water Use Efficiency,Gambia,2022,13.026398212,US$/m3,I,false
268,Water use,Pressure on water resources,SDG 6.4.1. Water Use Efficiency,Georgia,2020,8.222744474,US$/m3,I,false
268,Water use,Pressure on water resources,SDG 6.4.1. Water Use Efficiency,Georgia,2021,9.357814676,US$/m3,I,false
268,Water use,Pressure on water resources,SDG 6.4.1. Water Use Efficiency,Georgia,2022,12.914679485,US$/m3,I,false
276,Water use,Pressure on water resources,SDG 6.4.1. Water Use Efficiency,Germany,2020,120.642823382,US$/m3,E,false
276,Water use,Pressure on water resources,SDG 6.4.1. Water Use Efficiency,Germany,2021,124.544273751,US$/m3,E,false
276,Water use,Pressure on water resources,SDG 6.4.1. Water Use Efficiency,Germany,2022,126.281507735,US$/m3,E,false
288,Water use,Pressure on water resources,SDG 6.4.1. Water Use Efficiency,Ghana,2020,32.708912565,US$/m3,I,false
288,Water use,Pressure on water resources,SDG 6.4.1. Water Use Efficiency,Ghana,2021,33.764433672,US$/m3,I,false
288,Water use,Pressure on water resources,SDG 6.4.1. Water Use Efficiency,Ghana,2022,34.939827899,US$/m3,I,false
300,Water use,Pressure on water resources,SDG 6.4.1. Water Use Efficiency,Greece,2020,15.727905443,US$/m3,E,false
300,Water use,Pressure on water resources,SDG 6.4.1. Water Use Efficiency,Greece,2021,16.983454004,US$/m3,E,false
300,Water use,Pressure on water resources,SDG 6.4.1. Water Use Efficiency,Greece,2022,18.105415658,US$/m3,E,false
320,Water use,Pressure on water resources,SDG 6.4.1. Water Use Efficiency,Guatemala,2020,18.15900819,US$/m3,I,false
320,Water use,Pressure on water resources,SDG 6.4.1. Water Use Efficiency,Guatemala,2021,19.617058214,US$/m3,I,false
320,Water use,Pressure on water resources,SDG 6.4.1. Water Use Efficiency,Guatemala,2022,20.461660482,US$/m3,I,false
324,Water use,Pressure on water resources,SDG 6.4.1. Water Use Efficiency,Guinea,2020,9.54588826,US$/m3,I,false
324,Water use,Pressure on water resources,SDG 6.4.1. Water Use Efficiency,Guinea,2021,9.982553675,US$/m3,I,false
324,Water use,Pressure on water resources,SDG 6.4.1. Water Use Efficiency,Guinea,2022,10.451733698,US$/m3,I,false
624,Water use,Pressure on water resources,SDG 6.4.1. Water Use Efficiency,Guinea-Bissau,2020,4.548292869,US$/m3,I,false
624,Water use,Pressure on water resources,SDG 6.4.1. Water Use Efficiency,Guinea-Bissau,2021,4.932571572,US$/m3,I,false
624,Water use,Pressure on water resources,SDG 6.4.1. Water Use Efficiency,Guinea-Bissau,2022,5.14472641,US$/m3,I,false
328,Water use,Pressure on water resources,SDG 6.4.1. Water Use Efficiency,Guyana,2020,3.925542562,US$/m3,I,false
328,Water use,Pressure on water resources,SDG 6.4.1. Water Use Efficiency,Guyana,2021,4.922901497,US$/m3,I,false
328,Water use,Pressure on water resources,SDG 6.4.1. Water Use Efficiency,Guyana,2022,8.61462208,US$/m3,I,false
332,Water use,Pressure on water resources,SDG 6.4.1. Water Use Efficiency,Haiti,2020,7.344347958,US$/m3,I,false
332,Water use,Pressure on water resources,SDG 6.4.1. Water Use Efficiency,Haiti,2021,7.674801879,US$/m3,I,false
332,Water use,Pressure on water resources,SDG 6.4.1. Water Use Efficiency,Haiti,2022,7.588667827,US$/m3,I,false
340,Water use,Pressure on water resources,SDG 6.4.1. Water Use Efficiency,Honduras,2020,11.797217451,US$/m3,I,false
340,Water use,Pressure on water resources,SDG 6.4.1. Water Use Efficiency,Honduras,2021,13.143455437,US$/m3,I,false
340,Water use,Pressure on water resources,SDG 6.4.1. Water Use Efficiency,Honduras,2022,13.546904031,US$/m3,I,false
348,Water use,Pressure on water resources,SDG 6.4.1. Water Use Efficiency,Hungary,2020,24.675211088,US$/m3,E,false
348,Water use,Pressure on water resources,SDG 6.4.1. Water Use Efficiency,Hungary,2021,27.041084415,US$/m3,E,false
348,Water use,Pressure on water resources,SDG 6.4.1. Water Use Efficiency,Hungary,2022,25.964221077,US$/m3,E,false
352,Water use,Pressure on water resources,SDG 6.4.1. Water Use Efficiency,Iceland,2020,58.939428869,US$/m3,E,false
352,Water use,Pressure on water resources,SDG 6.4.1. Water Use Efficiency,Iceland,2021,61.423179039,US$/m3,E,false
352,Water use,Pressure on water resources,SDG 6.4.1. Water Use Efficiency,Iceland,2022,65.882548686,US$/m3,E,false
356,Water use,Pressure on water resources,SDG 6.4.1. Water Use Efficiency,India,2020,2.948073865,US$/m3,I,false
356,Water use,Pressure on water resources,SDG 6.4.1. Water Use Efficiency,India,2021,3.208575259,US$/m3,I,false
356,Water use,Pressure on water resources,SDG 6.4.1. Water Use Efficiency,India,2022,3.420498871,US$/m3,I,false
360,Water use,Pressure on water resources,SDG 6.4.1. Water Use Efficiency,Indonesia,2020,4.123609967,US$/m3,I,false
360,Water use,Pressure on water resources,SDG 6.4.1. Water Use Efficiency,Indonesia,2021,4.270326431,US$/m3,I,false
360,Water use,Pressure on water resources,SDG 6.4.1. Water Use Efficiency,Indonesia,2022,4.503342504,US$/m3,I,false
364,Water use,Pressure on water resources,SDG 6.4.1. Water Use Efficiency,Iran (Islamic Republic of),2020,4.018644399,US$/m3,I,false
364,Water use,Pressure on water resources,SDG 6.4.1. Water Use Efficiency,Iran (Islamic Republic of),2021,4.153720695,US$/m3,I,false
364,Water use,Pressure on water resources,SDG 6.4.1. Water Use Efficiency,Iran (Islamic Republic of),2022,4.230851515,US$/m3,I,false
368,Water use,Pressure on water resources,SDG 6.4.1. Water Use Efficiency,Iraq,2020,3.878666946,US$/m3,I,false
368,Water use,Pressure on water resources,SDG 6.4.1. Water Use Efficiency,Iraq,2021,4.20893608,US$/m3,I,false
368,Water use,Pressure on water resources,SDG 6.4.1. Water Use Efficiency,Iraq,2022,4.509436224,US$/m3,I,false
372,Water use,Pressure on water resources,SDG 6.4.1. Water Use Efficiency,Ireland,2020,241.084459222,US$/m3,I,false
372,Water use,Pressure on water resources,SDG 6.4.1. Water Use Efficiency,Ireland,2021,268.404591324,US$/m3,I,false
372,Water use,Pressure on water resources,SDG 6.4.1. Water Use Efficiency,Ireland,2022,280.531827082,US$/m3,I,false
376,Water use,Pressure on water resources,SDG 6.4.1. Water Use Efficiency,Israel,2020,133.299682055,US$/m3,E,false
376,Water use,Pressure on water resources,SDG 6.4.1. Water Use Efficiency,Israel,2021,131.944310296,US$/m3,E,false
376,Water use,Pressure on water resources,SDG 6.4.1. Water Use Efficiency,Israel,2022,141.197735862,US$/m3,E,false
380,Water use,Pressure on water resources,SDG 6.4.1. Water Use Efficiency,Italy,2020,45.498613344,US$/m3,I,false
380,Water use,Pressure on water resources,SDG 6.4.1. Water Use Efficiency,Italy,2021,47.983410631,US$/m3,I,false
380,Water use,Pressure on water resources,SDG 6.4.1. Water Use Efficiency,Italy,2022,50.008094481,US$/m3,I,false
388,Water use,Pressure on water resources,SDG 6.4.1. Water Use Efficiency,Jamaica,2020,20.960173588,US$/m3,I,false
388,Water use,Pressure on water resources,SDG 6.4.1. Water Use Efficiency,Jamaica,2021,24.655299476,US$/m3,I,false
388,Water use,Pressure on water resources,SDG 6.4.1. Water Use Efficiency,Jamaica,2022,25.385849154,US$/m3,I,false
392,Water use,Pressure on water resources,SDG 6.4.1. Water Use Efficiency,Japan,2020,54.384013743,US$/m3,I,false
392,Water use,Pressure on water resources,SDG 6.4.1. Water Use Efficiency,Japan,2021,55.798537279,US$/m3,I,false
392,Water use,Pressure on water resources,SDG 6.4.1. Water Use Efficiency,Japan,2022,56.315309251,US$/m3,I,false
400,Water use,Pressure on water resources,SDG 6.4.1. Water Use Efficiency,Jordan,2020,32.588619558,US$/m3,E,false
400,Water use,Pressure on water resources,SDG 6.4.1. Water Use Efficiency,Jordan,2021,33.295018954,US$/m3,E,false
400,Water use,Pressure on water resources,SDG 6.4.1. Water Use Efficiency,Jordan,2022,34.150667523,US$/m3,E,false
398,Water use,Pressure on water resources,SDG 6.4.1. Water Use Efficiency,Kazakhstan,2020,7.636304997,US$/m3,I,false
398,Water use,Pressure on water resources,SDG 6.4.1. Water Use Efficiency,Kazakhstan,2021,8.000302776,US$/m3,I,false
398,Water use,Pressure on water resources,SDG 6.4.1. Water Use Efficiency,Kazakhstan,2022,7.948937233,US$/m3,I,false
404,Water use,Pressure on water resources,SDG 6.4.1. Water Use Efficiency,Kenya,2020,15.026482713,US$/m3,I,false
404,Water use,Pressure on water resources,SDG 6.4.1. Water Use Efficiency,Kenya,2021,16.359680443,US$/m3,I,false
404,Water use,Pressure on water resources,SDG 6.4.1. Water Use Efficiency,Kenya,2022,17.253932999,US$/m3,I,false
414,Water use,Pressure on water resources,SDG 6.4.1. Water Use Efficiency,Kuwait,2020,95.947338459,US$/m3,E,false
414,Water use,Pressure on water resources,SDG 6.4.1. Water Use Efficiency,Kuwait,2021,96.002383766,US$/m3,E,false
414,Water use,Pressure on water resources,SDG 6.4.1. Water Use Efficiency,Kuwait,2022,104.882701415,US$/m3,E,false
417,Water use,Pressure on water resources,SDG 6.4.1. Water Use Efficiency,Kyrgyzstan,2020,0.857064979,US$/m3,I,false
417,Water use,Pressure on water resources,SDG 6.4.1. Water Use Efficiency,Kyrgyzstan,2021,0.882133234,US$/m3,I,false
417,Water use,Pressure on water resources,SDG 6.4.1. Water Use Efficiency,Kyrgyzstan,2022,0.92947877,US$/m3,I,false
432,Water use,Pressure on water resources,SDG 6.4.1. Water Use Efficiency,Land Locked Developing Countries,2020,3.54417548,US$/m3,E,true
432,Water use,Pressure on water resources,SDG 6.4.1. Water Use Efficiency,Land Locked Developing Countries,2021,4.001723877,US$/m3,E,true
432,Water use,Pressure on water resources,SDG 6.4.1. Water Use Efficiency,Land Locked Developing Countries,2022,4.052097197,US$/m3,E,true
418,Water use,Pressure on water resources,SDG 6.4.1. Water Use Efficiency,Lao People's Democratic Republic,2020,2.038137378,US$/m3,I,false
418,Water use,Pressure on water resources,SDG 6.4.1. Water Use Efficiency,Lao People's Democratic Republic,2021,2.081983306,US$/m3,I,false
418,Water use,Pressure on water resources,SDG 6.4.1. Water Use Efficiency,Lao People's Democratic Republic,2022,1.909559799,US$/m3,I,false
419,Water use,Pressure on water resources,SDG 6.4.1. Water Use Efficiency,Latin America and the Caribbean,2020,12.140578716,US$/m3,E,true
419,Water use,Pressure on water resources,SDG 6.4.1. Water Use Efficiency,Latin America and the Caribbean,2021,13.268878198,US$/m3,E,true
419,Water use,Pressure on water resources,SDG 6.4.1. Water Use Efficiency,Latin America and the Caribbean,2022,13.705045778,US$/m3,E,true
428,Water use,Pressure on water resources,SDG 6.4.1. Water Use Efficiency,Latvia,2020,133.69613717,US$/m3,I,false
428,Water use,Pressure on water resources,SDG 6.4.1. Water Use Efficiency,Latvia,2021,140.158938861,US$/m3,I,false
428,Water use,Pressure on water resources,SDG 6.4.1. Water Use Efficiency,Latvia,2022,155.003962372,US$/m3,I,false
199,Water use,Pressure on water resources,SDG 6.4.1. Water Use Efficiency,Least Developed Countries,2020,4.866048971,US$/m3,E,true
199,Water use,Pressure on water resources,SDG 6.4.1. Water Use Efficiency,Least Developed Countries,2021,5.036346297,US$/m3,E,true
199,Water use,Pressure on water resources,SDG 6.4.1. Water Use Efficiency,Least Developed Countries,2022,5.237345594,US$/m3,E,true
422,Water use,Pressure on water resources,SDG 6.4.1. Water Use Efficiency,Lebanon,2020,20.242064468,US$/m3,I,false
422,Water use,Pressure on water resources,SDG 6.4.1. Water Use Efficiency,Lebanon,2021,18.049320478,US$/m3,I,false
422,Water use,Pressure on water resources,SDG 6.4.1. Water Use Efficiency,Lebanon,2022,16.799897867,US$/m3,I,false
426,Water use,Pressure on water resources,SDG 6.4.1. Water Use Efficiency,Lesotho,2020,40.305183224,US$/m3,I,false
426,Water use,Pressure on water resources,SDG 6.4.1. Water Use Efficiency,Lesotho,2021,40.553420837,US$/m3,I,false
426,Water use,Pressure on water resources,SDG 6.4.1. Water Use Efficiency,Lesotho,2022,40.197578027,US$/m3,I,false
430,Water use,Pressure on water resources,SDG 6.4.1. Water Use Efficiency,Liberia,2020,4.265101203,US$/m3,E,false
430,Water use,Pressure on water resources,SDG 6.4.1. Water Use Efficiency,Liberia,2021,4.447356611,US$/m3,E,false
430,Water use,Pressure on water resources,SDG 6.4.1. Water Use Efficiency,Liberia,2022,4.684007548,US$/m3,E,false
434,Water use,Pressure on water resources,SDG 6.4.1. Water Use Efficiency,Libya,2020,7.760835273,US$/m3,I,false
434,Water use,Pressure on water resources,SDG 6.4.1. Water Use Efficiency,Libya,2021,9.978874908,US$/m3,I,false
434,Water use,Pressure on water resources,SDG 6.4.1. Water Use Efficiency,Libya,2022,8.12699971,US$/m3,I,false
440,Water use,Pressure on water resources,SDG 6.4.1. Water Use Efficiency,Lithuania,2020,103.458965185,US$/m3,I,false
440,Water use,Pressure on water resources,SDG 6.4.1. Water Use Efficiency,Lithuania,2021,124.228890114,US$/m3,I,false
440,Water use,Pressure on water resources,SDG 6.4.1. Water Use Efficiency,Lithuania,2022,151.940326177,US$/m3,I,false
442,Water use,Pressure on water resources,SDG 6.4.1. Water Use Efficiency,Luxembourg,2020,1189.976992516,US$/m3,I,false
442,Water use,Pressure on water resources,SDG 6.4.1. Water Use Efficiency,Luxembourg,2021,1394.294841428,US$/m3,I,false
442,Water use,Pressure on water resources,SDG 6.4.1. Water Use Efficiency,Luxembourg,2022,1362.012610933,US$/m3,I,false
450,Water use,Pressure on water resources,SDG 6.4.1. Water Use Efficiency,Madagascar,2020,0.727300852,US$/m3,I,false
450,Water use,Pressure on water resources,SDG 6.4.1. Water Use Efficiency,Madagascar,2021,0.781465204,US$/m3,I,false
450,Water use,Pressure on water resources,SDG 6.4.1. Water Use Efficiency,Madagascar,2022,0.799160536,US$/m3,I,false
454,Water use,Pressure on water resources,SDG 6.4.1. Water Use Efficiency,Malawi,2020,5.635527053,US$/m3,I,false
454,Water use,Pressure on water resources,SDG 6.4.1. Water Use Efficiency,Malawi,2021,5.790768818,US$/m3,I,false
454,Water use,Pressure on water resources,SDG 6.4.1. Water Use Efficiency,Malawi,2022,5.687926724,US$/m3,I,false
458,Water use,Pressure on water resources,SDG 6.4.1. Water Use Efficiency,Malaysia,2020,57.480819795,US$/m3,I,false
458,Water use,Pressure on water resources,SDG 6.4.1. Water Use Efficiency,Malaysia,2021,58.432428508,US$/m3,I,false
458,Water use,Pressure on water resources,SDG 6.4.1. Water Use Efficiency,Malaysia,2022,63.851769601,US$/m3,I,false
466,Water use,Pressure on water resources,SDG 6.4.1. Water Use Efficiency,Mali,2020,1.962521351,US$/m3,E,false
466,Water use,Pressure on water resources,SDG 6.4.1. Water Use Efficiency,Mali,2021,2.045876726,US$/m3,E,false
466,Water use,Pressure on water resources,SDG 6.4.1. Water Use Efficiency,Mali,2022,2.179814544,US$/m3,E,false
470,Water use,Pressure on water resources,SDG 6.4.1. Water Use Efficiency,Malta,2020,190.704087932,US$/m3,I,false
470,Water use,Pressure on water resources,SDG 6.4.1. Water Use Efficiency,Malta,2021,220.514359114,US$/m3,I,false
470,Water use,Pressure on water resources,SDG 6.4.1. Water Use Efficiency,Malta,2022,237.542903823,US$/m3,I,false
478,Water use,Pressure on water resources,SDG 6.4.1. Water Use Efficiency,Mauritania,2020,4.193221179,US$/m3,I,false
478,Water use,Pressure on water resources,SDG 6.4.1. Water Use Efficiency,Mauritania,2021,4.291882564,US$/m3,I,false
478,Water use,Pressure on water resources,SDG 6.4.1. Water Use Efficiency,Mauritania,2022,4.608097533,US$/m3,I,false
480,Water use,Pressure on water resources,SDG 6.4.1. Water Use Efficiency,Mauritius,2020,16.677859252,US$/m3,E,false
480,Water use,Pressure on water resources,SDG 6.4.1. Water Use Efficiency,Mauritius,2021,17.429693945,US$/m3,E,false
480,Water use,Pressure on water resources,SDG 6.4.1. Water Use Efficiency,Mauritius,2022,17.890922603,US$/m3,E,false
484,Water use,Pressure on water resources,SDG 6.4.1. Water Use Efficiency,Mexico,2020,11.978175572,US$/m3,E,false
484,Water use,Pressure on water resources,SDG 6.4.1. Water Use Efficiency,Mexico,2021,12.620240097,US$/m3,E,false
484,Water use,Pressure on water resources,SDG 6.4.1. Water Use Efficiency,Mexico,2022,13.286705425,US$/m3,E,false
496,Water use,Pressure on water resources,SDG 6.4.1. Water Use Efficiency,Mongolia,2020,22.96253053,US$/m3,I,false
496,Water use,Pressure on water resources,SDG 6.4.1. Water Use Efficiency,Mongolia,2021,23.098923679,US$/m3,I,false
496,Water use,Pressure on water resources,SDG 6.4.1. Water Use Efficiency,Mongolia,2022,24.123441099,US$/m3,I,false
499,Water use,Pressure on water resources,SDG 6.4.1. Water Use Efficiency,Montenegro,2020,1.300558568,US$/m3,I,false
499,Water use,Pressure on water resources,SDG 6.4.1. Water Use Efficiency,Montenegro,2021,1.106962512,US$/m3,I,false
499,Water use,Pressure on water resources,SDG 6.4.1. Water Use Efficiency,Montenegro,2022,1.645449417,US$/m3,I,false
504,Water use,Pressure on water resources,SDG 6.4.1. Water Use Efficiency,Morocco,2020,9.601818651,US$/m3,I,false
504,Water use,Pressure on water resources,SDG 6.4.1. Water Use Efficiency,Morocco,2021,10.24384681,US$/m3,I,false
504,Water use,Pressure on water resources,SDG 6.4.1. Water Use Efficiency,Morocco,2022,10.850769756,US$/m3,I,false
508,Water use,Pressure on water resources,SDG 6.4.1. Water Use Efficiency,Mozambique,2020,7.74682609,US$/m3,I,false
508,Water use,Pressure on water resources,SDG 6.4.1. Water Use Efficiency,Mozambique,2021,7.770668658,US$/m3,I,false
508,Water use,Pressure on water resources,SDG 6.4.1. Water Use Efficiency,Mozambique,2022,8.422878929,US$/m3,I,false
104,Water use,Pressure on water resources,SDG 6.4.1. Water Use Efficiency,Myanmar,2020,1.891854045,US$/m3,I,false
104,Water use,Pressure on water resources,SDG 6.4.1. Water Use Efficiency,Myanmar,2021,1.919865728,US$/m3,I,false
104,Water use,Pressure on water resources,SDG 6.4.1. Water Use Efficiency,Myanmar,2022,1.996089303,US$/m3,I,false
516,Water use,Pressure on water resources,SDG 6.4.1. Water Use Efficiency,Namibia,2020,60.426642434,US$/m3,I,false
516,Water use,Pressure on water resources,SDG 6.4.1. Water Use Efficiency,Namibia,2021,68.626937328,US$/m3,I,false
516,Water use,Pressure on water resources,SDG 6.4.1. Water Use Efficiency,Namibia,2022,33.279966376,US$/m3,I,false
524,Water use,Pressure on water resources,SDG 6.4.1. Water Use Efficiency,Nepal,2020,2.633344512,US$/m3,I,false
524,Water use,Pressure on water resources,SDG 6.4.1. Water Use Efficiency,Nepal,2021,2.670986947,US$/m3,I,false
524,Water use,Pressure on water resources,SDG 6.4.1. Water Use Efficiency,Nepal,2022,2.824690701,US$/m3,I,false
528,Water use,Pressure on water resources,SDG 6.4.1. Water Use Efficiency,Netherlands (Kingdom of the),2020,85.77768856,US$/m3,I,false
528,Water use,Pressure on water resources,SDG 6.4.1. Water Use Efficiency,Netherlands (Kingdom of the),2021,94.558658486,US$/m3,I,false
528,Water use,Pressure on water resources,SDG 6.4.1. Water Use Efficiency,Netherlands (Kingdom of the),2022,96.483110352,US$/m3,I,false
554,Water use,Pressure on water resources,SDG 6.4.1. Water Use Efficiency,New Zealand,2020,38.606508451,US$/m3,I,false
554,Water use,Pressure on water resources,SDG 6.4.1. Water Use Efficiency,New Zealand,2021,40.330947406,US$/m3,I,false
554,Water use,Pressure on water resources,SDG 6.4.1. Water Use Efficiency,New Zealand,2022,41.481416803,US$/m3,I,false
558,Water use,Pressure on water resources,SDG 6.4.1. Water Use Efficiency,Nicaragua,2020,7.644683874,US$/m3,I,false
558,Water use,Pressure on water resources,SDG 6.4.1. Water Use Efficiency,Nicaragua,2021,8.329101449,US$/m3,I,false
558,Water use,Pressure on water resources,SDG 6.4.1. Water Use Efficiency,Nicaragua,2022,8.501914888,US$/m3,I,false
562,Water use,Pressure on water resources,SDG 6.4.1. Water Use Efficiency,Niger,2020,2.758665682,US$/m3,E,false
562,Water use,Pressure on water resources,SDG 6.4.1. Water Use Efficiency,Niger,2021,2.873859084,US$/m3,E,false
562,Water use,Pressure on water resources,SDG 6.4.1. Water Use Efficiency,Niger,2022,3.175207893,US$/m3,E,false
566,Water use,Pressure on water resources,SDG 6.4.1. Water Use Efficiency,Nigeria,2020,30.146843723,US$/m3,I,false
566,Water use,Pressure on water resources,SDG 6.4.1. Water Use Efficiency,Nigeria,2021,31.458906824,US$/m3,I,false
566,Water use,Pressure on water resources,SDG 6.4.1. Water Use Efficiency,Nigeria,2022,32.376319155,US$/m3,I,false
807,Water use,Pressure on water resources,SDG 6.4.1. Water Use Efficiency,North Macedonia,2020,6.041341466,US$/m3,I,false
807,Water use,Pressure on water resources,SDG 6.4.1. Water Use Efficiency,North Macedonia,2021,5.768503744,US$/m3,I,false
807,Water use,Pressure on water resources,SDG 6.4.1. Water Use Efficiency,North Macedonia,2022,4.248870181,US$/m3,I,false
15,Water use,Pressure on water resources,SDG 6.4.1. Water Use Efficiency,Northern Africa,2020,5.80424445,US$/m3,E,true
15,Water use,Pressure on water resources,SDG 6.4.1. Water Use Efficiency,Northern Africa,2021,6.27852923,US$/m3,E,true
15,Water use,Pressure on water resources,SDG 6.4.1. Water Use Efficiency,Northern Africa,2022,6.460145202,US$/m3,E,true
747,Water use,Pressure on water resources,SDG 6.4.1. Water Use Efficiency,Northern Africa and Western Asia,2020,11.735633156,US$/m3,E,true
747,Water use,Pressure on water resources,SDG 6.4.1. Water Use Efficiency,Northern Africa and Western Asia,2021,12.925426061,US$/m3,E,true
747,Water use,Pressure on water resources,SDG 6.4.1. Water Use Efficiency,Northern Africa and Western Asia,2022,13.208483787,US$/m3,E,true
21,Water use,Pressure on water resources,SDG 6.4.1. Water Use Efficiency,Northern America,2020,43.902795082,US$/m3,E,true
21,Water use,Pressure on water resources,SDG 6.4.1. Water Use Efficiency,Northern America,2021,46.341060816,US$/m3,E,true
21,Water use,Pressure on water resources,SDG 6.4.1. Water Use Efficiency,Northern America,2022,47.214683026,US$/m3,E,true
578,Water use,Pressure on water resources,SDG 6.4.1. Water Use Efficiency,Norway,2020,130.464029279,US$/m3,I,false
578,Water use,Pressure on water resources,SDG 6.4.1. Water Use Efficiency,Norway,2021,140.342201555,US$/m3,I,false
578,Water use,Pressure on water resources,SDG 6.4.1. Water Use Efficiency,Norway,2022,146.802969245,US$/m3,I,false
9,Water use,Pressure on water resources,SDG 6.4.1. Water Use Efficiency,Oceania,2020,77.909750196,US$/m3,E,true
9,Water use,Pressure on water resources,SDG 6.4.1. Water Use Efficiency,Oceania,2021,70.164064348,US$/m3,E,true
9,Water use,Pressure on water resources,SDG 6.4.1. Water Use Efficiency,Oceania,2022,71.716453288,US$/m3,E,true
543,Water use,Pressure on water resources,SDG 6.4.1. Water Use Efficiency,Oceania (excluding Australia and New Zealand),2020,78.881853836,US$/m3,E,true
543,Water use,Pressure on water resources,SDG 6.4.1. Water Use Efficiency,Oceania (excluding Australia and New Zealand),2021,77.687675676,US$/m3,E,true
543,Water use,Pressure on water resources,SDG 6.4.1. Water Use Efficiency,Oceania (excluding Australia and New Zealand),2022,83.494139589,US$/m3,E,true
512,Water use,Pressure on water resources,SDG 6.4.1. Water Use Efficiency,Oman,2020,43.849136449,US$/m3,E,false
512,Water use,Pressure on water resources,SDG 6.4.1. Water Use Efficiency,Oman,2021,44.617382051,US$/m3,E,false
512,Water use,Pressure on water resources,SDG 6.4.1. Water Use Efficiency,Oman,2022,46.860311188,US$/m3,E,false
586,Water use,Pressure on water resources,SDG 6.4.1. Water Use Efficiency,Pakistan,2020,1.733186228,US$/m3,I,false
586,Water use,Pressure on water resources,SDG 6.4.1. Water Use Efficiency,Pakistan,2021,1.840710932,US$/m3,I,false
586,Water use,Pressure on water resources,SDG 6.4.1. Water Use Efficiency,Pakistan,2022,1.954210871,US$/m3,I,false
275,Water use,Pressure on water resources,SDG 6.4.1. Water Use Efficiency,Palestine,2020,26.020001415,US$/m3,I,false
275,Water use,Pressure on water resources,SDG 6.4.1. Water Use Efficiency,Palestine,2021,27.992308941,US$/m3,I,false
275,Water use,Pressure on water resources,SDG 6.4.1. Water Use Efficiency,Palestine,2022,28.895018062,US$/m3,I,false
591,Water use,Pressure on water resources,SDG 6.4.1. Water Use Efficiency,Panama,2020,42.888458576,US$/m3,I,false
591,Water use,Pressure on water resources,SDG 6.4.1. Water Use Efficiency,Panama,2021,49.549959233,US$/m3,I,false
591,Water use,Pressure on water resources,SDG 6.4.1. Water Use Efficiency,Panama,2022,54.892464078,US$/m3,I,false
600,Water use,Pressure on water resources,SDG 6.4.1. Water Use Efficiency,Paraguay,2020,13.923633072,US$/m3,I,false
600,Water use,Pressure on water resources,SDG 6.4.1. Water Use Efficiency,Paraguay,2021,14.371652681,US$/m3,I,false
600,Water use,Pressure on water resources,SDG 6.4.1. Water Use Efficiency,Paraguay,2022,14.413520839,US$/m3,I,false
604,Water use,Pressure on water resources,SDG 6.4.1. Water Use Efficiency,Peru,2020,4.419699159,US$/m3,I,false
604,Water use,Pressure on water resources,SDG 6.4.1. Water Use Efficiency,Peru,2021,7.810388551,US$/m3,I,false
604,Water use,Pressure on water resources,SDG 6.4.1. Water Use Efficiency,Peru,2022,7.596454476,US$/m3,I,false
608,Water use,Pressure on water resources,SDG 6.4.1. Water Use Efficiency,Philippines,2020,3.819975273,US$/m3,E,false
608,Water use,Pressure on water resources,SDG 6.4.1. Water Use Efficiency,Philippines,2021,3.987590793,US$/m3,E,false
608,Water use,Pressure on water resources,SDG 6.4.1. Water Use Efficiency,Philippines,2022,4.194579957,US$/m3,E,false
616,Water use,Pressure on water resources,SDG 6.4.1. Water Use Efficiency,Poland,2020,52.300869648,US$/m3,I,false
616,Water use,Pressure on water resources,SDG 6.4.1. Water Use Efficiency,Poland,2021,51.947391539,US$/m3,I,false
616,Water use,Pressure on water resources,SDG 6.4.1. Water Use Efficiency,Poland,2022,55.350456945,US$/m3,I,false
620,Water use,Pressure on water resources,SDG 6.4.1. Water Use Efficiency,Portugal,2020,28.508663063,US$/m3,I,false
620,Water use,Pressure on water resources,SDG 6.4.1. Water Use Efficiency,Portugal,2021,29.888729602,US$/m3,I,false
620,Water use,Pressure on water resources,SDG 6.4.1. Water Use Efficiency,Portugal,2022,31.968537053,US$/m3,I,false
630,Water use,Pressure on water resources,SDG 6.4.1. Water Use Efficiency,Puerto Rico,2020,28.236608067,US$/m3,I,false
630,Water use,Pressure on water resources,SDG 6.4.1. Water Use Efficiency,Puerto Rico,2021,28.048939764,US$/m3,I,false
630,Water use,Pressure on water resources,SDG 6.4.1. Water Use Efficiency,Puerto Rico,2022,28.985567225,US$/m3,I,false
634,Water use,Pressure on water resources,SDG 6.4.1. Water Use Efficiency,Qatar,2020,191.60262245,US$/m3,E,false
634,Water use,Pressure on water resources,SDG 6.4.1. Water Use Efficiency,Qatar,2021,194.024885313,US$/m3,E,false
634,Water use,Pressure on water resources,SDG 6.4.1. Water Use Efficiency,Qatar,2022,191.723882291,US$/m3,E,false
410,Water use,Pressure on water resources,SDG 6.4.1. Water Use Efficiency,Republic of Korea,2020,54.391226792,US$/m3,I,false
410,Water use,Pressure on water resources,SDG 6.4.1. Water Use Efficiency,Republic of Korea,2021,56.420745276,US$/m3,I,false
410,Water use,Pressure on water resources,SDG 6.4.1. Water Use Efficiency,Republic of Korea,2022,58.265055426,US$/m3,I,false
498,Water use,Pressure on water resources,SDG 6.4.1. Water Use Efficiency,Republic of Moldova,2020,8.29916313,US$/m3,E,false
498,Water use,Pressure on water resources,SDG 6.4.1. Water Use Efficiency,Republic of Moldova,2021,9.269273775,US$/m3,E,false
498,Water use,Pressure on water resources,SDG 6.4.1. Water Use Efficiency,Republic of Moldova,2022,8.923303681,US$/m3,E,false
642,Water use,Pressure on water resources,SDG 6.4.1. Water Use Efficiency,Romania,2020,24.664035879,US$/m3,I,false
642,Water use,Pressure on water resources,SDG 6.4.1. Water Use Efficiency,Romania,2021,24.267209442,US$/m3,I,false
642,Water use,Pressure on water resources,SDG 6.4.1. Water Use Efficiency,Romania,2022,24.788934001,US$/m3,I,false
643,Water use,Pressure on water resources,SDG 6.4.1. Water Use Efficiency,Russian Federation,2020,18.92261795,US$/m3,I,false
643,Water use,Pressure on water resources,SDG 6.4.1. Water Use Efficiency,Russian Federation,2021,19.894377449,US$/m3,I,false
643,Water use,Pressure on water resources,SDG 6.4.1. Water Use Efficiency,Russian Federation,2022,19.665167288,US$/m3,I,false
646,Water use,Pressure on water resources,SDG 6.4.1. Water Use Efficiency,Rwanda,2020,11.985261188,US$/m3,I,false
646,Water use,Pressure on water resources,SDG 6.4.1. Water Use Efficiency,Rwanda,2021,13.628290339,US$/m3,I,false
646,Water use,Pressure on water resources,SDG 6.4.1. Water Use Efficiency,Rwanda,2022,14.885959589,US$/m3,I,false
678,Water use,Pressure on water resources,SDG 6.4.1. Water Use Efficiency,Sao Tome and Principe,2020,7.940781801,US$/m3,I,false
678,Water use,Pressure on water resources,SDG 6.4.1. Water Use Efficiency,Sao Tome and Principe,2021,8.205034417,US$/m3,I,false
678,Water use,Pressure on water resources,SDG 6.4.1. Water Use Efficiency,Sao Tome and Principe,2022,8.187021499,US$/m3,I,false
682,Water use,Pressure on water resources,SDG 6.4.1. Water Use Efficiency,Saudi Arabia,2020,24.99392434,US$/m3,E,false
682,Water use,Pressure on water resources,SDG 6.4.1. Water Use Efficiency,Saudi Arabia,2021,25.478601408,US$/m3,E,false
682,Water use,Pressure on water resources,SDG 6.4.1. Water Use Efficiency,Saudi Arabia,2022,28.008387175,US$/m3,E,false
686,Water use,Pressure on water resources,SDG 6.4.1. Water Use Efficiency,Senegal,2020,5.645397334,US$/m3,E,false
686,Water use,Pressure on water resources,SDG 6.4.1. Water Use Efficiency,Senegal,2021,6.097594267,US$/m3,E,false
686,Water use,Pressure on water resources,SDG 6.4.1. Water Use Efficiency,Senegal,2022,6.367760151,US$/m3,E,false
688,Water use,Pressure on water resources,SDG 6.4.1. Water Use Efficiency,Serbia,2020,6.828702906,US$/m3,I,false
688,Water use,Pressure on water resources,SDG 6.4.1. Water Use Efficiency,Serbia,2021,7.712462166,US$/m3,I,false
688,Water use,Pressure on water resources,SDG 6.4.1. Water Use Efficiency,Serbia,2022,7.600496238,US$/m3,I,false
690,Water use,Pressure on water resources,SDG 6.4.1. Water Use Efficiency,Seychelles,2020,107.42446707,US$/m3,I,false
690,Water use,Pressure on water resources,SDG 6.4.1. Water Use Efficiency,Seychelles,2021,110.704009597,US$/m3,I,false
690,Water use,Pressure on water resources,SDG 6.4.1. Water Use Efficiency,Seychelles,2022,112.839597574,US$/m3,I,false
694,Water use,Pressure on water resources,SDG 6.4.1. Water Use Efficiency,Sierra Leone,2020,9.358216789,US$/m3,I,false
694,Water use,Pressure on water resources,SDG 6.4.1. Water Use Efficiency,Sierra Leone,2021,10.212152601,US$/m3,I,false
694,Water use,Pressure on water resources,SDG 6.4.1. Water Use Efficiency,Sierra Leone,2022,10.593603964,US$/m3,I,false
703,Water use,Pressure on water resources,SDG 6.4.1. Water Use Efficiency,Slovakia,2020,152.389107716,US$/m3,E,false
703,Water use,Pressure on water resources,SDG 6.4.1. Water Use Efficiency,Slovakia,2021,155.672455783,US$/m3,E,false
703,Water use,Pressure on water resources,SDG 6.4.1. Water Use Efficiency,Slovakia,2022,158.232396158,US$/m3,E,false
705,Water use,Pressure on water resources,SDG 6.4.1. Water Use Efficiency,Slovenia,2020,41.487637049,US$/m3,E,false
705,Water use,Pressure on water resources,SDG 6.4.1. Water Use Efficiency,Slovenia,2021,48.339135603,US$/m3,E,false
705,Water use,Pressure on water resources,SDG 6.4.1. Water Use Efficiency,Slovenia,2022,55.804488217,US$/m3,E,false
722,Water use,Pressure on water resources,SDG 6.4.1. Water Use Efficiency,Small Island Developing States,2020,25.358661246,US$/m3,E,true
722,Water use,Pressure on water resources,SDG 6.4.1. Water Use Efficiency,Small Island Developing States,2021,27.364481946,US$/m3,E,true
722,Water use,Pressure on water resources,SDG 6.4.1. Water Use Efficiency,Small Island Developing States,2022,28.767999269,US$/m3,E,true
706,Water use,Pressure on water resources,SDG 6.4.1. Water Use Efficiency,Somalia,2020,1.119607143,US$/m3,I,false
706,Water use,Pressure on water resources,SDG 6.4.1. Water Use Efficiency,Somalia,2021,1.15677027,US$/m3,I,false
706,Water use,Pressure on water resources,SDG 6.4.1. Water Use Efficiency,Somalia,2022,1.184932117,US$/m3,I,false
710,Water use,Pressure on water resources,SDG 6.4.1. Water Use Efficiency,South Africa,2020,15.563627794,US$/m3,I,false
710,Water use,Pressure on water resources,SDG 6.4.1. Water Use Efficiency,South Africa,2021,15.882434005,US$/m3,I,false
710,Water use,Pressure on water resources,SDG 6.4.1. Water Use Efficiency,South Africa,2022,15.813304293,US$/m3,I,false
728,Water use,Pressure on water resources,SDG 6.4.1. Water Use Efficiency,South Sudan,2020,8.849006455,US$/m3,I,false
728,Water use,Pressure on water resources,SDG 6.4.1. Water Use Efficiency,South Sudan,2021,8.879453198,US$/m3,I,false
728,Water use,Pressure on water resources,SDG 6.4.1. Water Use Efficiency,South Sudan,2022,8.962944394,US$/m3,I,false
35,Water use,Pressure on water resources,SDG 6.4.1. Water Use Efficiency,South-eastern Asia,2020,5.382221995,US$/m3,E,true
35,Water use,Pressure on water resources,SDG 6.4.1. Water Use Efficiency,South-eastern Asia,2021,5.565868808,US$/m3,E,true
35,Water use,Pressure on water resources,SDG 6.4.1. Water Use Efficiency,South-eastern Asia,2022,5.863200222,US$/m3,E,true
34,Water use,Pressure on water resources,SDG 6.4.1. Water Use Efficiency,Southern Asia,2020,3.013568491,US$/m3,E,true
34,Water use,Pressure on water resources,SDG 6.4.1. Water Use Efficiency,Southern Asia,2021,3.239011413,US$/m3,E,true
34,Water use,Pressure on water resources,SDG 6.4.1. Water Use Efficiency,Southern Asia,2022,3.424958133,US$/m3,E,true
724,Water use,Pressure on water resources,SDG 6.4.1. Water Use Efficiency,Spain,2020,36.146339534,US$/m3,E,false
724,Water use,Pressure on water resources,SDG 6.4.1. Water Use Efficiency,Spain,2021,38.298438748,US$/m3,E,false
724,Water use,Pressure on water resources,SDG 6.4.1. Water Use Efficiency,Spain,2022,40.817785648,US$/m3,E,false
144,Water use,Pressure on water resources,SDG 6.4.1. Water Use Efficiency,Sri Lanka,2020,6.445468473,US$/m3,I,false
144,Water use,Pressure on water resources,SDG 6.4.1. Water Use Efficiency,Sri Lanka,2021,6.670072986,US$/m3,I,false
144,Water use,Pressure on water resources,SDG 6.4.1. Water Use Efficiency,Sri Lanka,2022,6.197680995,US$/m3,I,false
202,Water use,Pressure on water resources,SDG 6.4.1. Water Use Efficiency,Sub-Saharan Africa,2020,13.104427895,US$/m3,E,true
202,Water use,Pressure on water resources,SDG 6.4.1. Water Use Efficiency,Sub-Saharan Africa,2021,13.639135436,US$/m3,E,true
202,Water use,Pressure on water resources,SDG 6.4.1. Water Use Efficiency,Sub-Saharan Africa,2022,13.992137039,US$/m3,E,true
729,Water use,Pressure on water resources,SDG 6.4.1. Water Use Efficiency,Sudan,2020,2.85494044,US$/m3,I,false
729,Water use,Pressure on water resources,SDG 6.4.1. Water Use Efficiency,Sudan,2021,2.819389057,US$/m3,I,false
729,Water use,Pressure on water resources,SDG 6.4.1. Water Use Efficiency,Sudan,2022,2.738484635,US$/m3,I,false
740,Water use,Pressure on water resources,SDG 6.4.1. Water Use Efficiency,Suriname,2020,6.926209015,US$/m3,E,false
740,Water use,Pressure on water resources,SDG 6.4.1. Water Use Efficiency,Suriname,2021,6.838910581,US$/m3,E,false
740,Water use,Pressure on water resources,SDG 6.4.1. Water Use Efficiency,Suriname,2022,6.988751804,US$/m3,E,false
752,Water use,Pressure on water resources,SDG 6.4.1. Water Use Efficiency,Sweden,2020,189.352158879,US$/m3,I,false
752,Water use,Pressure on water resources,SDG 6.4.1. Water Use Efficiency,Sweden,2021,241.864551835,US$/m3,I,false
752,Water use,Pressure on water resources,SDG 6.4.1. Water Use Efficiency,Sweden,2022,248.969220597,US$/m3,I,false
756,Water use,Pressure on water resources,SDG 6.4.1. Water Use Efficiency,Switzerland,2020,406.190995233,US$/m3,I,false
756,Water use,Pressure on water resources,SDG 6.4.1. Water Use Efficiency,Switzerland,2021,433.701439943,US$/m3,I,false
756,Water use,Pressure on water resources,SDG 6.4.1. Water Use Efficiency,Switzerland,2022,441.367561433,US$/m3,I,false
760,Water use,Pressure on water resources,SDG 6.4.1. Water Use Efficiency,Syrian Arab Republic,2020,0.897567702,US$/m3,I,false
760,Water use,Pressure on water resources,SDG 6.4.1. Water Use Efficiency,Syrian Arab Republic,2021,0.969855347,US$/m3,I,false
760,Water use,Pressure on water resources,SDG 6.4.1. Water Use Efficiency,Syrian Arab Republic,2022,0.911768695,US$/m3,I,false
762,Water use,Pressure on water resources,SDG 6.4.1. Water Use Efficiency,Tajikistan,2020,1.011724203,US$/m3,I,false
762,Water use,Pressure on water resources,SDG 6.4.1. Water Use Efficiency,Tajikistan,2021,1.098495048,US$/m3,I,false
762,Water use,Pressure on water resources,SDG 6.4.1. Water Use Efficiency,Tajikistan,2022,1.178220646,US$/m3,I,false
764,Water use,Pressure on water resources,SDG 6.4.1. Water Use Efficiency,Thailand,2020,7.231323371,US$/m3,I,false
764,Water use,Pressure on water resources,SDG 6.4.1. Water Use Efficiency,Thailand,2021,7.329346225,US$/m3,I,false
764,Water use,Pressure on water resources,SDG 6.4.1. Water Use Efficiency,Thailand,2022,7.513500155,US$/m3,I,false
626,Water use,Pressure on water resources,SDG 6.4.1. Water Use Efficiency,Timor-Leste,2020,1.956969198,US$/m3,I,false
626,Water use,Pressure on water resources,SDG 6.4.1. Water Use Efficiency,Timor-Leste,2021,2.208659762,US$/m3,I,false
626,Water use,Pressure on water resources,SDG 6.4.1. Water Use Efficiency,Timor-Leste,2022,1.730860676,US$/m3,I,false
768,Water use,Pressure on water resources,SDG 6.4.1. Water Use Efficiency,Togo,2020,22.579973365,US$/m3,I,false
768,Water use,Pressure on water resources,SDG 6.4.1. Water Use Efficiency,Togo,2021,23.985410218,US$/m3,I,false
768,Water use,Pressure on water resources,SDG 6.4.1. Water Use Efficiency,Togo,2022,25.529655371,US$/m3,I,false
780,Water use,Pressure on water resources,SDG 6.4.1. Water Use Efficiency,Trinidad and Tobago,2020,52.625109142,US$/m3,E,false
780,Water use,Pressure on water resources,SDG 6.4.1. Water Use Efficiency,Trinidad and Tobago,2021,52.201340132,US$/m3,E,false
780,Water use,Pressure on water resources,SDG 6.4.1. Water Use Efficiency,Trinidad and Tobago,2022,54.846240903,US$/m3,E,false
788,Water use,Pressure on water resources,SDG 6.4.1. Water Use Efficiency,Tunisia,2020,11.003057064,US$/m3,I,false
788,Water use,Pressure on water resources,SDG 6.4.1. Water Use Efficiency,Tunisia,2021,11.683728627,US$/m3,I,false
788,Water use,Pressure on water resources,SDG 6.4.1. Water Use Efficiency,Tunisia,2022,12.015383929,US$/m3,I,false
795,Water use,Pressure on water resources,SDG 6.4.1. Water Use Efficiency,Turkmenistan,2020,1.277031746,US$/m3,E,false
795,Water use,Pressure on water resources,SDG 6.4.1. Water Use Efficiency,Turkmenistan,2021,2.031664514,US$/m3,E,false
795,Water use,Pressure on water resources,SDG 6.4.1. Water Use Efficiency,Turkmenistan,2022,2.068669468,US$/m3,E,false
792,Water use,Pressure on water resources,SDG 6.4.1. Water Use Efficiency,Türkiye,2020,13.553502778,US$/m3,I,false
792,Water use,Pressure on water resources,SDG 6.4.1. Water Use Efficiency,Türkiye,2021,17.792043734,US$/m3,I,false
792,Water use,Pressure on water resources,SDG 6.4.1. Water Use Efficiency,Türkiye,2022,15.505117911,US$/m3,I,false
800,Water use,Pressure on water resources,SDG 6.4.1. Water Use Efficiency,Uganda,2020,38.225818247,US$/m3,I,false
800,Water use,Pressure on water resources,SDG 6.4.1. Water Use Efficiency,Uganda,2021,40.657791887,US$/m3,I,false
800,Water use,Pressure on water resources,SDG 6.4.1. Water Use Efficiency,Uganda,2022,42.461826644,US$/m3,I,false
804,Water use,Pressure on water resources,SDG 6.4.1. Water Use Efficiency,Ukraine,2020,7.716147593,US$/m3,E,false
804,Water use,Pressure on water resources,SDG 6.4.1. Water Use Efficiency,Ukraine,2021,9.109431828,US$/m3,E,false
804,Water use,Pressure on water resources,SDG 6.4.1. Water Use Efficiency,Ukraine,2022,11.794848494,US$/m3,E,false
784,Water use,Pressure on water resources,SDG 6.4.1. Water Use Efficiency,United Arab Emirates,2020,76.933150704,US$/m3,E,false
784,Water use,Pressure on water resources,SDG 6.4.1. Water Use Efficiency,United Arab Emirates,2021,81.773672145,US$/m3,E,false
784,Water use,Pressure on water resources,SDG 6.4.1. Water Use Efficiency,United Arab Emirates,2022,89.573227362,US$/m3,E,false
826,Water use,Pressure on water resources,SDG 6.4.1. Water Use Efficiency,United Kingdom of Great Britain and Northern Ireland,2020,301.384149354,US$/m3,I,false
826,Water use,Pressure on water resources,SDG 6.4.1. Water Use Efficiency,United Kingdom of Great Britain and Northern Ireland,2021,325.36558176,US$/m3,I,false
826,Water use,Pressure on water resources,SDG 6.4.1. Water Use Efficiency,United Kingdom of Great Britain and Northern Ireland,2022,338.368391953,US$/m3,I,false
834,Water use,Pressure on water resources,SDG 6.4.1. Water Use Efficiency,United Republic of Tanzania,2020,9.032310329,US$/m3,E,false
834,Water use,Pressure on water resources,SDG 6.4.1. Water Use Efficiency,United Republic of Tanzania,2021,9.392871927,US$/m3,E,false
834,Water use,Pressure on water resources,SDG 6.4.1. Water Use Efficiency,United Republic of Tanzania,2022,9.090451079,US$/m3,E,false
840,Water use,Pressure on water resources,SDG 6.4.1. Water Use Efficiency,United States of America,2020,44.129680353,US$/m3,I,false
840,Water use,Pressure on water resources,SDG 6.4.1. Water Use Efficiency,United States of America,2021,46.613175138,US$/m3,I,false
840,Water use,Pressure on water resources,SDG 6.4.1. Water Use Efficiency,United States of America,2022,47.443670615,US$/m3,I,false
858,Water use,Pressure on water resources,SDG 6.4.1. Water Use Efficiency,Uruguay,2020,10.873015971,US$/m3,I,false
858,Water use,Pressure on water resources,SDG 6.4.1. Water Use Efficiency,Uruguay,2021,11.054752754,US$/m3,I,false
858,Water use,Pressure on water resources,SDG 6.4.1. Water Use Efficiency,Uruguay,2022,11.450803636,US$/m3,I,false
860,Water use,Pressure on water resources,SDG 6.4.1. Water Use Efficiency,Uzbekistan,2020,1.961774318,US$/m3,I,false
860,Water use,Pressure on water resources,SDG 6.4.1. Water Use Efficiency,Uzbekistan,2021,2.481349262,US$/m3,I,false
860,Water use,Pressure on water resources,SDG 6.4.1. Water Use Efficiency,Uzbekistan,2022,2.582587476,US$/m3,I,false
862,Water use,Pressure on water resources,SDG 6.4.1. Water Use Efficiency,Venezuela (Bolivarian Republic of),2020,3.998614242,US$/m3,I,false
862,Water use,Pressure on water resources,SDG 6.4.1. Water Use Efficiency,Venezuela (Bolivarian Republic of),2021,4.003534937,US$/m3,I,false
862,Water use,Pressure on water resources,SDG 6.4.1. Water Use Efficiency,Venezuela (Bolivarian Republic of),2022,4.345386716,US$/m3,I,false
704,Water use,Pressure on water resources,SDG 6.4.1. Water Use Efficiency,Viet Nam,2020,3.368123348,US$/m3,I,false
704,Water use,Pressure on water resources,SDG 6.4.1. Water Use Efficiency,Viet Nam,2021,3.459858906,US$/m3,I,false
704,Water use,Pressure on water resources,SDG 6.4.1. Water Use Efficiency,Viet Nam,2022,3.758071661,US$/m3,I,false
145,Water use,Pressure on water resources,SDG 6.4.1. Water Use Efficiency,Western Asia,2020,16.062715923,US$/m3,E,true
145,Water use,Pressure on water resources,SDG 6.4.1. Water Use Efficiency,Western Asia,2021,18.026706376,US$/m3,E,true
145,Water use,Pressure on water resources,SDG 6.4.1. Water Use Efficiency,Western Asia,2022,18.10800049,US$/m3,E,true
1,Water use,Pressure on water resources,SDG 6.4.1. Water Use Efficiency,World,2020,19.220742953,US$/m3,E,true
1,Water use,Pressure on water resources,SDG 6.4.1. Water Use Efficiency,World,2021,21.044883747,US$/m3,E,true
1,Water use,Pressure on water resources,SDG 6.4.1. Water Use Efficiency,World,2022,21.497296801,US$/m3,E,true
887,Water use,Pressure on water resources,SDG 6.4.1. Water Use Efficiency,Yemen,2020,4.835732302,US$/m3,I,false
887,Water use,Pressure on water resources,SDG 6.4.1. Water Use Efficiency,Yemen,2021,4.788618286,US$/m3,I,false
887,Water use,Pressure on water resources,SDG 6.4.1. Water Use Efficiency,Yemen,2022,4.858648682,US$/m3,I,false
894,Water use,Pressure on water resources,SDG 6.4.1. Water Use Efficiency,Zambia,2020,13.790425635,US$/m3,E,false
894,Water use,Pressure on water resources,SDG 6.4.1. Water Use Efficiency,Zambia,2021,14.191674324,US$/m3,E,false
894,Water use,Pressure on water resources,SDG 6.4.1. Water Use Efficiency,Zambia,2022,14.906657902,US$/m3,E,false
716,Water use,Pressure on water resources,SDG 6.4.1. Water Use Efficiency,Zimbabwe,2020,3.45799174,US$/m3,I,false
716,Water use,Pressure on water resources,SDG 6.4.1. Water Use Efficiency,Zimbabwe,2021,3.667078997,US$/m3,I,false
716,Water use,Pressure on water resources,SDG 6.4.1. Water Use Efficiency,Zimbabwe,2022,3.602973176,US$/m3,I,false
4,Water use,Pressure on water resources,SDG 6.4.2. Agricultural Sector Contribution to Water Stress,Afghanistan,2020,53.754761903,%,E,false
4,Water use,Pressure on water resources,SDG 6.4.2. Agricultural Sector Contribution to Water Stress,Afghanistan,2021,53.754761903,%,E,false
4,Water use,Pressure on water resources,SDG 6.4.2. Agricultural Sector Contribution to Water Stress,Afghanistan,2022,53.754761903,%,E,false
8,Water use,Pressure on water resources,SDG 6.4.2. Agricultural Sector Contribution to Water Stress,Albania,2020,3.275240385,%,E,false
8,Water use,Pressure on water resources,SDG 6.4.2. Agricultural Sector Contribution to Water Stress,Albania,2021,3.389423077,%,E,false
8,Water use,Pressure on water resources,SDG 6.4.2. Agricultural Sector Contribution to Water Stress,Albania,2022,3.395432692,%,E,false
12,Water use,Pressure on water resources,SDG 6.4.2. Agricultural Sector Contribution to Water Stress,Algeria,2020,98.321209612,%,E,false
12,Water use,Pressure on water resources,SDG 6.4.2. Agricultural Sector Contribution to Water Stress,Algeria,2021,94.408703937,%,E,false
12,Water use,Pressure on water resources,SDG 6.4.2. Agricultural Sector Contribution to Water Stress,Algeria,2022,97.648704663,%,E,false
24,Water use,Pressure on water resources,SDG 6.4.2. Agricultural Sector Contribution to Water Stress,Angola,2020,0.389069536,%,I,false
24,Water use,Pressure on water resources,SDG 6.4.2. Agricultural Sector Contribution to Water Stress,Angola,2021,0.389069536,%,I,false
24,Water use,Pressure on water resources,SDG 6.4.2. Agricultural Sector Contribution to Water Stress,Angola,2022,0.389069536,%,I,false
28,Water use,Pressure on water resources,SDG 6.4.2. Agricultural Sector Contribution to Water Stress,Antigua and Barbuda,2020,1.324414716,%,I,false
28,Water use,Pressure on water resources,SDG 6.4.2. Agricultural Sector Contribution to Water Stress,Antigua and Barbuda,2021,1.324414716,%,I,false
28,Water use,Pressure on water resources,SDG 6.4.2. Agricultural Sector Contribution to Water Stress,Antigua and Barbuda,2022,1.324414716,%,I,false
32,Water use,Pressure on water resources,SDG 6.4.2. Agricultural Sector Contribution to Water Stress,Argentina,2020,7.730403062,%,I,false
32,Water use,Pressure on water resources,SDG 6.4.2. Agricultural Sector Contribution to Water Stress,Argentina,2021,7.730403062,%,I,false
32,Water use,Pressure on water resources,SDG 6.4.2. Agricultural Sector Contribution to Water Stress,Argentina,2022,7.730403062,%,I,false
51,Water use,Pressure on water resources,SDG 6.4.2. Agricultural Sector Contribution to Water Stress,Armenia,2020,40.159439757,%,E,false
51,Water use,Pressure on water resources,SDG 6.4.2. Agricultural Sector Contribution to Water Stress,Armenia,2021,45.511398023,%,E,false
51,Water use,Pressure on water resources,SDG 6.4.2. Agricultural Sector Contribution to Water Stress,Armenia,2022,48.012911035,%,E,false
36,Water use,Pressure on water resources,SDG 6.4.2. Agricultural Sector Contribution to Water Stress,Australia,2020,2.100027471,%,E,false
36,Water use,Pressure on water resources,SDG 6.4.2. Agricultural Sector Contribution to Water Stress,Australia,2021,2.941234628,%,E,false
36,Water use,Pressure on water resources,SDG 6.4.2. Agricultural Sector Contribution to Water Stress,Australia,2022,3.125104098,%,E,false
53,Water use,Pressure on water resources,SDG 6.4.2. Agricultural Sector Contribution to Water Stress,Australia and New Zealand,2020,3.154644133,%,E,true
53,Water use,Pressure on water resources,SDG 6.4.2. Agricultural Sector Contribution to Water Stress,Australia and New Zealand,2021,3.782075252,%,E,true
53,Water use,Pressure on water resources,SDG 6.4.2. Agricultural Sector Contribution to Water Stress,Australia and New Zealand,2022,3.918742387,%,E,true
40,Water use,Pressure on water resources,SDG 6.4.2. Agricultural Sector Contribution to Water Stress,Austria,2020,0.3906613,%,E,false
40,Water use,Pressure on water resources,SDG 6.4.2. Agricultural Sector Contribution to Water Stress,Austria,2021,0.454343919,%,E,false
40,Water use,Pressure on water resources,SDG 6.4.2. Agricultural Sector Contribution to Water Stress,Austria,2022,0.454271021,%,E,false
31,Water use,Pressure on water resources,SDG 6.4.2. Agricultural Sector Contribution to Water Stress,Azerbaijan,2020,49.486222826,%,E,false
31,Water use,Pressure on water resources,SDG 6.4.2. Agricultural Sector Contribution to Water Stress,Azerbaijan,2021,52.823452685,%,E,false
31,Water use,Pressure on water resources,SDG 6.4.2. Agricultural Sector Contribution to Water Stress,Azerbaijan,2022,53.064354345,%,E,false
48,Water use,Pressure on water resources,SDG 6.4.2. Agricultural Sector Contribution to Water Stress,Bahrain,2020,44.538185845,%,I,false
48,Water use,Pressure on water resources,SDG 6.4.2. Agricultural Sector Contribution to Water Stress,Bahrain,2021,44.538185845,%,I,false
48,Water use,Pressure on water resources,SDG 6.4.2. Agricultural Sector Contribution to Water Stress,Bahrain,2022,44.538185845,%,I,false
50,Water use,Pressure on water resources,SDG 6.4.2. Agricultural Sector Contribution to Water Stress,Bangladesh,2020,5.02607175,%,I,false
50,Water use,Pressure on water resources,SDG 6.4.2. Agricultural Sector Contribution to Water Stress,Bangladesh,2021,5.02607175,%,I,false
50,Water use,Pressure on water resources,SDG 6.4.2. Agricultural Sector Contribution to Water Stress,Bangladesh,2022,5.02607175,%,I,false
52,Water use,Pressure on water resources,SDG 6.4.2. Agricultural Sector Contribution to Water Stress,Barbados,2020,59.197530864,%,I,false
52,Water use,Pressure on water resources,SDG 6.4.2. Agricultural Sector Contribution to Water Stress,Barbados,2021,59.197530864,%,I,false
52,Water use,Pressure on water resources,SDG 6.4.2. Agricultural Sector Contribution to Water Stress,Barbados,2022,59.197530864,%,I,false
112,Water use,Pressure on water resources,SDG 6.4.2. Agricultural Sector Contribution to Water Stress,Belarus,2020,1.208714082,%,E,false
112,Water use,Pressure on water resources,SDG 6.4.2. Agricultural Sector Contribution to Water Stress,Belarus,2021,1.305207647,%,E,false
112,Water use,Pressure on water resources,SDG 6.4.2. Agricultural Sector Contribution to Water Stress,Belarus,2022,1.268951879,%,E,false
56,Water use,Pressure on water resources,SDG 6.4.2. Agricultural Sector Contribution to Water Stress,Belgium,2020,0.657338652,%,E,false
56,Water use,Pressure on water resources,SDG 6.4.2. Agricultural Sector Contribution to Water Stress,Belgium,2021,0.521144918,%,E,false
56,Water use,Pressure on water resources,SDG 6.4.2. Agricultural Sector Contribution to Water Stress,Belgium,2022,0.45043526,%,E,false
84,Water use,Pressure on water resources,SDG 6.4.2. Agricultural Sector Contribution to Water Stress,Belize,2020,0.853506364,%,E,false
84,Water use,Pressure on water resources,SDG 6.4.2. Agricultural Sector Contribution to Water Stress,Belize,2021,0.853506364,%,E,false
84,Water use,Pressure on water resources,SDG 6.4.2. Agricultural Sector Contribution to Water Stress,Belize,2022,0.853506364,%,E,false
204,Water use,Pressure on water resources,SDG 6.4.2. Agricultural Sector Contribution to Water Stress,Benin,2020,0.245894807,%,E,false
204,Water use,Pressure on water resources,SDG 6.4.2. Agricultural Sector Contribution to Water Stress,Benin,2021,0.245894807,%,E,false
204,Water use,Pressure on water resources,SDG 6.4.2. Agricultural Sector Contribution to Water Stress,Benin,2022,0.245894807,%,E,false
64,Water use,Pressure on water resources,SDG 6.4.2. Agricultural Sector Contribution to Water Stress,Bhutan,2020,1.330150281,%,I,false
64,Water use,Pressure on water resources,SDG 6.4.2. Agricultural Sector Contribution to Water Stress,Bhutan,2021,1.330150281,%,I,false
64,Water use,Pressure on water resources,SDG 6.4.2. Agricultural Sector Contribution to Water Stress,Bhutan,2022,1.330150281,%,I,false
68,Water use,Pressure on water resources,SDG 6.4.2. Agricultural Sector Contribution to Water Stress,Bolivia (Plurinational State of),2020,1.082299887,%,I,false
68,Water use,Pressure on water resources,SDG 6.4.2. Agricultural Sector Contribution to Water Stress,Bolivia (Plurinational State of),2021,1.082299887,%,I,false
68,Water use,Pressure on water resources,SDG 6.4.2. Agricultural Sector Contribution to Water Stress,Bolivia (Plurinational State of),2022,0.17675134,%,E,false
72,Water use,Pressure on water resources,SDG 6.4.2. Agricultural Sector Contribution to Water Stress,Botswana,2020,0.851925128,%,E,false
72,Water use,Pressure on water resources,SDG 6.4.2. Agricultural Sector Contribution to Water Stress,Botswana,2021,0.815638795,%,E,false
72,Water use,Pressure on water resources,SDG 6.4.2. Agricultural Sector Contribution to Water Stress,Botswana,2022,0.623791133,%,E,false
76,Water use,Pressure on water resources,SDG 6.4.2. Agricultural Sector Contribution to Water Stress,Brazil,2020,0.912204636,%,E,false
76,Water use,Pressure on water resources,SDG 6.4.2. Agricultural Sector Contribution to Water Stress,Brazil,2021,0.908630559,%,E,false
76,Water use,Pressure on water resources,SDG 6.4.2. Agricultural Sector Contribution to Water Stress,Brazil,2022,0.910083664,%,E,false
96,Water use,Pressure on water resources,SDG 6.4.2. Agricultural Sector Contribution to Water Stress,Brunei Darussalam,2020,0.199698568,%,E,false
96,Water use,Pressure on water resources,SDG 6.4.2. Agricultural Sector Contribution to Water Stress,Brunei Darussalam,2021,0.199698568,%,E,false
96,Water use,Pressure on water resources,SDG 6.4.2. Agricultural Sector Contribution to Water Stress,Brunei Darussalam,2022,0.199698568,%,E,false
100,Water use,Pressure on water resources,SDG 6.4.2. Agricultural Sector Contribution to Water Stress,Bulgaria,2020,4.811885579,%,E,false
100,Water use,Pressure on water resources,SDG 6.4.2. Agricultural Sector Contribution to Water Stress,Bulgaria,2021,5.425382512,%,E,false
100,Water use,Pressure on water resources,SDG 6.4.2. Agricultural Sector Contribution to Water Stress,Bulgaria,2022,5.369457181,%,E,false
854,Water use,Pressure on water resources,SDG 6.4.2. Agricultural Sector Contribution to Water Stress,Burkina Faso,2020,4.021988528,%,I,false
854,Water use,Pressure on water resources,SDG 6.4.2. Agricultural Sector Contribution to Water Stress,Burkina Faso,2021,4.021988528,%,I,false
854,Water use,Pressure on water resources,SDG 6.4.2. Agricultural Sector Contribution to Water Stress,Burkina Faso,2022,4.021988528,%,I,false
108,Water use,Pressure on water resources,SDG 6.4.2. Agricultural Sector Contribution to Water Stress,Burundi,2020,8.07860262,%,I,false
108,Water use,Pressure on water resources,SDG 6.4.2. Agricultural Sector Contribution to Water Stress,Burundi,2021,8.07860262,%,I,false
108,Water use,Pressure on water resources,SDG 6.4.2. Agricultural Sector Contribution to Water Stress,Burundi,2022,8.07860262,%,I,false
132,Water use,Pressure on water resources,SDG 6.4.2. Agricultural Sector Contribution to Water Stress,Cabo Verde,2020,26.638465335,%,E,false
132,Water use,Pressure on water resources,SDG 6.4.2. Agricultural Sector Contribution to Water Stress,Cabo Verde,2021,24.315049845,%,E,false
132,Water use,Pressure on water resources,SDG 6.4.2. Agricultural Sector Contribution to Water Stress,Cabo Verde,2022,23.270810944,%,E,false
116,Water use,Pressure on water resources,SDG 6.4.2. Agricultural Sector Contribution to Water Stress,Cambodia,2020,0.974371144,%,I,false
116,Water use,Pressure on water resources,SDG 6.4.2. Agricultural Sector Contribution to Water Stress,Cambodia,2021,0.974371144,%,I,false
116,Water use,Pressure on water resources,SDG 6.4.2. Agricultural Sector Contribution to Water Stress,Cambodia,2022,0.974371144,%,I,false
120,Water use,Pressure on water resources,SDG 6.4.2. Agricultural Sector Contribution to Water Stress,Cameroon,2020,1.056630824,%,I,false
120,Water use,Pressure on water resources,SDG 6.4.2. Agricultural Sector Contribution to Water Stress,Cameroon,2021,1.056630824,%,I,false
120,Water use,Pressure on water resources,SDG 6.4.2. Agricultural Sector Contribution to Water Stress,Cameroon,2022,1.056630824,%,I,false
124,Water use,Pressure on water resources,SDG 6.4.2. Agricultural Sector Contribution to Water Stress,Canada,2020,0.400557713,%,E,false
124,Water use,Pressure on water resources,SDG 6.4.2. Agricultural Sector Contribution to Water Stress,Canada,2021,0.397425335,%,I,false
124,Water use,Pressure on water resources,SDG 6.4.2. Agricultural Sector Contribution to Water Stress,Canada,2022,0.397898919,%,E,false
140,Water use,Pressure on water resources,SDG 6.4.2. Agricultural Sector Contribution to Water Stress,Central African Republic,2020,0.001851852,%,I,false
140,Water use,Pressure on water resources,SDG 6.4.2. Agricultural Sector Contribution to Water Stress,Central African Republic,2021,0.001851852,%,I,false
140,Water use,Pressure on water resources,SDG 6.4.2. Agricultural Sector Contribution to Water Stress,Central African Republic,2022,0.001851852,%,I,false
143,Water use,Pressure on water resources,SDG 6.4.2. Agricultural Sector Contribution to Water Stress,Central Asia,2020,57.833003074,%,E,true
143,Water use,Pressure on water resources,SDG 6.4.2. Agricultural Sector Contribution to Water Stress,Central Asia,2021,57.320576774,%,E,true
143,Water use,Pressure on water resources,SDG 6.4.2. Agricultural Sector Contribution to Water Stress,Central Asia,2022,57.642957149,%,E,true
62,Water use,Pressure on water resources,SDG 6.4.2. Agricultural Sector Contribution to Water Stress,Central and Southern Asia,2020,63.461891085,%,E,true
62,Water use,Pressure on water resources,SDG 6.4.2. Agricultural Sector Contribution to Water Stress,Central and Southern Asia,2021,63.114271349,%,E,true
62,Water use,Pressure on water resources,SDG 6.4.2. Agricultural Sector Contribution to Water Stress,Central and Southern Asia,2022,62.871774208,%,E,true
148,Water use,Pressure on water resources,SDG 6.4.2. Agricultural Sector Contribution to Water Stress,Chad,2020,3.282226563,%,I,false
148,Water use,Pressure on water resources,SDG 6.4.2. Agricultural Sector Contribution to Water Stress,Chad,2021,3.282226563,%,I,false
148,Water use,Pressure on water resources,SDG 6.4.2. Agricultural Sector Contribution to Water Stress,Chad,2022,3.282226563,%,I,false
152,Water use,Pressure on water resources,SDG 6.4.2. Agricultural Sector Contribution to Water Stress,Chile,2020,8.163546569,%,E,false
152,Water use,Pressure on water resources,SDG 6.4.2. Agricultural Sector Contribution to Water Stress,Chile,2021,8.163546569,%,E,false
152,Water use,Pressure on water resources,SDG 6.4.2. Agricultural Sector Contribution to Water Stress,Chile,2022,8.163546569,%,E,false
156,Water use,Pressure on water resources,SDG 6.4.2. Agricultural Sector Contribution to Water Stress,China,2020,25.801498981,%,E,false
156,Water use,Pressure on water resources,SDG 6.4.2. Agricultural Sector Contribution to Water Stress,China,2021,25.801498981,%,E,false
156,Water use,Pressure on water resources,SDG 6.4.2. Agricultural Sector Contribution to Water Stress,China,2022,25.801498981,%,E,false
170,Water use,Pressure on water resources,SDG 6.4.2. Agricultural Sector Contribution to Water Stress,Colombia,2020,2.758912433,%,E,false
170,Water use,Pressure on water resources,SDG 6.4.2. Agricultural Sector Contribution to Water Stress,Colombia,2021,2.898848753,%,E,false
170,Water use,Pressure on water resources,SDG 6.4.2. Agricultural Sector Contribution to Water Stress,Colombia,2022,2.984807478,%,E,false
174,Water use,Pressure on water resources,SDG 6.4.2. Agricultural Sector Contribution to Water Stress,Comoros,2020,0.391666667,%,I,false
174,Water use,Pressure on water resources,SDG 6.4.2. Agricultural Sector Contribution to Water Stress,Comoros,2021,0.391666667,%,I,false
174,Water use,Pressure on water resources,SDG 6.4.2. Agricultural Sector Contribution to Water Stress,Comoros,2022,0.391666667,%,I,false
178,Water use,Pressure on water resources,SDG 6.4.2. Agricultural Sector Contribution to Water Stress,Congo,2020,0.001197221,%,E,false
178,Water use,Pressure on water resources,SDG 6.4.2. Agricultural Sector Contribution to Water Stress,Congo,2021,0.001197221,%,E,false
178,Water use,Pressure on water resources,SDG 6.4.2. Agricultural Sector Contribution to Water Stress,Congo,2022,0.001197221,%,E,false
188,Water use,Pressure on water resources,SDG 6.4.2. Agricultural Sector Contribution to Water Stress,Costa Rica,2020,3.540989988,%,E,false
188,Water use,Pressure on water resources,SDG 6.4.2. Agricultural Sector Contribution to Water Stress,Costa Rica,2021,3.571488116,%,E,false
188,Water use,Pressure on water resources,SDG 6.4.2. Agricultural Sector Contribution to Water Stress,Costa Rica,2022,3.571488116,%,E,false
191,Water use,Pressure on water resources,SDG 6.4.2. Agricultural Sector Contribution to Water Stress,Croatia,2020,0.110077526,%,E,false
191,Water use,Pressure on water resources,SDG 6.4.2. Agricultural Sector Contribution to Water Stress,Croatia,2021,0.112136776,%,E,false
191,Water use,Pressure on water resources,SDG 6.4.2. Agricultural Sector Contribution to Water Stress,Croatia,2022,0.112919828,%,E,false
192,Water use,Pressure on water resources,SDG 6.4.2. Agricultural Sector Contribution to Water Stress,Cuba,2020,15.545675641,%,I,false
192,Water use,Pressure on water resources,SDG 6.4.2. Agricultural Sector Contribution to Water Stress,Cuba,2021,15.545675641,%,I,false
192,Water use,Pressure on water resources,SDG 6.4.2. Agricultural Sector Contribution to Water Stress,Cuba,2022,15.545675641,%,I,false
196,Water use,Pressure on water resources,SDG 6.4.2. Agricultural Sector Contribution to Water Stress,Cyprus,2020,19.748496446,%,E,false
196,Water use,Pressure on water resources,SDG 6.4.2. Agricultural Sector Contribution to Water Stress,Cyprus,2021,20.006394479,%,E,false
196,Water use,Pressure on water resources,SDG 6.4.2. Agricultural Sector Contribution to Water Stress,Cyprus,2022,18.668378167,%,E,false
203,Water use,Pressure on water resources,SDG 6.4.2. Agricultural Sector Contribution to Water Stress,Czechia,2020,0.593065693,%,E,false
203,Water use,Pressure on water resources,SDG 6.4.2. Agricultural Sector Contribution to Water Stress,Czechia,2021,0.562652068,%,E,false
203,Water use,Pressure on water resources,SDG 6.4.2. Agricultural Sector Contribution to Water Stress,Czechia,2022,0.668637032,%,E,false
384,Water use,Pressure on water resources,SDG 6.4.2. Agricultural Sector Contribution to Water Stress,Côte d'Ivoire,2020,2.626970228,%,I,false
384,Water use,Pressure on water resources,SDG 6.4.2. Agricultural Sector Contribution to Water Stress,Côte d'Ivoire,2021,2.626970228,%,I,false
384,Water use,Pressure on water resources,SDG 6.4.2. Agricultural Sector Contribution to Water Stress,Côte d'Ivoire,2022,2.626970228,%,I,false
408,Water use,Pressure on water resources,SDG 6.4.2. Agricultural Sector Contribution to Water Stress,Democratic People's Republic of Korea,2020,21.17910926,%,I,false
408,Water use,Pressure on water resources,SDG 6.4.2. Agricultural Sector Contribution to Water Stress,Democratic People's Republic of Korea,2021,21.17910926,%,I,false
408,Water use,Pressure on water resources,SDG 6.4.2. Agricultural Sector Contribution to Water Stress,Democratic People's Republic of Korea,2022,21.17910926,%,I,false
180,Water use,Pressure on water resources,SDG 6.4.2. Agricultural Sector Contribution to Water Stress,Democratic Republic of the Congo,2020,0.023863259,%,I,false
180,Water use,Pressure on water resources,SDG 6.4.2. Agricultural Sector Contribution to Water Stress,Democratic Republic of the Congo,2021,0.023863259,%,I,false
180,Water use,Pressure on water resources,SDG 6.4.2. Agricultural Sector Contribution to Water Stress,Democratic Republic of the Congo,2022,0.023863259,%,I,false
208,Water use,Pressure on water resources,SDG 6.4.2. Agricultural Sector Contribution to Water Stress,Denmark,2020,13.191427799,%,E,false
208,Water use,Pressure on water resources,SDG 6.4.2. Agricultural Sector Contribution to Water Stress,Denmark,2021,14.041211466,%,E,false
208,Water use,Pressure on water resources,SDG 6.4.2. Agricultural Sector Contribution to Water Stress,Denmark,2022,13.696241212,%,E,false
262,Water use,Pressure on water resources,SDG 6.4.2. Agricultural Sector Contribution to Water Stress,Djibouti,2020,1,%,I,false
262,Water use,Pressure on water resources,SDG 6.4.2. Agricultural Sector Contribution to Water Stress,Djibouti,2021,1,%,I,false
262,Water use,Pressure on water resources,SDG 6.4.2. Agricultural Sector Contribution to Water Stress,Djibouti,2022,1,%,I,false
212,Water use,Pressure on water resources,SDG 6.4.2. Agricultural Sector Contribution to Water Stress,Dominica,2020,0.5,%,I,false
212,Water use,Pressure on water resources,SDG 6.4.2. Agricultural Sector Contribution to Water Stress,Dominica,2021,0.5,%,I,false
212,Water use,Pressure on water resources,SDG 6.4.2. Agricultural Sector Contribution to Water Stress,Dominica,2022,0.5,%,I,false
214,Water use,Pressure on water resources,SDG 6.4.2. Agricultural Sector Contribution to Water Stress,Dominican Republic,2020,32.952743993,%,E,false
214,Water use,Pressure on water resources,SDG 6.4.2. Agricultural Sector Contribution to Water Stress,Dominican Republic,2021,32.952743993,%,E,false
214,Water use,Pressure on water resources,SDG 6.4.2. Agricultural Sector Contribution to Water Stress,Dominican Republic,2022,32.952743993,%,E,false
30,Water use,Pressure on water resources,SDG 6.4.2. Agricultural Sector Contribution to Water Stress,Eastern Asia,2020,27.68663308,%,E,true
30,Water use,Pressure on water resources,SDG 6.4.2. Agricultural Sector Contribution to Water Stress,Eastern Asia,2021,27.681910386,%,E,true
30,Water use,Pressure on water resources,SDG 6.4.2. Agricultural Sector Contribution to Water Stress,Eastern Asia,2022,27.681910386,%,E,true
753,Water use,Pressure on water resources,SDG 6.4.2. Agricultural Sector Contribution to Water Stress,Eastern and South-Eastern Asia,2020,22.032654051,%,E,true
753,Water use,Pressure on water resources,SDG 6.4.2. Agricultural Sector Contribution to Water Stress,Eastern and South-Eastern Asia,2021,22.031052871,%,E,true
753,Water use,Pressure on water resources,SDG 6.4.2. Agricultural Sector Contribution to Water Stress,Eastern and South-Eastern Asia,2022,22.033261435,%,E,true
218,Water use,Pressure on water resources,SDG 6.4.2. Agricultural Sector Contribution to Water Stress,Ecuador,2020,5.522714494,%,I,false
218,Water use,Pressure on water resources,SDG 6.4.2. Agricultural Sector Contribution to Water Stress,Ecuador,2021,5.522714494,%,I,false
218,Water use,Pressure on water resources,SDG 6.4.2. Agricultural Sector Contribution to Water Stress,Ecuador,2022,5.522714494,%,I,false
818,Water use,Pressure on water resources,SDG 6.4.2. Agricultural Sector Contribution to Water Stress,Egypt,2020,111.74863388,%,I,false
818,Water use,Pressure on water resources,SDG 6.4.2. Agricultural Sector Contribution to Water Stress,Egypt,2021,111.74863388,%,I,false
818,Water use,Pressure on water resources,SDG 6.4.2. Agricultural Sector Contribution to Water Stress,Egypt,2022,111.74863388,%,I,false
222,Water use,Pressure on water resources,SDG 6.4.2. Agricultural Sector Contribution to Water Stress,El Salvador,2020,5.044704767,%,E,false
222,Water use,Pressure on water resources,SDG 6.4.2. Agricultural Sector Contribution to Water Stress,El Salvador,2021,6.071911978,%,E,false
222,Water use,Pressure on water resources,SDG 6.4.2. Agricultural Sector Contribution to Water Stress,El Salvador,2022,8.802114485,%,E,false
226,Water use,Pressure on water resources,SDG 6.4.2. Agricultural Sector Contribution to Water Stress,Equatorial Guinea,2020,0.009267841,%,I,false
226,Water use,Pressure on water resources,SDG 6.4.2. Agricultural Sector Contribution to Water Stress,Equatorial Guinea,2021,0.009267841,%,I,false
226,Water use,Pressure on water resources,SDG 6.4.2. Agricultural Sector Contribution to Water Stress,Equatorial Guinea,2022,0.009267841,%,I,false
232,Water use,Pressure on water resources,SDG 6.4.2. Agricultural Sector Contribution to Water Stress,Eritrea,2020,10.560675883,%,I,false
232,Water use,Pressure on water resources,SDG 6.4.2. Agricultural Sector Contribution to Water Stress,Eritrea,2021,10.560675883,%,I,false
232,Water use,Pressure on water resources,SDG 6.4.2. Agricultural Sector Contribution to Water Stress,Eritrea,2022,10.560675883,%,I,false
233,Water use,Pressure on water resources,SDG 6.4.2. Agricultural Sector Contribution to Water Stress,Estonia,2020,0.052562327,%,E,false
233,Water use,Pressure on water resources,SDG 6.4.2. Agricultural Sector Contribution to Water Stress,Estonia,2021,0.053802695,%,E,false
233,Water use,Pressure on water resources,SDG 6.4.2. Agricultural Sector Contribution to Water Stress,Estonia,2022,0.054113831,%,E,false
748,Water use,Pressure on water resources,SDG 6.4.2. Agricultural Sector Contribution to Water Stress,Eswatini,2020,73.057371097,%,I,false
748,Water use,Pressure on water resources,SDG 6.4.2. Agricultural Sector Contribution to Water Stress,Eswatini,2021,73.057371097,%,I,false
748,Water use,Pressure on water resources,SDG 6.4.2. Agricultural Sector Contribution to Water Stress,Eswatini,2022,73.057371097,%,I,false
231,Water use,Pressure on water resources,SDG 6.4.2. Agricultural Sector Contribution to Water Stress,Ethiopia,2020,29.623853211,%,I,false
231,Water use,Pressure on water resources,SDG 6.4.2. Agricultural Sector Contribution to Water Stress,Ethiopia,2021,29.623853211,%,I,false
231,Water use,Pressure on water resources,SDG 6.4.2. Agricultural Sector Contribution to Water Stress,Ethiopia,2022,29.623853211,%,I,false
150,Water use,Pressure on water resources,SDG 6.4.2. Agricultural Sector Contribution to Water Stress,Europe,2020,2.474817696,%,E,true
150,Water use,Pressure on water resources,SDG 6.4.2. Agricultural Sector Contribution to Water Stress,Europe,2021,2.450964543,%,E,true
150,Water use,Pressure on water resources,SDG 6.4.2. Agricultural Sector Contribution to Water Stress,Europe,2022,2.420722998,%,E,true
513,Water use,Pressure on water resources,SDG 6.4.2. Agricultural Sector Contribution to Water Stress,Europe and Northern America,2020,4.261770919,%,E,true
513,Water use,Pressure on water resources,SDG 6.4.2. Agricultural Sector Contribution to Water Stress,Europe and Northern America,2021,4.248430548,%,E,true
513,Water use,Pressure on water resources,SDG 6.4.2. Agricultural Sector Contribution to Water Stress,Europe and Northern America,2022,4.231470899,%,E,true
242,Water use,Pressure on water resources,SDG 6.4.2. Agricultural Sector Contribution to Water Stress,Fiji,2020,0.175131349,%,I,false
242,Water use,Pressure on water resources,SDG 6.4.2. Agricultural Sector Contribution to Water Stress,Fiji,2021,0.175131349,%,I,false
242,Water use,Pressure on water resources,SDG 6.4.2. Agricultural Sector Contribution to Water Stress,Fiji,2022,0.175131349,%,I,false
246,Water use,Pressure on water resources,SDG 6.4.2. Agricultural Sector Contribution to Water Stress,Finland,2020,2.03258918,%,E,false
246,Water use,Pressure on water resources,SDG 6.4.2. Agricultural Sector Contribution to Water Stress,Finland,2021,2.441037528,%,E,false
246,Water use,Pressure on water resources,SDG 6.4.2. Agricultural Sector Contribution to Water Stress,Finland,2022,2.541571563,%,E,false
250,Water use,Pressure on water resources,SDG 6.4.2. Agricultural Sector Contribution to Water Stress,France,2020,3.011732575,%,E,false
250,Water use,Pressure on water resources,SDG 6.4.2. Agricultural Sector Contribution to Water Stress,France,2021,2.201841524,%,E,false
250,Water use,Pressure on water resources,SDG 6.4.2. Agricultural Sector Contribution to Water Stress,France,2022,2.201841524,%,E,false
266,Water use,Pressure on water resources,SDG 6.4.2. Agricultural Sector Contribution to Water Stress,Gabon,2020,0.145487365,%,I,false
266,Water use,Pressure on water resources,SDG 6.4.2. Agricultural Sector Contribution to Water Stress,Gabon,2021,0.145487365,%,I,false
266,Water use,Pressure on water resources,SDG 6.4.2. Agricultural Sector Contribution to Water Stress,Gabon,2022,0.145487365,%,I,false
270,Water use,Pressure on water resources,SDG 6.4.2. Agricultural Sector Contribution to Water Stress,Gambia,2020,0.852544585,%,E,false
270,Water use,Pressure on water resources,SDG 6.4.2. Agricultural Sector Contribution to Water Stress,Gambia,2021,0.852544585,%,E,false
270,Water use,Pressure on water resources,SDG 6.4.2. Agricultural Sector Contribution to Water Stress,Gambia,2022,0.852544585,%,E,false
268,Water use,Pressure on water resources,SDG 6.4.2. Agricultural Sector Contribution to Water Stress,Georgia,2020,2.305765472,%,E,false
268,Water use,Pressure on water resources,SDG 6.4.2. Agricultural Sector Contribution to Water Stress,Georgia,2021,2.442605863,%,E,false
268,Water use,Pressure on water resources,SDG 6.4.2. Agricultural Sector Contribution to Water Stress,Georgia,2022,1.413550489,%,E,false
276,Water use,Pressure on water resources,SDG 6.4.2. Agricultural Sector Contribution to Water Stress,Germany,2020,1.472959156,%,E,false
276,Water use,Pressure on water resources,SDG 6.4.2. Agricultural Sector Contribution to Water Stress,Germany,2021,1.472959156,%,E,false
276,Water use,Pressure on water resources,SDG 6.4.2. Agricultural Sector Contribution to Water Stress,Germany,2022,1.472959156,%,E,false
288,Water use,Pressure on water resources,SDG 6.4.2. Agricultural Sector Contribution to Water Stress,Ghana,2020,4.613386232,%,E,false
288,Water use,Pressure on water resources,SDG 6.4.2. Agricultural Sector Contribution to Water Stress,Ghana,2021,4.613386232,%,E,false
288,Water use,Pressure on water resources,SDG 6.4.2. Agricultural Sector Contribution to Water Stress,Ghana,2022,4.613386232,%,E,false
300,Water use,Pressure on water resources,SDG 6.4.2. Agricultural Sector Contribution to Water Stress,Greece,2020,16.40097107,%,I,false
300,Water use,Pressure on water resources,SDG 6.4.2. Agricultural Sector Contribution to Water Stress,Greece,2021,16.40097107,%,I,false
300,Water use,Pressure on water resources,SDG 6.4.2. Agricultural Sector Contribution to Water Stress,Greece,2022,16.357013733,%,E,false
308,Water use,Pressure on water resources,SDG 6.4.2. Agricultural Sector Contribution to Water Stress,Grenada,2020,1.05,%,I,false
308,Water use,Pressure on water resources,SDG 6.4.2. Agricultural Sector Contribution to Water Stress,Grenada,2021,1.05,%,I,false
308,Water use,Pressure on water resources,SDG 6.4.2. Agricultural Sector Contribution to Water Stress,Grenada,2022,1.05,%,I,false
320,Water use,Pressure on water resources,SDG 6.4.2. Agricultural Sector Contribution to Water Stress,Guatemala,2020,3.257902919,%,I,false
320,Water use,Pressure on water resources,SDG 6.4.2. Agricultural Sector Contribution to Water Stress,Guatemala,2021,3.257902919,%,I,false
320,Water use,Pressure on water resources,SDG 6.4.2. Agricultural Sector Contribution to Water Stress,Guatemala,2022,3.257902919,%,I,false
324,Water use,Pressure on water resources,SDG 6.4.2. Agricultural Sector Contribution to Water Stress,Guinea,2020,0.923076923,%,I,false
324,Water use,Pressure on water resources,SDG 6.4.2. Agricultural Sector Contribution to Water Stress,Guinea,2021,0.923076923,%,I,false
324,Water use,Pressure on water resources,SDG 6.4.2. Agricultural Sector Contribution to Water Stress,Guinea,2022,0.923076923,%,I,false
624,Water use,Pressure on water resources,SDG 6.4.2. Agricultural Sector Contribution to Water Stress,Guinea-Bissau,2020,1.133603239,%,E,false
624,Water use,Pressure on water resources,SDG 6.4.2. Agricultural Sector Contribution to Water Stress,Guinea-Bissau,2021,1.133603239,%,E,false
624,Water use,Pressure on water resources,SDG 6.4.2. Agricultural Sector Contribution to Water Stress,Guinea-Bissau,2022,1.133603239,%,E,false
328,Water use,Pressure on water resources,SDG 6.4.2. Agricultural Sector Contribution to Water Stress,Guyana,2020,3.111872146,%,I,false
328,Water use,Pressure on water resources,SDG 6.4.2. Agricultural Sector Contribution to Water Stress,Guyana,2021,3.111872146,%,I,false
328,Water use,Pressure on water resources,SDG 6.4.2. Agricultural Sector Contribution to Water Stress,Guyana,2022,3.111872146,%,I,false
332,Water use,Pressure on water resources,SDG 6.4.2. Agricultural Sector Contribution to Water Stress,Haiti,2020,11.159313273,%,I,false
332,Water use,Pressure on water resources,SDG 6.4.2. Agricultural Sector Contribution to Water Stress,Haiti,2021,11.159313273,%,I,false
332,Water use,Pressure on water resources,SDG 6.4.2. Agricultural Sector Contribution to Water Stress,Haiti,2022,11.159313273,%,I,false
340,Water use,Pressure on water resources,SDG 6.4.2. Agricultural Sector Contribution to Water Stress,Honduras,2020,3.387588428,%,I,false
340,Water use,Pressure on water resources,SDG 6.4.2. Agricultural Sector Contribution to Water Stress,Honduras,2021,3.387588428,%,I,false
340,Water use,Pressure on water resources,SDG 6.4.2. Agricultural Sector Contribution to Water Stress,Honduras,2022,3.387588428,%,I,false
348,Water use,Pressure on water resources,SDG 6.4.2. Agricultural Sector Contribution to Water Stress,Hungary,2020,0.8673647,%,E,false
348,Water use,Pressure on water resources,SDG 6.4.2. Agricultural Sector Contribution to Water Stress,Hungary,2021,0.882429106,%,E,false
348,Water use,Pressure on water resources,SDG 6.4.2. Agricultural Sector Contribution to Water Stress,Hungary,2022,0.895715112,%,E,false
352,Water use,Pressure on water resources,SDG 6.4.2. Agricultural Sector Contribution to Water Stress,Iceland,2020,0.000409422,%,I,false
352,Water use,Pressure on water resources,SDG 6.4.2. Agricultural Sector Contribution to Water Stress,Iceland,2021,0.000409422,%,I,false
352,Water use,Pressure on water resources,SDG 6.4.2. Agricultural Sector Contribution to Water Stress,Iceland,2022,0.000409422,%,I,false
356,Water use,Pressure on water resources,SDG 6.4.2. Agricultural Sector Contribution to Water Stress,India,2020,60.113744899,%,I,false
356,Water use,Pressure on water resources,SDG 6.4.2. Agricultural Sector Contribution to Water Stress,India,2021,60.113744899,%,I,false
356,Water use,Pressure on water resources,SDG 6.4.2. Agricultural Sector Contribution to Water Stress,India,2022,60.113744899,%,I,false
360,Water use,Pressure on water resources,SDG 6.4.2. Agricultural Sector Contribution to Water Stress,Indonesia,2020,25.303454715,%,I,false
360,Water use,Pressure on water resources,SDG 6.4.2. Agricultural Sector Contribution to Water Stress,Indonesia,2021,25.303454715,%,I,false
360,Water use,Pressure on water resources,SDG 6.4.2. Agricultural Sector Contribution to Water Stress,Indonesia,2022,25.303454715,%,I,false
364,Water use,Pressure on water resources,SDG 6.4.2. Agricultural Sector Contribution to Water Stress,Iran (Islamic Republic of),2020,74.928842346,%,I,false
364,Water use,Pressure on water resources,SDG 6.4.2. Agricultural Sector Contribution to Water Stress,Iran (Islamic Republic of),2021,74.928842346,%,I,false
364,Water use,Pressure on water resources,SDG 6.4.2. Agricultural Sector Contribution to Water Stress,Iran (Islamic Republic of),2022,74.928842346,%,I,false
368,Water use,Pressure on water resources,SDG 6.4.2. Agricultural Sector Contribution to Water Stress,Iraq,2020,45.906669381,%,E,false
368,Water use,Pressure on water resources,SDG 6.4.2. Agricultural Sector Contribution to Water Stress,Iraq,2021,43.776375828,%,E,false
368,Water use,Pressure on water resources,SDG 6.4.2. Agricultural Sector Contribution to Water Stress,Iraq,2022,43.776375828,%,E,false
372,Water use,Pressure on water resources,SDG 6.4.2. Agricultural Sector Contribution to Water Stress,Ireland,2020,0.187680462,%,E,false
372,Water use,Pressure on water resources,SDG 6.4.2. Agricultural Sector Contribution to Water Stress,Ireland,2021,0.192492781,%,E,false
372,Water use,Pressure on water resources,SDG 6.4.2. Agricultural Sector Contribution to Water Stress,Ireland,2022,0.190712223,%,E,false
376,Water use,Pressure on water resources,SDG 6.4.2. Agricultural Sector Contribution to Water Stress,Israel,2020,54.813360941,%,E,false
376,Water use,Pressure on water resources,SDG 6.4.2. Agricultural Sector Contribution to Water Stress,Israel,2021,64.790331535,%,E,false
376,Water use,Pressure on water resources,SDG 6.4.2. Agricultural Sector Contribution to Water Stress,Israel,2022,60.459370903,%,E,false
380,Water use,Pressure on water resources,SDG 6.4.2. Agricultural Sector Contribution to Water Stress,Italy,2020,14.950557561,%,E,false
380,Water use,Pressure on water resources,SDG 6.4.2. Agricultural Sector Contribution to Water Stress,Italy,2021,14.950500728,%,E,false
380,Water use,Pressure on water resources,SDG 6.4.2. Agricultural Sector Contribution to Water Stress,Italy,2022,14.950527847,%,E,false
388,Water use,Pressure on water resources,SDG 6.4.2. Agricultural Sector Contribution to Water Stress,Jamaica,2020,2.360326886,%,E,false
388,Water use,Pressure on water resources,SDG 6.4.2. Agricultural Sector Contribution to Water Stress,Jamaica,2021,2.112864368,%,E,false
388,Water use,Pressure on water resources,SDG 6.4.2. Agricultural Sector Contribution to Water Stress,Jamaica,2022,2.112864368,%,E,false
392,Water use,Pressure on water resources,SDG 6.4.2. Agricultural Sector Contribution to Water Stress,Japan,2020,24.459770115,%,E,false
392,Water use,Pressure on water resources,SDG 6.4.2. Agricultural Sector Contribution to Water Stress,Japan,2021,24.429118774,%,E,false
392,Water use,Pressure on water resources,SDG 6.4.2. Agricultural Sector Contribution to Water Stress,Japan,2022,24.429118774,%,E,false
400,Water use,Pressure on water resources,SDG 6.4.2. Agricultural Sector Contribution to Water Stress,Jordan,2020,54.769695775,%,E,false
400,Water use,Pressure on water resources,SDG 6.4.2. Agricultural Sector Contribution to Water Stress,Jordan,2021,52.945030708,%,E,false
400,Water use,Pressure on water resources,SDG 6.4.2. Agricultural Sector Contribution to Water Stress,Jordan,2022,54.332119356,%,E,false
398,Water use,Pressure on water resources,SDG 6.4.2. Agricultural Sector Contribution to Water Stress,Kazakhstan,2020,21.178322438,%,E,false
398,Water use,Pressure on water resources,SDG 6.4.2. Agricultural Sector Contribution to Water Stress,Kazakhstan,2021,20.256215418,%,E,false
398,Water use,Pressure on water resources,SDG 6.4.2. Agricultural Sector Contribution to Water Stress,Kazakhstan,2022,19.649833008,%,E,false
404,Water use,Pressure on water resources,SDG 6.4.2. Agricultural Sector Contribution to Water Stress,Kenya,2020,26.661170651,%,I,false
404,Water use,Pressure on water resources,SDG 6.4.2. Agricultural Sector Contribution to Water Stress,Kenya,2021,26.661170651,%,I,false
404,Water use,Pressure on water resources,SDG 6.4.2. Agricultural Sector Contribution to Water Stress,Kenya,2022,26.661170651,%,I,false
414,Water use,Pressure on water resources,SDG 6.4.2. Agricultural Sector Contribution to Water Stress,Kuwait,2020,2397.78336,%,E,false
414,Water use,Pressure on water resources,SDG 6.4.2. Agricultural Sector Contribution to Water Stress,Kuwait,2021,2397.78336,%,E,false
414,Water use,Pressure on water resources,SDG 6.4.2. Agricultural Sector Contribution to Water Stress,Kuwait,2022,2397.78336,%,E,false
417,Water use,Pressure on water resources,SDG 6.4.2. Agricultural Sector Contribution to Water Stress,Kyrgyzstan,2020,46.380755543,%,E,false
417,Water use,Pressure on water resources,SDG 6.4.2. Agricultural Sector Contribution to Water Stress,Kyrgyzstan,2021,46.380755543,%,E,false
417,Water use,Pressure on water resources,SDG 6.4.2. Agricultural Sector Contribution to Water Stress,Kyrgyzstan,2022,46.380755543,%,E,false
432,Water use,Pressure on water resources,SDG 6.4.2. Agricultural Sector Contribution to Water Stress,Land Locked Developing Countries,2020,12.469994116,%,E,true
432,Water use,Pressure on water resources,SDG 6.4.2. Agricultural Sector Contribution to Water Stress,Land Locked Developing Countries,2021,12.509996553,%,E,true
432,Water use,Pressure on water resources,SDG 6.4.2. Agricultural Sector Contribution to Water Stress,Land Locked Developing Countries,2022,12.439429666,%,E,true
418,Water use,Pressure on water resources,SDG 6.4.2. Agricultural Sector Contribution to Water Stress,Lao People's Democratic Republic,2020,4.595827901,%,E,false
418,Water use,Pressure on water resources,SDG 6.4.2. Agricultural Sector Contribution to Water Stress,Lao People's Democratic Republic,2021,4.595827901,%,E,false
418,Water use,Pressure on water resources,SDG 6.4.2. Agricultural Sector Contribution to Water Stress,Lao People's Democratic Republic,2022,4.595827901,%,E,false
419,Water use,Pressure on water resources,SDG 6.4.2. Agricultural Sector Contribution to Water Stress,Latin America and the Caribbean,2020,4.4123174,%,E,true
419,Water use,Pressure on water resources,SDG 6.4.2. Agricultural Sector Contribution to Water Stress,Latin America and the Caribbean,2021,4.223792408,%,E,true
419,Water use,Pressure on water resources,SDG 6.4.2. Agricultural Sector Contribution to Water Stress,Latin America and the Caribbean,2022,4.243096155,%,E,true
428,Water use,Pressure on water resources,SDG 6.4.2. Agricultural Sector Contribution to Water Stress,Latvia,2020,0.326022392,%,E,false
428,Water use,Pressure on water resources,SDG 6.4.2. Agricultural Sector Contribution to Water Stress,Latvia,2021,0.312357101,%,E,false
428,Water use,Pressure on water resources,SDG 6.4.2. Agricultural Sector Contribution to Water Stress,Latvia,2022,0.295215085,%,E,false
199,Water use,Pressure on water resources,SDG 6.4.2. Agricultural Sector Contribution to Water Stress,Least Developed Countries,2020,6.399517884,%,E,true
199,Water use,Pressure on water resources,SDG 6.4.2. Agricultural Sector Contribution to Water Stress,Least Developed Countries,2021,6.399230057,%,E,true
199,Water use,Pressure on water resources,SDG 6.4.2. Agricultural Sector Contribution to Water Stress,Least Developed Countries,2022,6.39951955,%,E,true
422,Water use,Pressure on water resources,SDG 6.4.2. Agricultural Sector Contribution to Water Stress,Lebanon,2020,22.366898964,%,I,false
422,Water use,Pressure on water resources,SDG 6.4.2. Agricultural Sector Contribution to Water Stress,Lebanon,2021,22.366898964,%,I,false
422,Water use,Pressure on water resources,SDG 6.4.2. Agricultural Sector Contribution to Water Stress,Lebanon,2022,22.366898964,%,I,false
426,Water use,Pressure on water resources,SDG 6.4.2. Agricultural Sector Contribution to Water Stress,Lesotho,2020,0.222612771,%,E,false
426,Water use,Pressure on water resources,SDG 6.4.2. Agricultural Sector Contribution to Water Stress,Lesotho,2021,0.222612771,%,E,false
426,Water use,Pressure on water resources,SDG 6.4.2. Agricultural Sector Contribution to Water Stress,Lesotho,2022,0.222612771,%,E,false
430,Water use,Pressure on water resources,SDG 6.4.2. Agricultural Sector Contribution to Water Stress,Liberia,2020,0.022282609,%,I,false
430,Water use,Pressure on water resources,SDG 6.4.2. Agricultural Sector Contribution to Water Stress,Liberia,2021,0.022282609,%,I,false
430,Water use,Pressure on water resources,SDG 6.4.2. Agricultural Sector Contribution to Water Stress,Liberia,2022,0.022282609,%,I,false
434,Water use,Pressure on water resources,SDG 6.4.2. Agricultural Sector Contribution to Water Stress,Libya,2020,679.784366577,%,I,false
434,Water use,Pressure on water resources,SDG 6.4.2. Agricultural Sector Contribution to Water Stress,Libya,2021,679.784366577,%,I,false
434,Water use,Pressure on water resources,SDG 6.4.2. Agricultural Sector Contribution to Water Stress,Libya,2022,679.784366577,%,I,false
440,Water use,Pressure on water resources,SDG 6.4.2. Agricultural Sector Contribution to Water Stress,Lithuania,2020,0.435472242,%,E,false
440,Water use,Pressure on water resources,SDG 6.4.2. Agricultural Sector Contribution to Water Stress,Lithuania,2021,0.426532084,%,E,false
440,Water use,Pressure on water resources,SDG 6.4.2. Agricultural Sector Contribution to Water Stress,Lithuania,2022,0.423503965,%,E,false
442,Water use,Pressure on water resources,SDG 6.4.2. Agricultural Sector Contribution to Water Stress,Luxembourg,2020,0,%,E,false
442,Water use,Pressure on water resources,SDG 6.4.2. Agricultural Sector Contribution to Water Stress,Luxembourg,2021,0.032338309,%,E,false
442,Water use,Pressure on water resources,SDG 6.4.2. Agricultural Sector Contribution to Water Stress,Luxembourg,2022,0.04145937,%,I,false
450,Water use,Pressure on water resources,SDG 6.4.2. Agricultural Sector Contribution to Water Stress,Madagascar,2020,10.798898095,%,E,false
450,Water use,Pressure on water resources,SDG 6.4.2. Agricultural Sector Contribution to Water Stress,Madagascar,2021,10.798898095,%,E,false
450,Water use,Pressure on water resources,SDG 6.4.2. Agricultural Sector Contribution to Water Stress,Madagascar,2022,10.798898095,%,E,false
454,Water use,Pressure on water resources,SDG 6.4.2. Agricultural Sector Contribution to Water Stress,Malawi,2020,15.04322023,%,I,false
454,Water use,Pressure on water resources,SDG 6.4.2. Agricultural Sector Contribution to Water Stress,Malawi,2021,15.04322023,%,I,false
454,Water use,Pressure on water resources,SDG 6.4.2. Agricultural Sector Contribution to Water Stress,Malawi,2022,15.04322023,%,I,false
458,Water use,Pressure on water resources,SDG 6.4.2. Agricultural Sector Contribution to Water Stress,Malaysia,2020,1.569955427,%,E,false
458,Water use,Pressure on water resources,SDG 6.4.2. Agricultural Sector Contribution to Water Stress,Malaysia,2021,1.569955427,%,E,false
458,Water use,Pressure on water resources,SDG 6.4.2. Agricultural Sector Contribution to Water Stress,Malaysia,2022,1.569955427,%,E,false
462,Water use,Pressure on water resources,SDG 6.4.2. Agricultural Sector Contribution to Water Stress,Maldives,2020,0.473698395,%,E,false
462,Water use,Pressure on water resources,SDG 6.4.2. Agricultural Sector Contribution to Water Stress,Maldives,2021,0.712154356,%,E,false
462,Water use,Pressure on water resources,SDG 6.4.2. Agricultural Sector Contribution to Water Stress,Maldives,2022,0.712154356,%,E,false
466,Water use,Pressure on water resources,SDG 6.4.2. Agricultural Sector Contribution to Water Stress,Mali,2020,7.831790124,%,I,false
466,Water use,Pressure on water resources,SDG 6.4.2. Agricultural Sector Contribution to Water Stress,Mali,2021,7.831790124,%,I,false
466,Water use,Pressure on water resources,SDG 6.4.2. Agricultural Sector Contribution to Water Stress,Mali,2022,7.831790124,%,I,false
470,Water use,Pressure on water resources,SDG 6.4.2. Agricultural Sector Contribution to Water Stress,Malta,2020,31.105247314,%,E,false
470,Water use,Pressure on water resources,SDG 6.4.2. Agricultural Sector Contribution to Water Stress,Malta,2021,28.853992531,%,E,false
470,Water use,Pressure on water resources,SDG 6.4.2. Agricultural Sector Contribution to Water Stress,Malta,2022,25.068292778,%,E,false
478,Water use,Pressure on water resources,SDG 6.4.2. Agricultural Sector Contribution to Water Stress,Mauritania,2020,11.998314173,%,E,false
478,Water use,Pressure on water resources,SDG 6.4.2. Agricultural Sector Contribution to Water Stress,Mauritania,2021,11.998314173,%,E,false
478,Water use,Pressure on water resources,SDG 6.4.2. Agricultural Sector Contribution to Water Stress,Mauritania,2022,11.998314173,%,E,false
480,Water use,Pressure on water resources,SDG 6.4.2. Agricultural Sector Contribution to Water Stress,Mauritius,2020,11.068642503,%,E,false
480,Water use,Pressure on water resources,SDG 6.4.2. Agricultural Sector Contribution to Water Stress,Mauritius,2021,10.923390743,%,E,false
480,Water use,Pressure on water resources,SDG 6.4.2. Agricultural Sector Contribution to Water Stress,Mauritius,2022,10.9967767,%,E,false
484,Water use,Pressure on water resources,SDG 6.4.2. Agricultural Sector Contribution to Water Stress,Mexico,2020,33.946088245,%,E,false
484,Water use,Pressure on water resources,SDG 6.4.2. Agricultural Sector Contribution to Water Stress,Mexico,2021,34.067704997,%,E,false
484,Water use,Pressure on water resources,SDG 6.4.2. Agricultural Sector Contribution to Water Stress,Mexico,2022,34.293658901,%,E,false
496,Water use,Pressure on water resources,SDG 6.4.2. Agricultural Sector Contribution to Water Stress,Mongolia,2020,1.842143906,%,I,false
496,Water use,Pressure on water resources,SDG 6.4.2. Agricultural Sector Contribution to Water Stress,Mongolia,2021,1.842143906,%,I,false
496,Water use,Pressure on water resources,SDG 6.4.2. Agricultural Sector Contribution to Water Stress,Mongolia,2022,1.842143906,%,I,false
504,Water use,Pressure on water resources,SDG 6.4.2. Agricultural Sector Contribution to Water Stress,Morocco,2020,44.547799564,%,I,false
504,Water use,Pressure on water resources,SDG 6.4.2. Agricultural Sector Contribution to Water Stress,Morocco,2021,44.547799564,%,I,false
504,Water use,Pressure on water resources,SDG 6.4.2. Agricultural Sector Contribution to Water Stress,Morocco,2022,44.547799564,%,I,false
508,Water use,Pressure on water resources,SDG 6.4.2. Agricultural Sector Contribution to Water Stress,Mozambique,2020,1.279429251,%,I,false
508,Water use,Pressure on water resources,SDG 6.4.2. Agricultural Sector Contribution to Water Stress,Mozambique,2021,1.279429251,%,I,false
508,Water use,Pressure on water resources,SDG 6.4.2. Agricultural Sector Contribution to Water Stress,Mozambique,2022,1.279429251,%,I,false
104,Water use,Pressure on water resources,SDG 6.4.2. Agricultural Sector Contribution to Water Stress,Myanmar,2020,5.137562255,%,E,false
104,Water use,Pressure on water resources,SDG 6.4.2. Agricultural Sector Contribution to Water Stress,Myanmar,2021,5.137562255,%,E,false
104,Water use,Pressure on water resources,SDG 6.4.2. Agricultural Sector Contribution to Water Stress,Myanmar,2022,5.137562255,%,E,false
516,Water use,Pressure on water resources,SDG 6.4.2. Agricultural Sector Contribution to Water Stress,Namibia,2020,0.505430269,%,E,false
516,Water use,Pressure on water resources,SDG 6.4.2. Agricultural Sector Contribution to Water Stress,Namibia,2021,0.490259158,%,E,false
516,Water use,Pressure on water resources,SDG 6.4.2. Agricultural Sector Contribution to Water Stress,Namibia,2022,0.224940406,%,E,false
524,Water use,Pressure on water resources,SDG 6.4.2. Agricultural Sector Contribution to Water Stress,Nepal,2020,8.156835288,%,I,false
524,Water use,Pressure on water resources,SDG 6.4.2. Agricultural Sector Contribution to Water Stress,Nepal,2021,8.156835288,%,I,false
524,Water use,Pressure on water resources,SDG 6.4.2. Agricultural Sector Contribution to Water Stress,Nepal,2022,8.156835288,%,I,false
528,Water use,Pressure on water resources,SDG 6.4.2. Agricultural Sector Contribution to Water Stress,Netherlands (Kingdom of the),2020,0.621484928,%,E,false
528,Water use,Pressure on water resources,SDG 6.4.2. Agricultural Sector Contribution to Water Stress,Netherlands (Kingdom of the),2021,0.169586719,%,E,false
528,Water use,Pressure on water resources,SDG 6.4.2. Agricultural Sector Contribution to Water Stress,Netherlands (Kingdom of the),2022,0.536286568,%,E,false
554,Water use,Pressure on water resources,SDG 6.4.2. Agricultural Sector Contribution to Water Stress,New Zealand,2020,5.213130241,%,E,false
554,Water use,Pressure on water resources,SDG 6.4.2. Agricultural Sector Contribution to Water Stress,New Zealand,2021,5.21998338,%,E,false
554,Water use,Pressure on water resources,SDG 6.4.2. Agricultural Sector Contribution to Water Stress,New Zealand,2022,5.226854561,%,E,false
558,Water use,Pressure on water resources,SDG 6.4.2. Agricultural Sector Contribution to Water Stress,Nicaragua,2020,1.888763574,%,E,false
558,Water use,Pressure on water resources,SDG 6.4.2. Agricultural Sector Contribution to Water Stress,Nicaragua,2021,1.888763574,%,E,false
558,Water use,Pressure on water resources,SDG 6.4.2. Agricultural Sector Contribution to Water Stress,Nicaragua,2022,1.888763574,%,E,false
562,Water use,Pressure on water resources,SDG 6.4.2. Agricultural Sector Contribution to Water Stress,Niger,2020,10.031599829,%,E,false
562,Water use,Pressure on water resources,SDG 6.4.2. Agricultural Sector Contribution to Water Stress,Niger,2021,10.031599829,%,E,false
562,Water use,Pressure on water resources,SDG 6.4.2. Agricultural Sector Contribution to Water Stress,Niger,2022,10.031599829,%,E,false
566,Water use,Pressure on water resources,SDG 6.4.2. Agricultural Sector Contribution to Water Stress,Nigeria,2020,4.270290659,%,E,false
566,Water use,Pressure on water resources,SDG 6.4.2. Agricultural Sector Contribution to Water Stress,Nigeria,2021,4.270290659,%,E,false
566,Water use,Pressure on water resources,SDG 6.4.2. Agricultural Sector Contribution to Water Stress,Nigeria,2022,4.270290659,%,E,false
807,Water use,Pressure on water resources,SDG 6.4.2. Agricultural Sector Contribution to Water Stress,North Macedonia,2020,3.363988383,%,E,false
807,Water use,Pressure on water resources,SDG 6.4.2. Agricultural Sector Contribution to Water Stress,North Macedonia,2021,3.363988383,%,E,false
807,Water use,Pressure on water resources,SDG 6.4.2. Agricultural Sector Contribution to Water Stress,North Macedonia,2022,3.363988383,%,E,false
15,Water use,Pressure on water resources,SDG 6.4.2. Agricultural Sector Contribution to Water Stress,Northern Africa,2020,99.670344286,%,E,true
15,Water use,Pressure on water resources,SDG 6.4.2. Agricultural Sector Contribution to Water Stress,Northern Africa,2021,99.426270383,%,E,true
15,Water use,Pressure on water resources,SDG 6.4.2. Agricultural Sector Contribution to Water Stress,Northern Africa,2022,99.62909084,%,E,true
747,Water use,Pressure on water resources,SDG 6.4.2. Agricultural Sector Contribution to Water Stress,Northern Africa and Western Asia,2020,65.600915444,%,E,true
747,Water use,Pressure on water resources,SDG 6.4.2. Agricultural Sector Contribution to Water Stress,Northern Africa and Western Asia,2021,66.282363034,%,E,true
747,Water use,Pressure on water resources,SDG 6.4.2. Agricultural Sector Contribution to Water Stress,Northern Africa and Western Asia,2022,65.989096793,%,E,true
21,Water use,Pressure on water resources,SDG 6.4.2. Agricultural Sector Contribution to Water Stress,Northern America,2020,7.567387403,%,E,true
21,Water use,Pressure on water resources,SDG 6.4.2. Agricultural Sector Contribution to Water Stress,Northern America,2021,7.562923035,%,E,true
21,Water use,Pressure on water resources,SDG 6.4.2. Agricultural Sector Contribution to Water Stress,Northern America,2022,7.563600004,%,E,true
578,Water use,Pressure on water resources,SDG 6.4.2. Agricultural Sector Contribution to Water Stress,Norway,2020,0.642487645,%,I,false
578,Water use,Pressure on water resources,SDG 6.4.2. Agricultural Sector Contribution to Water Stress,Norway,2021,0.642487645,%,I,false
578,Water use,Pressure on water resources,SDG 6.4.2. Agricultural Sector Contribution to Water Stress,Norway,2022,0.642487645,%,I,false
9,Water use,Pressure on water resources,SDG 6.4.2. Agricultural Sector Contribution to Water Stress,Oceania,2020,1.668272895,%,E,true
9,Water use,Pressure on water resources,SDG 6.4.2. Agricultural Sector Contribution to Water Stress,Oceania,2021,1.998838902,%,E,true
9,Water use,Pressure on water resources,SDG 6.4.2. Agricultural Sector Contribution to Water Stress,Oceania,2022,2.070380767,%,E,true
543,Water use,Pressure on water resources,SDG 6.4.2. Agricultural Sector Contribution to Water Stress,Oceania (excluding Australia and New Zealand),2020,0.016615977,%,E,true
543,Water use,Pressure on water resources,SDG 6.4.2. Agricultural Sector Contribution to Water Stress,Oceania (excluding Australia and New Zealand),2021,0.016615977,%,E,true
543,Water use,Pressure on water resources,SDG 6.4.2. Agricultural Sector Contribution to Water Stress,Oceania (excluding Australia and New Zealand),2022,0.016615977,%,E,true
512,Water use,Pressure on water resources,SDG 6.4.2. Agricultural Sector Contribution to Water Stress,Oman,2020,94.285639687,%,E,false
512,Water use,Pressure on water resources,SDG 6.4.2. Agricultural Sector Contribution to Water Stress,Oman,2021,94.285639687,%,E,false
512,Water use,Pressure on water resources,SDG 6.4.2. Agricultural Sector Contribution to Water Stress,Oman,2022,94.285639687,%,E,false
586,Water use,Pressure on water resources,SDG 6.4.2. Agricultural Sector Contribution to Water Stress,Pakistan,2020,109.300141591,%,E,false
586,Water use,Pressure on water resources,SDG 6.4.2. Agricultural Sector Contribution to Water Stress,Pakistan,2021,106.169703441,%,E,false
586,Water use,Pressure on water resources,SDG 6.4.2. Agricultural Sector Contribution to Water Stress,Pakistan,2022,103.36787482,%,E,false
275,Water use,Pressure on water resources,SDG 6.4.2. Agricultural Sector Contribution to Water Stress,Palestine,2020,24.190328668,%,E,false
275,Water use,Pressure on water resources,SDG 6.4.2. Agricultural Sector Contribution to Water Stress,Palestine,2021,16.556880897,%,E,false
275,Water use,Pressure on water resources,SDG 6.4.2. Agricultural Sector Contribution to Water Stress,Palestine,2022,17.043492833,%,E,false
591,Water use,Pressure on water resources,SDG 6.4.2. Agricultural Sector Contribution to Water Stress,Panama,2020,0.331820887,%,E,false
591,Water use,Pressure on water resources,SDG 6.4.2. Agricultural Sector Contribution to Water Stress,Panama,2021,0.331820887,%,E,false
591,Water use,Pressure on water resources,SDG 6.4.2. Agricultural Sector Contribution to Water Stress,Panama,2022,0.331820887,%,E,false
598,Water use,Pressure on water resources,SDG 6.4.2. Agricultural Sector Contribution to Water Stress,Papua New Guinea,2020,0.000337268,%,I,false
598,Water use,Pressure on water resources,SDG 6.4.2. Agricultural Sector Contribution to Water Stress,Papua New Guinea,2021,0.000337268,%,I,false
598,Water use,Pressure on water resources,SDG 6.4.2. Agricultural Sector Contribution to Water Stress,Papua New Guinea,2022,0.000337268,%,I,false
600,Water use,Pressure on water resources,SDG 6.4.2. Agricultural Sector Contribution to Water Stress,Paraguay,2020,1.442914733,%,I,false
600,Water use,Pressure on water resources,SDG 6.4.2. Agricultural Sector Contribution to Water Stress,Paraguay,2021,1.442914733,%,I,false
600,Water use,Pressure on water resources,SDG 6.4.2. Agricultural Sector Contribution to Water Stress,Paraguay,2022,1.442914733,%,I,false
604,Water use,Pressure on water resources,SDG 6.4.2. Agricultural Sector Contribution to Water Stress,Peru,2020,6.110283159,%,E,false
604,Water use,Pressure on water resources,SDG 6.4.2. Agricultural Sector Contribution to Water Stress,Peru,2021,3.706594635,%,E,false
604,Water use,Pressure on water resources,SDG 6.4.2. Agricultural Sector Contribution to Water Stress,Peru,2022,3.932935916,%,E,false
608,Water use,Pressure on water resources,SDG 6.4.2. Agricultural Sector Contribution to Water Stress,Philippines,2020,20.743225329,%,E,false
608,Water use,Pressure on water resources,SDG 6.4.2. Agricultural Sector Contribution to Water Stress,Philippines,2021,20.742386335,%,E,false
608,Water use,Pressure on water resources,SDG 6.4.2. Agricultural Sector Contribution to Water Stress,Philippines,2022,20.769552727,%,E,false
616,Water use,Pressure on water resources,SDG 6.4.2. Agricultural Sector Contribution to Water Stress,Poland,2020,4.394026019,%,E,false
616,Water use,Pressure on water resources,SDG 6.4.2. Agricultural Sector Contribution to Water Stress,Poland,2021,4.447969859,%,E,false
616,Water use,Pressure on water resources,SDG 6.4.2. Agricultural Sector Contribution to Water Stress,Poland,2022,4.229369089,%,E,false
620,Water use,Pressure on water resources,SDG 6.4.2. Agricultural Sector Contribution to Water Stress,Portugal,2020,6.826417786,%,E,false
620,Water use,Pressure on water resources,SDG 6.4.2. Agricultural Sector Contribution to Water Stress,Portugal,2021,6.826417786,%,E,false
620,Water use,Pressure on water resources,SDG 6.4.2. Agricultural Sector Contribution to Water Stress,Portugal,2022,6.826417786,%,E,false
630,Water use,Pressure on water resources,SDG 6.4.2. Agricultural Sector Contribution to Water Stress,Puerto Rico,2020,0.677139046,%,I,false
630,Water use,Pressure on water resources,SDG 6.4.2. Agricultural Sector Contribution to Water Stress,Puerto Rico,2021,0.677139046,%,I,false
630,Water use,Pressure on water resources,SDG 6.4.2. Agricultural Sector Contribution to Water Stress,Puerto Rico,2022,0.677139046,%,I,false
634,Water use,Pressure on water resources,SDG 6.4.2. Agricultural Sector Contribution to Water Stress,Qatar,2020,153.495873596,%,E,false
634,Water use,Pressure on water resources,SDG 6.4.2. Agricultural Sector Contribution to Water Stress,Qatar,2021,156.262726799,%,E,false
634,Water use,Pressure on water resources,SDG 6.4.2. Agricultural Sector Contribution to Water Stress,Qatar,2022,143.565855044,%,E,false
410,Water use,Pressure on water resources,SDG 6.4.2. Agricultural Sector Contribution to Water Stress,Republic of Korea,2020,50.223043178,%,E,false
410,Water use,Pressure on water resources,SDG 6.4.2. Agricultural Sector Contribution to Water Stress,Republic of Korea,2021,50.223043178,%,E,false
410,Water use,Pressure on water resources,SDG 6.4.2. Agricultural Sector Contribution to Water Stress,Republic of Korea,2022,50.223043178,%,E,false
498,Water use,Pressure on water resources,SDG 6.4.2. Agricultural Sector Contribution to Water Stress,Republic of Moldova,2020,0.863713989,%,E,false
498,Water use,Pressure on water resources,SDG 6.4.2. Agricultural Sector Contribution to Water Stress,Republic of Moldova,2021,0.865878685,%,E,false
498,Water use,Pressure on water resources,SDG 6.4.2. Agricultural Sector Contribution to Water Stress,Republic of Moldova,2022,0.865878685,%,E,false
642,Water use,Pressure on water resources,SDG 6.4.2. Agricultural Sector Contribution to Water Stress,Romania,2020,2.134631589,%,E,false
642,Water use,Pressure on water resources,SDG 6.4.2. Agricultural Sector Contribution to Water Stress,Romania,2021,2.321879974,%,E,false
642,Water use,Pressure on water resources,SDG 6.4.2. Agricultural Sector Contribution to Water Stress,Romania,2022,2.766594888,%,E,false
643,Water use,Pressure on water resources,SDG 6.4.2. Agricultural Sector Contribution to Water Stress,Russian Federation,2020,1.18541507,%,I,false
643,Water use,Pressure on water resources,SDG 6.4.2. Agricultural Sector Contribution to Water Stress,Russian Federation,2021,1.18541507,%,I,false
643,Water use,Pressure on water resources,SDG 6.4.2. Agricultural Sector Contribution to Water Stress,Russian Federation,2022,1.18541507,%,I,false
646,Water use,Pressure on water resources,SDG 6.4.2. Agricultural Sector Contribution to Water Stress,Rwanda,2020,12.125932584,%,E,false
646,Water use,Pressure on water resources,SDG 6.4.2. Agricultural Sector Contribution to Water Stress,Rwanda,2021,11.953642384,%,E,false
646,Water use,Pressure on water resources,SDG 6.4.2. Agricultural Sector Contribution to Water Stress,Rwanda,2022,12.132648676,%,E,false
659,Water use,Pressure on water resources,SDG 6.4.2. Agricultural Sector Contribution to Water Stress,Saint Kitts and Nevis,2020,0.651709402,%,I,false
659,Water use,Pressure on water resources,SDG 6.4.2. Agricultural Sector Contribution to Water Stress,Saint Kitts and Nevis,2021,0.651709402,%,I,false
659,Water use,Pressure on water resources,SDG 6.4.2. Agricultural Sector Contribution to Water Stress,Saint Kitts and Nevis,2022,0.651709402,%,I,false
662,Water use,Pressure on water resources,SDG 6.4.2. Agricultural Sector Contribution to Water Stress,Saint Lucia,2020,10.133333333,%,I,false
662,Water use,Pressure on water resources,SDG 6.4.2. Agricultural Sector Contribution to Water Stress,Saint Lucia,2021,10.133333333,%,I,false
662,Water use,Pressure on water resources,SDG 6.4.2. Agricultural Sector Contribution to Water Stress,Saint Lucia,2022,10.133333333,%,I,false
670,Water use,Pressure on water resources,SDG 6.4.2. Agricultural Sector Contribution to Water Stress,Saint Vincent and the Grenadines,2020,0,%,I,false
670,Water use,Pressure on water resources,SDG 6.4.2. Agricultural Sector Contribution to Water Stress,Saint Vincent and the Grenadines,2021,0,%,I,false
670,Water use,Pressure on water resources,SDG 6.4.2. Agricultural Sector Contribution to Water Stress,Saint Vincent and the Grenadines,2022,0,%,I,false
678,Water use,Pressure on water resources,SDG 6.4.2. Agricultural Sector Contribution to Water Stress,Sao Tome and Principe,2020,1.174311927,%,I,false
678,Water use,Pressure on water resources,SDG 6.4.2. Agricultural Sector Contribution to Water Stress,Sao Tome and Principe,2021,1.174311927,%,I,false
678,Water use,Pressure on water resources,SDG 6.4.2. Agricultural Sector Contribution to Water Stress,Sao Tome and Principe,2022,1.174311927,%,I,false
682,Water use,Pressure on water resources,SDG 6.4.2. Agricultural Sector Contribution to Water Stress,Saudi Arabia,2020,794.564994357,%,I,false
682,Water use,Pressure on water resources,SDG 6.4.2. Agricultural Sector Contribution to Water Stress,Saudi Arabia,2021,794.564994357,%,I,false
682,Water use,Pressure on water resources,SDG 6.4.2. Agricultural Sector Contribution to Water Stress,Saudi Arabia,2022,794.564994357,%,I,false
686,Water use,Pressure on water resources,SDG 6.4.2. Agricultural Sector Contribution to Water Stress,Senegal,2020,14.862659151,%,E,false
686,Water use,Pressure on water resources,SDG 6.4.2. Agricultural Sector Contribution to Water Stress,Senegal,2021,14.862659151,%,E,false
686,Water use,Pressure on water resources,SDG 6.4.2. Agricultural Sector Contribution to Water Stress,Senegal,2022,14.862659151,%,E,false
688,Water use,Pressure on water resources,SDG 6.4.2. Agricultural Sector Contribution to Water Stress,Serbia,2020,0.488952761,%,E,false
688,Water use,Pressure on water resources,SDG 6.4.2. Agricultural Sector Contribution to Water Stress,Serbia,2021,0.464723302,%,E,false
688,Water use,Pressure on water resources,SDG 6.4.2. Agricultural Sector Contribution to Water Stress,Serbia,2022,0.475600135,%,E,false
694,Water use,Pressure on water resources,SDG 6.4.2. Agricultural Sector Contribution to Water Stress,Sierra Leone,2020,0.106775701,%,I,false
694,Water use,Pressure on water resources,SDG 6.4.2. Agricultural Sector Contribution to Water Stress,Sierra Leone,2021,0.106775701,%,I,false
694,Water use,Pressure on water resources,SDG 6.4.2. Agricultural Sector Contribution to Water Stress,Sierra Leone,2022,0.106775701,%,I,false
702,Water use,Pressure on water resources,SDG 6.4.2. Agricultural Sector Contribution to Water Stress,Singapore,2020,3.324666667,%,E,false
702,Water use,Pressure on water resources,SDG 6.4.2. Agricultural Sector Contribution to Water Stress,Singapore,2021,1.504762721,%,E,false
702,Water use,Pressure on water resources,SDG 6.4.2. Agricultural Sector Contribution to Water Stress,Singapore,2022,0,%,E,false
703,Water use,Pressure on water resources,SDG 6.4.2. Agricultural Sector Contribution to Water Stress,Slovakia,2020,0.126936317,%,E,false
703,Water use,Pressure on water resources,SDG 6.4.2. Agricultural Sector Contribution to Water Stress,Slovakia,2021,0.130938468,%,E,false
703,Water use,Pressure on water resources,SDG 6.4.2. Agricultural Sector Contribution to Water Stress,Slovakia,2022,0.141355637,%,E,false
705,Water use,Pressure on water resources,SDG 6.4.2. Agricultural Sector Contribution to Water Stress,Slovenia,2020,0.020283976,%,I,false
705,Water use,Pressure on water resources,SDG 6.4.2. Agricultural Sector Contribution to Water Stress,Slovenia,2021,0.020283976,%,I,false
705,Water use,Pressure on water resources,SDG 6.4.2. Agricultural Sector Contribution to Water Stress,Slovenia,2022,0.022988506,%,E,false
722,Water use,Pressure on water resources,SDG 6.4.2. Agricultural Sector Contribution to Water Stress,Small Island Developing States,2020,2.277673232,%,E,true
722,Water use,Pressure on water resources,SDG 6.4.2. Agricultural Sector Contribution to Water Stress,Small Island Developing States,2021,2.287169569,%,E,true
722,Water use,Pressure on water resources,SDG 6.4.2. Agricultural Sector Contribution to Water Stress,Small Island Developing States,2022,2.283234553,%,E,true
706,Water use,Pressure on water resources,SDG 6.4.2. Agricultural Sector Contribution to Water Stress,Somalia,2020,24.40130894,%,I,false
706,Water use,Pressure on water resources,SDG 6.4.2. Agricultural Sector Contribution to Water Stress,Somalia,2021,24.40130894,%,I,false
706,Water use,Pressure on water resources,SDG 6.4.2. Agricultural Sector Contribution to Water Stress,Somalia,2022,24.40130894,%,I,false
710,Water use,Pressure on water resources,SDG 6.4.2. Agricultural Sector Contribution to Water Stress,South Africa,2020,40.632474699,%,E,false
710,Water use,Pressure on water resources,SDG 6.4.2. Agricultural Sector Contribution to Water Stress,South Africa,2021,41.020267254,%,E,false
710,Water use,Pressure on water resources,SDG 6.4.2. Agricultural Sector Contribution to Water Stress,South Africa,2022,40.151537534,%,E,false
728,Water use,Pressure on water resources,SDG 6.4.2. Agricultural Sector Contribution to Water Stress,South Sudan,2020,1.541425819,%,E,false
728,Water use,Pressure on water resources,SDG 6.4.2. Agricultural Sector Contribution to Water Stress,South Sudan,2021,1.541425819,%,E,false
728,Water use,Pressure on water resources,SDG 6.4.2. Agricultural Sector Contribution to Water Stress,South Sudan,2022,1.541425819,%,E,false
35,Water use,Pressure on water resources,SDG 6.4.2. Agricultural Sector Contribution to Water Stress,South-eastern Asia,2020,17.603829146,%,E,true
35,Water use,Pressure on water resources,SDG 6.4.2. Agricultural Sector Contribution to Water Stress,South-eastern Asia,2021,17.603105051,%,E,true
35,Water use,Pressure on water resources,SDG 6.4.2. Agricultural Sector Contribution to Water Stress,South-eastern Asia,2022,17.60611098,%,E,true
34,Water use,Pressure on water resources,SDG 6.4.2. Agricultural Sector Contribution to Water Stress,Southern Asia,2020,70.692455648,%,E,true
34,Water use,Pressure on water resources,SDG 6.4.2. Agricultural Sector Contribution to Water Stress,Southern Asia,2021,70.312017335,%,E,true
34,Water use,Pressure on water resources,SDG 6.4.2. Agricultural Sector Contribution to Water Stress,Southern Asia,2022,69.971508952,%,E,true
724,Water use,Pressure on water resources,SDG 6.4.2. Agricultural Sector Contribution to Water Stress,Spain,2020,28.259703094,%,E,false
724,Water use,Pressure on water resources,SDG 6.4.2. Agricultural Sector Contribution to Water Stress,Spain,2021,28.259703094,%,E,false
724,Water use,Pressure on water resources,SDG 6.4.2. Agricultural Sector Contribution to Water Stress,Spain,2022,28.259703094,%,E,false
144,Water use,Pressure on water resources,SDG 6.4.2. Agricultural Sector Contribution to Water Stress,Sri Lanka,2020,79.312762973,%,I,false
144,Water use,Pressure on water resources,SDG 6.4.2. Agricultural Sector Contribution to Water Stress,Sri Lanka,2021,79.312762973,%,I,false
144,Water use,Pressure on water resources,SDG 6.4.2. Agricultural Sector Contribution to Water Stress,Sri Lanka,2022,79.312762973,%,I,false
202,Water use,Pressure on water resources,SDG 6.4.2. Agricultural Sector Contribution to Water Stress,Sub-Saharan Africa,2020,4.711487319,%,E,true
202,Water use,Pressure on water resources,SDG 6.4.2. Agricultural Sector Contribution to Water Stress,Sub-Saharan Africa,2021,4.719642018,%,E,true
202,Water use,Pressure on water resources,SDG 6.4.2. Agricultural Sector Contribution to Water Stress,Sub-Saharan Africa,2022,4.696007933,%,E,true
729,Water use,Pressure on water resources,SDG 6.4.2. Agricultural Sector Contribution to Water Stress,Sudan,2020,114.140969163,%,E,false
729,Water use,Pressure on water resources,SDG 6.4.2. Agricultural Sector Contribution to Water Stress,Sudan,2021,114.140969163,%,E,false
729,Water use,Pressure on water resources,SDG 6.4.2. Agricultural Sector Contribution to Water Stress,Sudan,2022,114.140969163,%,E,false
740,Water use,Pressure on water resources,SDG 6.4.2. Agricultural Sector Contribution to Water Stress,Suriname,2020,2.765234124,%,I,false
740,Water use,Pressure on water resources,SDG 6.4.2. Agricultural Sector Contribution to Water Stress,Suriname,2021,2.765234124,%,I,false
740,Water use,Pressure on water resources,SDG 6.4.2. Agricultural Sector Contribution to Water Stress,Suriname,2022,2.765234124,%,I,false
752,Water use,Pressure on water resources,SDG 6.4.2. Agricultural Sector Contribution to Water Stress,Sweden,2020,0.147126893,%,E,false
752,Water use,Pressure on water resources,SDG 6.4.2. Agricultural Sector Contribution to Water Stress,Sweden,2021,0.176723019,%,E,false
752,Water use,Pressure on water resources,SDG 6.4.2. Agricultural Sector Contribution to Water Stress,Sweden,2022,0.176723019,%,E,false
756,Water use,Pressure on water resources,SDG 6.4.2. Agricultural Sector Contribution to Water Stress,Switzerland,2020,0.597351487,%,E,false
756,Water use,Pressure on water resources,SDG 6.4.2. Agricultural Sector Contribution to Water Stress,Switzerland,2021,0.606050104,%,E,false
756,Water use,Pressure on water resources,SDG 6.4.2. Agricultural Sector Contribution to Water Stress,Switzerland,2022,0.600454074,%,E,false
760,Water use,Pressure on water resources,SDG 6.4.2. Agricultural Sector Contribution to Water Stress,Syrian Arab Republic,2020,108.849623997,%,E,false
760,Water use,Pressure on water resources,SDG 6.4.2. Agricultural Sector Contribution to Water Stress,Syrian Arab Republic,2021,108.849623997,%,E,false
760,Water use,Pressure on water resources,SDG 6.4.2. Agricultural Sector Contribution to Water Stress,Syrian Arab Republic,2022,108.849623997,%,E,false
762,Water use,Pressure on water resources,SDG 6.4.2. Agricultural Sector Contribution to Water Stress,Tajikistan,2020,52.125394331,%,E,false
762,Water use,Pressure on water resources,SDG 6.4.2. Agricultural Sector Contribution to Water Stress,Tajikistan,2021,52.125394331,%,E,false
762,Water use,Pressure on water resources,SDG 6.4.2. Agricultural Sector Contribution to Water Stress,Tajikistan,2022,52.125394331,%,E,false
764,Water use,Pressure on water resources,SDG 6.4.2. Agricultural Sector Contribution to Water Stress,Thailand,2020,20.798724447,%,I,false
764,Water use,Pressure on water resources,SDG 6.4.2. Agricultural Sector Contribution to Water Stress,Thailand,2021,20.798724447,%,I,false
764,Water use,Pressure on water resources,SDG 6.4.2. Agricultural Sector Contribution to Water Stress,Thailand,2022,20.798724447,%,I,false
626,Water use,Pressure on water resources,SDG 6.4.2. Agricultural Sector Contribution to Water Stress,Timor-Leste,2020,25.832127352,%,I,false
626,Water use,Pressure on water resources,SDG 6.4.2. Agricultural Sector Contribution to Water Stress,Timor-Leste,2021,25.832127352,%,I,false
626,Water use,Pressure on water resources,SDG 6.4.2. Agricultural Sector Contribution to Water Stress,Timor-Leste,2022,25.832127352,%,I,false
768,Water use,Pressure on water resources,SDG 6.4.2. Agricultural Sector Contribution to Water Stress,Togo,2020,1.155893536,%,I,false
768,Water use,Pressure on water resources,SDG 6.4.2. Agricultural Sector Contribution to Water Stress,Togo,2021,1.155893536,%,I,false
768,Water use,Pressure on water resources,SDG 6.4.2. Agricultural Sector Contribution to Water Stress,Togo,2022,1.155893536,%,I,false
780,Water use,Pressure on water resources,SDG 6.4.2. Agricultural Sector Contribution to Water Stress,Trinidad and Tobago,2020,0.885835691,%,I,false
780,Water use,Pressure on water resources,SDG 6.4.2. Agricultural Sector Contribution to Water Stress,Trinidad and Tobago,2021,0.885835691,%,I,false
780,Water use,Pressure on water resources,SDG 6.4.2. Agricultural Sector Contribution to Water Stress,Trinidad and Tobago,2022,0.885835691,%,I,false
788,Water use,Pressure on water resources,SDG 6.4.2. Agricultural Sector Contribution to Water Stress,Tunisia,2020,74.116996093,%,E,false
788,Water use,Pressure on water resources,SDG 6.4.2. Agricultural Sector Contribution to Water Stress,Tunisia,2021,74.116996093,%,E,false
788,Water use,Pressure on water resources,SDG 6.4.2. Agricultural Sector Contribution to Water Stress,Tunisia,2022,74.116996093,%,E,false
795,Water use,Pressure on water resources,SDG 6.4.2. Agricultural Sector Contribution to Water Stress,Turkmenistan,2020,83.048862757,%,E,false
795,Water use,Pressure on water resources,SDG 6.4.2. Agricultural Sector Contribution to Water Stress,Turkmenistan,2021,125.40905457,%,E,false
795,Water use,Pressure on water resources,SDG 6.4.2. Agricultural Sector Contribution to Water Stress,Turkmenistan,2022,125.40905457,%,E,false
792,Water use,Pressure on water resources,SDG 6.4.2. Agricultural Sector Contribution to Water Stress,Türkiye,2020,40.086494618,%,E,false
792,Water use,Pressure on water resources,SDG 6.4.2. Agricultural Sector Contribution to Water Stress,Türkiye,2021,43.378147515,%,E,false
792,Water use,Pressure on water resources,SDG 6.4.2. Agricultural Sector Contribution to Water Stress,Türkiye,2022,41.626332562,%,E,false
800,Water use,Pressure on water resources,SDG 6.4.2. Agricultural Sector Contribution to Water Stress,Uganda,2020,2.369624886,%,I,false
800,Water use,Pressure on water resources,SDG 6.4.2. Agricultural Sector Contribution to Water Stress,Uganda,2021,2.369624886,%,I,false
800,Water use,Pressure on water resources,SDG 6.4.2. Agricultural Sector Contribution to Water Stress,Uganda,2022,2.369624886,%,I,false
804,Water use,Pressure on water resources,SDG 6.4.2. Agricultural Sector Contribution to Water Stress,Ukraine,2020,3.678235653,%,E,false
804,Water use,Pressure on water resources,SDG 6.4.2. Agricultural Sector Contribution to Water Stress,Ukraine,2021,3.148935417,%,E,false
804,Water use,Pressure on water resources,SDG 6.4.2. Agricultural Sector Contribution to Water Stress,Ukraine,2022,1.330909917,%,E,false
784,Water use,Pressure on water resources,SDG 6.4.2. Agricultural Sector Contribution to Water Stress,United Arab Emirates,2020,738.041947972,%,E,false
784,Water use,Pressure on water resources,SDG 6.4.2. Agricultural Sector Contribution to Water Stress,United Arab Emirates,2021,700.227867077,%,E,false
784,Water use,Pressure on water resources,SDG 6.4.2. Agricultural Sector Contribution to Water Stress,United Arab Emirates,2022,772.7795661,%,E,false
826,Water use,Pressure on water resources,SDG 6.4.2. Agricultural Sector Contribution to Water Stress,United Kingdom of Great Britain and Northern Ireland,2020,2.016810744,%,I,false
826,Water use,Pressure on water resources,SDG 6.4.2. Agricultural Sector Contribution to Water Stress,United Kingdom of Great Britain and Northern Ireland,2021,2.016810744,%,I,false
826,Water use,Pressure on water resources,SDG 6.4.2. Agricultural Sector Contribution to Water Stress,United Kingdom of Great Britain and Northern Ireland,2022,2.016810744,%,I,false
834,Water use,Pressure on water resources,SDG 6.4.2. Agricultural Sector Contribution to Water Stress,United Republic of Tanzania,2020,11.582895724,%,I,false
834,Water use,Pressure on water resources,SDG 6.4.2. Agricultural Sector Contribution to Water Stress,United Republic of Tanzania,2021,11.582895724,%,I,false
834,Water use,Pressure on water resources,SDG 6.4.2. Agricultural Sector Contribution to Water Stress,United Republic of Tanzania,2022,11.582895724,%,I,false
840,Water use,Pressure on water resources,SDG 6.4.2. Agricultural Sector Contribution to Water Stress,United States of America,2020,11.166032953,%,I,false
840,Water use,Pressure on water resources,SDG 6.4.2. Agricultural Sector Contribution to Water Stress,United States of America,2021,11.166032953,%,I,false
840,Water use,Pressure on water resources,SDG 6.4.2. Agricultural Sector Contribution to Water Stress,United States of America,2022,11.166032953,%,I,false
858,Water use,Pressure on water resources,SDG 6.4.2. Agricultural Sector Contribution to Water Stress,Uruguay,2020,9.031559171,%,E,false
858,Water use,Pressure on water resources,SDG 6.4.2. Agricultural Sector Contribution to Water Stress,Uruguay,2021,9.219827711,%,E,false
858,Water use,Pressure on water resources,SDG 6.4.2. Agricultural Sector Contribution to Water Stress,Uruguay,2022,9.303007075,%,E,false
860,Water use,Pressure on water resources,SDG 6.4.2. Agricultural Sector Contribution to Water Stress,Uzbekistan,2020,131.929735118,%,E,false
860,Water use,Pressure on water resources,SDG 6.4.2. Agricultural Sector Contribution to Water Stress,Uzbekistan,2021,110.725092678,%,E,false
860,Water use,Pressure on water resources,SDG 6.4.2. Agricultural Sector Contribution to Water Stress,Uzbekistan,2022,113.352000851,%,E,false
862,Water use,Pressure on water resources,SDG 6.4.2. Agricultural Sector Contribution to Water Stress,Venezuela (Bolivarian Republic of),2020,5.568719897,%,E,false
862,Water use,Pressure on water resources,SDG 6.4.2. Agricultural Sector Contribution to Water Stress,Venezuela (Bolivarian Republic of),2021,5.568719897,%,E,false
862,Water use,Pressure on water resources,SDG 6.4.2. Agricultural Sector Contribution to Water Stress,Venezuela (Bolivarian Republic of),2022,5.568719897,%,E,false
704,Water use,Pressure on water resources,SDG 6.4.2. Agricultural Sector Contribution to Water Stress,Viet Nam,2020,17.184347443,%,I,false
704,Water use,Pressure on water resources,SDG 6.4.2. Agricultural Sector Contribution to Water Stress,Viet Nam,2021,17.184347443,%,I,false
704,Water use,Pressure on water resources,SDG 6.4.2. Agricultural Sector Contribution to Water Stress,Viet Nam,2022,17.184347443,%,I,false
145,Water use,Pressure on water resources,SDG 6.4.2. Agricultural Sector Contribution to Water Stress,Western Asia,2020,51.603811015,%,E,true
145,Water use,Pressure on water resources,SDG 6.4.2. Agricultural Sector Contribution to Water Stress,Western Asia,2021,52.612142069,%,E,true
145,Water use,Pressure on water resources,SDG 6.4.2. Agricultural Sector Contribution to Water Stress,Western Asia,2022,52.162494361,%,E,true
1,Water use,Pressure on water resources,SDG 6.4.2. Agricultural Sector Contribution to Water Stress,World,2020,12.974198474,%,E,true
1,Water use,Pressure on water resources,SDG 6.4.2. Agricultural Sector Contribution to Water Stress,World,2021,12.912883795,%,E,true
1,Water use,Pressure on water resources,SDG 6.4.2. Agricultural Sector Contribution to Water Stress,World,2022,12.897295931,%,E,true
887,Water use,Pressure on water resources,SDG 6.4.2. Agricultural Sector Contribution to Water Stress,Yemen,2020,154.047619048,%,I,false
887,Water use,Pressure on water resources,SDG 6.4.2. Agricultural Sector Contribution to Water Stress,Yemen,2021,154.047619048,%,I,false
887,Water use,Pressure on water resources,SDG 6.4.2. Agricultural Sector Contribution to Water Stress,Yemen,2022,154.047619048,%,I,false
894,Water use,Pressure on water resources,SDG 6.4.2. Agricultural Sector Contribution to Water Stress,Zambia,2020,2.077922078,%,E,false
894,Water use,Pressure on water resources,SDG 6.4.2. Agricultural Sector Contribution to Water Stress,Zambia,2021,2.077922078,%,E,false
894,Water use,Pressure on water resources,SDG 6.4.2. Agricultural Sector Contribution to Water Stress,Zambia,2022,2.077922078,%,E,false
716,Water use,Pressure on water resources,SDG 6.4.2. Agricultural Sector Contribution to Water Stress,Zimbabwe,2020,40.191977047,%,E,false
716,Water use,Pressure on water resources,SDG 6.4.2. Agricultural Sector Contribution to Water Stress,Zimbabwe,2021,40.191977047,%,E,false
716,Water use,Pressure on water resources,SDG 6.4.2. Agricultural Sector Contribution to Water Stress,Zimbabwe,2022,40.191977047,%,E,false
4,Water use,Pressure on water resources,SDG 6.4.2. Industrial Sector Contribution to Water Stress,Afghanistan,2020,0.455571607,%,E,false
4,Water use,Pressure on water resources,SDG 6.4.2. Industrial Sector Contribution to Water Stress,Afghanistan,2021,0.455571607,%,E,false
4,Water use,Pressure on water resources,SDG 6.4.2. Industrial Sector Contribution to Water Stress,Afghanistan,2022,0.455571607,%,E,false
8,Water use,Pressure on water resources,SDG 6.4.2. Industrial Sector Contribution to Water Stress,Albania,2020,0.096153846,%,E,false
8,Water use,Pressure on water resources,SDG 6.4.2. Industrial Sector Contribution to Water Stress,Albania,2021,0.060096154,%,E,false
8,Water use,Pressure on water resources,SDG 6.4.2. Industrial Sector Contribution to Water Stress,Albania,2022,0.066105769,%,E,false
12,Water use,Pressure on water resources,SDG 6.4.2. Industrial Sector Contribution to Water Stress,Algeria,2020,2.833119271,%,E,false
12,Water use,Pressure on water resources,SDG 6.4.2. Industrial Sector Contribution to Water Stress,Algeria,2021,2.726891897,%,E,false
12,Water use,Pressure on water resources,SDG 6.4.2. Industrial Sector Contribution to Water Stress,Algeria,2022,2.391342923,%,E,false
24,Water use,Pressure on water resources,SDG 6.4.2. Industrial Sector Contribution to Water Stress,Angola,2020,0.635453721,%,I,false
24,Water use,Pressure on water resources,SDG 6.4.2. Industrial Sector Contribution to Water Stress,Angola,2021,0.635453721,%,I,false
24,Water use,Pressure on water resources,SDG 6.4.2. Industrial Sector Contribution to Water Stress,Angola,2022,0.635453721,%,I,false
28,Water use,Pressure on water resources,SDG 6.4.2. Industrial Sector Contribution to Water Stress,Antigua and Barbuda,2020,1.839464883,%,I,false
28,Water use,Pressure on water resources,SDG 6.4.2. Industrial Sector Contribution to Water Stress,Antigua and Barbuda,2021,1.839464883,%,I,false
28,Water use,Pressure on water resources,SDG 6.4.2. Industrial Sector Contribution to Water Stress,Antigua and Barbuda,2022,1.839464883,%,I,false
32,Water use,Pressure on water resources,SDG 6.4.2. Industrial Sector Contribution to Water Stress,Argentina,2020,1.107111072,%,I,false
32,Water use,Pressure on water resources,SDG 6.4.2. Industrial Sector Contribution to Water Stress,Argentina,2021,1.107111072,%,I,false
32,Water use,Pressure on water resources,SDG 6.4.2. Industrial Sector Contribution to Water Stress,Argentina,2022,1.107111072,%,I,false
51,Water use,Pressure on water resources,SDG 6.4.2. Industrial Sector Contribution to Water Stress,Armenia,2020,3.753595877,%,E,false
51,Water use,Pressure on water resources,SDG 6.4.2. Industrial Sector Contribution to Water Stress,Armenia,2021,2.219084124,%,E,false
51,Water use,Pressure on water resources,SDG 6.4.2. Industrial Sector Contribution to Water Stress,Armenia,2022,3.026023805,%,E,false
36,Water use,Pressure on water resources,SDG 6.4.2. Industrial Sector Contribution to Water Stress,Australia,2020,0.743240126,%,E,false
36,Water use,Pressure on water resources,SDG 6.4.2. Industrial Sector Contribution to Water Stress,Australia,2021,0.865547829,%,E,false
36,Water use,Pressure on water resources,SDG 6.4.2. Industrial Sector Contribution to Water Stress,Australia,2022,0.868549933,%,E,false
53,Water use,Pressure on water resources,SDG 6.4.2. Industrial Sector Contribution to Water Stress,Australia and New Zealand,2020,1.129778805,%,E,true
53,Water use,Pressure on water resources,SDG 6.4.2. Industrial Sector Contribution to Water Stress,Australia and New Zealand,2021,1.177674746,%,E,true
53,Water use,Pressure on water resources,SDG 6.4.2. Industrial Sector Contribution to Water Stress,Australia and New Zealand,2022,1.168790707,%,E,true
40,Water use,Pressure on water resources,SDG 6.4.2. Industrial Sector Contribution to Water Stress,Austria,2020,6.962592528,%,E,false
40,Water use,Pressure on water resources,SDG 6.4.2. Industrial Sector Contribution to Water Stress,Austria,2021,8.097581143,%,E,false
40,Water use,Pressure on water resources,SDG 6.4.2. Industrial Sector Contribution to Water Stress,Austria,2022,8.096281898,%,E,false
31,Water use,Pressure on water resources,SDG 6.4.2. Industrial Sector Contribution to Water Stress,Azerbaijan,2020,2.499259581,%,E,false
31,Water use,Pressure on water resources,SDG 6.4.2. Industrial Sector Contribution to Water Stress,Azerbaijan,2021,2.64073104,%,E,false
31,Water use,Pressure on water resources,SDG 6.4.2. Industrial Sector Contribution to Water Stress,Azerbaijan,2022,2.65277411,%,E,false
48,Water use,Pressure on water resources,SDG 6.4.2. Industrial Sector Contribution to Water Stress,Bahrain,2020,4.339933797,%,I,false
48,Water use,Pressure on water resources,SDG 6.4.2. Industrial Sector Contribution to Water Stress,Bahrain,2021,4.339933797,%,I,false
48,Water use,Pressure on water resources,SDG 6.4.2. Industrial Sector Contribution to Water Stress,Bahrain,2022,4.339933797,%,I,false
50,Water use,Pressure on water resources,SDG 6.4.2. Industrial Sector Contribution to Water Stress,Bangladesh,2020,0.122859532,%,I,false
50,Water use,Pressure on water resources,SDG 6.4.2. Industrial Sector Contribution to Water Stress,Bangladesh,2021,0.122859532,%,I,false
50,Water use,Pressure on water resources,SDG 6.4.2. Industrial Sector Contribution to Water Stress,Bangladesh,2022,0.122859532,%,I,false
52,Water use,Pressure on water resources,SDG 6.4.2. Industrial Sector Contribution to Water Stress,Barbados,2020,6.697530864,%,I,false
52,Water use,Pressure on water resources,SDG 6.4.2. Industrial Sector Contribution to Water Stress,Barbados,2021,6.697530864,%,I,false
52,Water use,Pressure on water resources,SDG 6.4.2. Industrial Sector Contribution to Water Stress,Barbados,2022,6.697530864,%,I,false
112,Water use,Pressure on water resources,SDG 6.4.2. Industrial Sector Contribution to Water Stress,Belarus,2020,1.356921531,%,E,false
112,Water use,Pressure on water resources,SDG 6.4.2. Industrial Sector Contribution to Water Stress,Belarus,2021,1.41727093,%,E,false
112,Water use,Pressure on water resources,SDG 6.4.2. Industrial Sector Contribution to Water Stress,Belarus,2022,1.41727093,%,E,false
56,Water use,Pressure on water resources,SDG 6.4.2. Industrial Sector Contribution to Water Stress,Belgium,2020,46.617121959,%,E,false
56,Water use,Pressure on water resources,SDG 6.4.2. Industrial Sector Contribution to Water Stress,Belgium,2021,51.406221474,%,E,false
56,Water use,Pressure on water resources,SDG 6.4.2. Industrial Sector Contribution to Water Stress,Belgium,2022,44.43135476,%,E,false
84,Water use,Pressure on water resources,SDG 6.4.2. Industrial Sector Contribution to Water Stress,Belize,2020,0.26453706,%,E,false
84,Water use,Pressure on water resources,SDG 6.4.2. Industrial Sector Contribution to Water Stress,Belize,2021,0.26453706,%,E,false
84,Water use,Pressure on water resources,SDG 6.4.2. Industrial Sector Contribution to Water Stress,Belize,2022,0.26453706,%,E,false
204,Water use,Pressure on water resources,SDG 6.4.2. Industrial Sector Contribution to Water Stress,Benin,2020,0.125031258,%,E,false
204,Water use,Pressure on water resources,SDG 6.4.2. Industrial Sector Contribution to Water Stress,Benin,2021,0.125031258,%,E,false
204,Water use,Pressure on water resources,SDG 6.4.2. Industrial Sector Contribution to Water Stress,Benin,2022,0.125031258,%,E,false
64,Water use,Pressure on water resources,SDG 6.4.2. Industrial Sector Contribution to Water Stress,Bhutan,2020,0.012548588,%,I,false
64,Water use,Pressure on water resources,SDG 6.4.2. Industrial Sector Contribution to Water Stress,Bhutan,2021,0.012548588,%,I,false
64,Water use,Pressure on water resources,SDG 6.4.2. Industrial Sector Contribution to Water Stress,Bhutan,2022,0.012548588,%,I,false
68,Water use,Pressure on water resources,SDG 6.4.2. Industrial Sector Contribution to Water Stress,Bolivia (Plurinational State of),2020,0.018038332,%,E,false
68,Water use,Pressure on water resources,SDG 6.4.2. Industrial Sector Contribution to Water Stress,Bolivia (Plurinational State of),2021,0.018038332,%,E,false
68,Water use,Pressure on water resources,SDG 6.4.2. Industrial Sector Contribution to Water Stress,Bolivia (Plurinational State of),2022,0.002945856,%,E,false
72,Water use,Pressure on water resources,SDG 6.4.2. Industrial Sector Contribution to Water Stress,Botswana,2020,0.311163861,%,E,false
72,Water use,Pressure on water resources,SDG 6.4.2. Industrial Sector Contribution to Water Stress,Botswana,2021,0.288093036,%,E,false
72,Water use,Pressure on water resources,SDG 6.4.2. Industrial Sector Contribution to Water Stress,Botswana,2022,0.254019889,%,E,false
76,Water use,Pressure on water resources,SDG 6.4.2. Industrial Sector Contribution to Water Stress,Brazil,2020,0.20944148,%,E,false
76,Water use,Pressure on water resources,SDG 6.4.2. Industrial Sector Contribution to Water Stress,Brazil,2021,0.215323646,%,E,false
76,Water use,Pressure on water resources,SDG 6.4.2. Industrial Sector Contribution to Water Stress,Brazil,2022,0.224570674,%,E,false
100,Water use,Pressure on water resources,SDG 6.4.2. Industrial Sector Contribution to Water Stress,Bulgaria,2020,25.72252199,%,E,false
100,Water use,Pressure on water resources,SDG 6.4.2. Industrial Sector Contribution to Water Stress,Bulgaria,2021,26.934732796,%,E,false
100,Water use,Pressure on water resources,SDG 6.4.2. Industrial Sector Contribution to Water Stress,Bulgaria,2022,28.671742184,%,E,false
854,Water use,Pressure on water resources,SDG 6.4.2. Industrial Sector Contribution to Water Stress,Burkina Faso,2020,0.207456979,%,I,false
854,Water use,Pressure on water resources,SDG 6.4.2. Industrial Sector Contribution to Water Stress,Burkina Faso,2021,0.207456979,%,I,false
854,Water use,Pressure on water resources,SDG 6.4.2. Industrial Sector Contribution to Water Stress,Burkina Faso,2022,0.207456979,%,I,false
108,Water use,Pressure on water resources,SDG 6.4.2. Industrial Sector Contribution to Water Stress,Burundi,2020,0.545851528,%,E,false
108,Water use,Pressure on water resources,SDG 6.4.2. Industrial Sector Contribution to Water Stress,Burundi,2021,0.545851528,%,E,false
108,Water use,Pressure on water resources,SDG 6.4.2. Industrial Sector Contribution to Water Stress,Burundi,2022,0.545851528,%,E,false
132,Water use,Pressure on water resources,SDG 6.4.2. Industrial Sector Contribution to Water Stress,Cabo Verde,2020,1.238402753,%,E,false
132,Water use,Pressure on water resources,SDG 6.4.2. Industrial Sector Contribution to Water Stress,Cabo Verde,2021,1.258219906,%,E,false
132,Water use,Pressure on water resources,SDG 6.4.2. Industrial Sector Contribution to Water Stress,Cabo Verde,2022,1.265647054,%,E,false
116,Water use,Pressure on water resources,SDG 6.4.2. Industrial Sector Contribution to Water Stress,Cambodia,2020,0.015662079,%,I,false
116,Water use,Pressure on water resources,SDG 6.4.2. Industrial Sector Contribution to Water Stress,Cambodia,2021,0.015662079,%,I,false
116,Water use,Pressure on water resources,SDG 6.4.2. Industrial Sector Contribution to Water Stress,Cambodia,2022,0.015662079,%,I,false
120,Water use,Pressure on water resources,SDG 6.4.2. Industrial Sector Contribution to Water Stress,Cameroon,2020,0.149964158,%,E,false
120,Water use,Pressure on water resources,SDG 6.4.2. Industrial Sector Contribution to Water Stress,Cameroon,2021,0.149964158,%,E,false
120,Water use,Pressure on water resources,SDG 6.4.2. Industrial Sector Contribution to Water Stress,Cameroon,2022,0.149964158,%,E,false
124,Water use,Pressure on water resources,SDG 6.4.2. Industrial Sector Contribution to Water Stress,Canada,2020,2.827777605,%,E,false
124,Water use,Pressure on water resources,SDG 6.4.2. Industrial Sector Contribution to Water Stress,Canada,2021,2.817404737,%,E,false
124,Water use,Pressure on water resources,SDG 6.4.2. Industrial Sector Contribution to Water Stress,Canada,2022,2.820762044,%,E,false
140,Water use,Pressure on water resources,SDG 6.4.2. Industrial Sector Contribution to Water Stress,Central African Republic,2020,0.055555556,%,I,false
140,Water use,Pressure on water resources,SDG 6.4.2. Industrial Sector Contribution to Water Stress,Central African Republic,2021,0.055555556,%,I,false
140,Water use,Pressure on water resources,SDG 6.4.2. Industrial Sector Contribution to Water Stress,Central African Republic,2022,0.055555556,%,I,false
143,Water use,Pressure on water resources,SDG 6.4.2. Industrial Sector Contribution to Water Stress,Central Asia,2020,5.643619707,%,E,true
143,Water use,Pressure on water resources,SDG 6.4.2. Industrial Sector Contribution to Water Stress,Central Asia,2021,7.093131347,%,E,true
143,Water use,Pressure on water resources,SDG 6.4.2. Industrial Sector Contribution to Water Stress,Central Asia,2022,6.678405886,%,E,true
62,Water use,Pressure on water resources,SDG 6.4.2. Industrial Sector Contribution to Water Stress,Central and Southern Asia,2020,1.734741863,%,E,true
62,Water use,Pressure on water resources,SDG 6.4.2. Industrial Sector Contribution to Water Stress,Central and Southern Asia,2021,1.819471006,%,E,true
62,Water use,Pressure on water resources,SDG 6.4.2. Industrial Sector Contribution to Water Stress,Central and Southern Asia,2022,1.778575522,%,E,true
148,Water use,Pressure on water resources,SDG 6.4.2. Industrial Sector Contribution to Water Stress,Chad,2020,0.506347656,%,I,false
148,Water use,Pressure on water resources,SDG 6.4.2. Industrial Sector Contribution to Water Stress,Chad,2021,0.506347656,%,I,false
148,Water use,Pressure on water resources,SDG 6.4.2. Industrial Sector Contribution to Water Stress,Chad,2022,0.506347656,%,I,false
152,Water use,Pressure on water resources,SDG 6.4.2. Industrial Sector Contribution to Water Stress,Chile,2020,0.460621594,%,E,false
152,Water use,Pressure on water resources,SDG 6.4.2. Industrial Sector Contribution to Water Stress,Chile,2021,0.460621594,%,E,false
152,Water use,Pressure on water resources,SDG 6.4.2. Industrial Sector Contribution to Water Stress,Chile,2022,0.460621594,%,E,false
156,Water use,Pressure on water resources,SDG 6.4.2. Industrial Sector Contribution to Water Stress,China,2020,7.359612598,%,E,false
156,Water use,Pressure on water resources,SDG 6.4.2. Industrial Sector Contribution to Water Stress,China,2021,7.359612598,%,E,false
156,Water use,Pressure on water resources,SDG 6.4.2. Industrial Sector Contribution to Water Stress,China,2022,7.359612598,%,E,false
170,Water use,Pressure on water resources,SDG 6.4.2. Industrial Sector Contribution to Water Stress,Colombia,2020,0.152505946,%,E,false
170,Water use,Pressure on water resources,SDG 6.4.2. Industrial Sector Contribution to Water Stress,Colombia,2021,0.151457114,%,E,false
170,Water use,Pressure on water resources,SDG 6.4.2. Industrial Sector Contribution to Water Stress,Colombia,2022,0.150707284,%,E,false
174,Water use,Pressure on water resources,SDG 6.4.2. Industrial Sector Contribution to Water Stress,Comoros,2020,0.041666667,%,I,false
174,Water use,Pressure on water resources,SDG 6.4.2. Industrial Sector Contribution to Water Stress,Comoros,2021,0.041666667,%,I,false
174,Water use,Pressure on water resources,SDG 6.4.2. Industrial Sector Contribution to Water Stress,Comoros,2022,0.041666667,%,I,false
178,Water use,Pressure on water resources,SDG 6.4.2. Industrial Sector Contribution to Water Stress,Congo,2020,0.007183328,%,E,false
178,Water use,Pressure on water resources,SDG 6.4.2. Industrial Sector Contribution to Water Stress,Congo,2021,0.007183328,%,E,false
178,Water use,Pressure on water resources,SDG 6.4.2. Industrial Sector Contribution to Water Stress,Congo,2022,0.007183328,%,E,false
188,Water use,Pressure on water resources,SDG 6.4.2. Industrial Sector Contribution to Water Stress,Costa Rica,2020,0.397338096,%,E,false
188,Water use,Pressure on water resources,SDG 6.4.2. Industrial Sector Contribution to Water Stress,Costa Rica,2021,0.418668312,%,E,false
188,Water use,Pressure on water resources,SDG 6.4.2. Industrial Sector Contribution to Water Stress,Costa Rica,2022,0.418668312,%,E,false
191,Water use,Pressure on water resources,SDG 6.4.2. Industrial Sector Contribution to Water Stress,Croatia,2020,0.724194251,%,E,false
191,Water use,Pressure on water resources,SDG 6.4.2. Industrial Sector Contribution to Water Stress,Croatia,2021,0.717085172,%,E,false
191,Water use,Pressure on water resources,SDG 6.4.2. Industrial Sector Contribution to Water Stress,Croatia,2022,0.705748924,%,E,false
192,Water use,Pressure on water resources,SDG 6.4.2. Industrial Sector Contribution to Water Stress,Cuba,2020,2.545651687,%,I,false
192,Water use,Pressure on water resources,SDG 6.4.2. Industrial Sector Contribution to Water Stress,Cuba,2021,2.545651687,%,I,false
192,Water use,Pressure on water resources,SDG 6.4.2. Industrial Sector Contribution to Water Stress,Cuba,2022,2.545651687,%,I,false
196,Water use,Pressure on water resources,SDG 6.4.2. Industrial Sector Contribution to Water Stress,Cyprus,2020,1.951886277,%,E,false
196,Water use,Pressure on water resources,SDG 6.4.2. Industrial Sector Contribution to Water Stress,Cyprus,2021,1.889492812,%,E,false
196,Water use,Pressure on water resources,SDG 6.4.2. Industrial Sector Contribution to Water Stress,Cyprus,2022,1.793008073,%,E,false
203,Water use,Pressure on water resources,SDG 6.4.2. Industrial Sector Contribution to Water Stress,Czechia,2020,10.614355231,%,E,false
203,Water use,Pressure on water resources,SDG 6.4.2. Industrial Sector Contribution to Water Stress,Czechia,2021,10.416666667,%,E,false
203,Water use,Pressure on water resources,SDG 6.4.2. Industrial Sector Contribution to Water Stress,Czechia,2022,11.792325839,%,E,false
384,Water use,Pressure on water resources,SDG 6.4.2. Industrial Sector Contribution to Water Stress,Côte d'Ivoire,2020,1.059544658,%,I,false
384,Water use,Pressure on water resources,SDG 6.4.2. Industrial Sector Contribution to Water Stress,Côte d'Ivoire,2021,1.059544658,%,I,false
384,Water use,Pressure on water resources,SDG 6.4.2. Industrial Sector Contribution to Water Stress,Côte d'Ivoire,2022,1.059544658,%,I,false
408,Water use,Pressure on water resources,SDG 6.4.2. Industrial Sector Contribution to Water Stress,Democratic People's Republic of Korea,2020,3.668695931,%,I,false
408,Water use,Pressure on water resources,SDG 6.4.2. Industrial Sector Contribution to Water Stress,Democratic People's Republic of Korea,2021,3.668695931,%,I,false
408,Water use,Pressure on water resources,SDG 6.4.2. Industrial Sector Contribution to Water Stress,Democratic People's Republic of Korea,2022,3.668695931,%,I,false
180,Water use,Pressure on water resources,SDG 6.4.2. Industrial Sector Contribution to Water Stress,Democratic Republic of the Congo,2020,0.048722204,%,I,false
180,Water use,Pressure on water resources,SDG 6.4.2. Industrial Sector Contribution to Water Stress,Democratic Republic of the Congo,2021,0.048722204,%,I,false
180,Water use,Pressure on water resources,SDG 6.4.2. Industrial Sector Contribution to Water Stress,Democratic Republic of the Congo,2022,0.048722204,%,I,false
208,Water use,Pressure on water resources,SDG 6.4.2. Industrial Sector Contribution to Water Stress,Denmark,2020,1.549269876,%,E,false
208,Water use,Pressure on water resources,SDG 6.4.2. Industrial Sector Contribution to Water Stress,Denmark,2021,1.360708491,%,E,false
208,Water use,Pressure on water resources,SDG 6.4.2. Industrial Sector Contribution to Water Stress,Denmark,2022,1.218929151,%,E,false
262,Water use,Pressure on water resources,SDG 6.4.2. Industrial Sector Contribution to Water Stress,Djibouti,2020,0,%,I,false
262,Water use,Pressure on water resources,SDG 6.4.2. Industrial Sector Contribution to Water Stress,Djibouti,2021,0,%,I,false
262,Water use,Pressure on water resources,SDG 6.4.2. Industrial Sector Contribution to Water Stress,Djibouti,2022,0,%,I,false
212,Water use,Pressure on water resources,SDG 6.4.2. Industrial Sector Contribution to Water Stress,Dominica,2020,0,%,I,false
212,Water use,Pressure on water resources,SDG 6.4.2. Industrial Sector Contribution to Water Stress,Dominica,2021,0,%,I,false
212,Water use,Pressure on water resources,SDG 6.4.2. Industrial Sector Contribution to Water Stress,Dominica,2022,0,%,I,false
214,Water use,Pressure on water resources,SDG 6.4.2. Industrial Sector Contribution to Water Stress,Dominican Republic,2020,2.875250001,%,E,false
214,Water use,Pressure on water resources,SDG 6.4.2. Industrial Sector Contribution to Water Stress,Dominican Republic,2021,2.875250001,%,E,false
214,Water use,Pressure on water resources,SDG 6.4.2. Industrial Sector Contribution to Water Stress,Dominican Republic,2022,2.875250001,%,E,false
30,Water use,Pressure on water resources,SDG 6.4.2. Industrial Sector Contribution to Water Stress,Eastern Asia,2020,7.712249447,%,E,true
30,Water use,Pressure on water resources,SDG 6.4.2. Industrial Sector Contribution to Water Stress,Eastern Asia,2021,7.714462452,%,E,true
30,Water use,Pressure on water resources,SDG 6.4.2. Industrial Sector Contribution to Water Stress,Eastern Asia,2022,7.714462452,%,E,true
753,Water use,Pressure on water resources,SDG 6.4.2. Industrial Sector Contribution to Water Stress,Eastern and South-Eastern Asia,2020,3.816081944,%,E,true
753,Water use,Pressure on water resources,SDG 6.4.2. Industrial Sector Contribution to Water Stress,Eastern and South-Eastern Asia,2021,3.848399293,%,E,true
753,Water use,Pressure on water resources,SDG 6.4.2. Industrial Sector Contribution to Water Stress,Eastern and South-Eastern Asia,2022,3.887856061,%,E,true
218,Water use,Pressure on water resources,SDG 6.4.2. Industrial Sector Contribution to Water Stress,Ecuador,2020,0.3754297,%,I,false
218,Water use,Pressure on water resources,SDG 6.4.2. Industrial Sector Contribution to Water Stress,Ecuador,2021,0.3754297,%,I,false
218,Water use,Pressure on water resources,SDG 6.4.2. Industrial Sector Contribution to Water Stress,Ecuador,2022,0.3754297,%,I,false
818,Water use,Pressure on water resources,SDG 6.4.2. Industrial Sector Contribution to Water Stress,Egypt,2020,9.836065574,%,I,false
818,Water use,Pressure on water resources,SDG 6.4.2. Industrial Sector Contribution to Water Stress,Egypt,2021,9.836065574,%,I,false
818,Water use,Pressure on water resources,SDG 6.4.2. Industrial Sector Contribution to Water Stress,Egypt,2022,9.836065574,%,I,false
222,Water use,Pressure on water resources,SDG 6.4.2. Industrial Sector Contribution to Water Stress,El Salvador,2020,1.51819748,%,E,false
222,Water use,Pressure on water resources,SDG 6.4.2. Industrial Sector Contribution to Water Stress,El Salvador,2021,1.186186303,%,E,false
222,Water use,Pressure on water resources,SDG 6.4.2. Industrial Sector Contribution to Water Stress,El Salvador,2022,0.588368247,%,E,false
226,Water use,Pressure on water resources,SDG 6.4.2. Industrial Sector Contribution to Water Stress,Equatorial Guinea,2020,0.027803522,%,E,false
226,Water use,Pressure on water resources,SDG 6.4.2. Industrial Sector Contribution to Water Stress,Equatorial Guinea,2021,0.027803522,%,E,false
226,Water use,Pressure on water resources,SDG 6.4.2. Industrial Sector Contribution to Water Stress,Equatorial Guinea,2022,0.027803522,%,E,false
232,Water use,Pressure on water resources,SDG 6.4.2. Industrial Sector Contribution to Water Stress,Eritrea,2020,0.019201229,%,I,false
232,Water use,Pressure on water resources,SDG 6.4.2. Industrial Sector Contribution to Water Stress,Eritrea,2021,0.019201229,%,I,false
232,Water use,Pressure on water resources,SDG 6.4.2. Industrial Sector Contribution to Water Stress,Eritrea,2022,0.019201229,%,I,false
233,Water use,Pressure on water resources,SDG 6.4.2. Industrial Sector Contribution to Water Stress,Estonia,2020,8.497332327,%,E,false
233,Water use,Pressure on water resources,SDG 6.4.2. Industrial Sector Contribution to Water Stress,Estonia,2021,9.98591263,%,E,false
233,Water use,Pressure on water resources,SDG 6.4.2. Industrial Sector Contribution to Water Stress,Estonia,2022,12.288728409,%,E,false
748,Water use,Pressure on water resources,SDG 6.4.2. Industrial Sector Contribution to Water Stress,Eswatini,2020,1.503267974,%,E,false
748,Water use,Pressure on water resources,SDG 6.4.2. Industrial Sector Contribution to Water Stress,Eswatini,2021,1.503267974,%,E,false
748,Water use,Pressure on water resources,SDG 6.4.2. Industrial Sector Contribution to Water Stress,Eswatini,2022,1.503267974,%,E,false
231,Water use,Pressure on water resources,SDG 6.4.2. Industrial Sector Contribution to Water Stress,Ethiopia,2020,0.156269113,%,I,false
231,Water use,Pressure on water resources,SDG 6.4.2. Industrial Sector Contribution to Water Stress,Ethiopia,2021,0.156269113,%,I,false
231,Water use,Pressure on water resources,SDG 6.4.2. Industrial Sector Contribution to Water Stress,Ethiopia,2022,0.156269113,%,I,false
150,Water use,Pressure on water resources,SDG 6.4.2. Industrial Sector Contribution to Water Stress,Europe,2020,3.640568932,%,E,true
150,Water use,Pressure on water resources,SDG 6.4.2. Industrial Sector Contribution to Water Stress,Europe,2021,3.694725576,%,E,true
150,Water use,Pressure on water resources,SDG 6.4.2. Industrial Sector Contribution to Water Stress,Europe,2022,3.653382168,%,E,true
513,Water use,Pressure on water resources,SDG 6.4.2. Industrial Sector Contribution to Water Stress,Europe and Northern America,2020,5.819326977,%,E,true
513,Water use,Pressure on water resources,SDG 6.4.2. Industrial Sector Contribution to Water Stress,Europe and Northern America,2021,5.849622745,%,E,true
513,Water use,Pressure on water resources,SDG 6.4.2. Industrial Sector Contribution to Water Stress,Europe and Northern America,2022,5.82689185,%,E,true
242,Water use,Pressure on water resources,SDG 6.4.2. Industrial Sector Contribution to Water Stress,Fiji,2020,0.033625219,%,I,false
242,Water use,Pressure on water resources,SDG 6.4.2. Industrial Sector Contribution to Water Stress,Fiji,2021,0.033625219,%,I,false
242,Water use,Pressure on water resources,SDG 6.4.2. Industrial Sector Contribution to Water Stress,Fiji,2022,0.033625219,%,I,false
246,Water use,Pressure on water resources,SDG 6.4.2. Industrial Sector Contribution to Water Stress,Finland,2020,4.06517836,%,E,false
246,Water use,Pressure on water resources,SDG 6.4.2. Industrial Sector Contribution to Water Stress,Finland,2021,3.452505838,%,E,false
246,Water use,Pressure on water resources,SDG 6.4.2. Industrial Sector Contribution to Water Stress,Finland,2022,3.301704786,%,E,false
250,Water use,Pressure on water resources,SDG 6.4.2. Industrial Sector Contribution to Water Stress,France,2020,13.895662742,%,E,false
250,Water use,Pressure on water resources,SDG 6.4.2. Industrial Sector Contribution to Water Stress,France,2021,14.568324906,%,E,false
250,Water use,Pressure on water resources,SDG 6.4.2. Industrial Sector Contribution to Water Stress,France,2022,14.568324906,%,E,false
266,Water use,Pressure on water resources,SDG 6.4.2. Industrial Sector Contribution to Water Stress,Gabon,2020,0.050902527,%,I,false
266,Water use,Pressure on water resources,SDG 6.4.2. Industrial Sector Contribution to Water Stress,Gabon,2021,0.050902527,%,I,false
266,Water use,Pressure on water resources,SDG 6.4.2. Industrial Sector Contribution to Water Stress,Gabon,2022,0.050902527,%,I,false
270,Water use,Pressure on water resources,SDG 6.4.2. Industrial Sector Contribution to Water Stress,Gambia,2020,0.46107003,%,E,false
270,Water use,Pressure on water resources,SDG 6.4.2. Industrial Sector Contribution to Water Stress,Gambia,2021,0.46107003,%,E,false
270,Water use,Pressure on water resources,SDG 6.4.2. Industrial Sector Contribution to Water Stress,Gambia,2022,0.46107003,%,E,false
268,Water use,Pressure on water resources,SDG 6.4.2. Industrial Sector Contribution to Water Stress,Georgia,2020,1.106188925,%,E,false
268,Water use,Pressure on water resources,SDG 6.4.2. Industrial Sector Contribution to Water Stress,Georgia,2021,1.058110749,%,E,false
268,Water use,Pressure on water resources,SDG 6.4.2. Industrial Sector Contribution to Water Stress,Georgia,2022,1.154592834,%,E,false
276,Water use,Pressure on water resources,SDG 6.4.2. Industrial Sector Contribution to Water Stress,Germany,2020,19.195831963,%,E,false
276,Water use,Pressure on water resources,SDG 6.4.2. Industrial Sector Contribution to Water Stress,Germany,2021,19.195831963,%,E,false
276,Water use,Pressure on water resources,SDG 6.4.2. Industrial Sector Contribution to Water Stress,Germany,2022,19.195831963,%,E,false
288,Water use,Pressure on water resources,SDG 6.4.2. Industrial Sector Contribution to Water Stress,Ghana,2020,0.409599712,%,E,false
288,Water use,Pressure on water resources,SDG 6.4.2. Industrial Sector Contribution to Water Stress,Ghana,2021,0.409599712,%,E,false
288,Water use,Pressure on water resources,SDG 6.4.2. Industrial Sector Contribution to Water Stress,Ghana,2022,0.409599712,%,E,false
300,Water use,Pressure on water resources,SDG 6.4.2. Industrial Sector Contribution to Water Stress,Greece,2020,0.663564637,%,I,false
300,Water use,Pressure on water resources,SDG 6.4.2. Industrial Sector Contribution to Water Stress,Greece,2021,0.592757435,%,E,false
300,Water use,Pressure on water resources,SDG 6.4.2. Industrial Sector Contribution to Water Stress,Greece,2022,0.564535888,%,E,false
308,Water use,Pressure on water resources,SDG 6.4.2. Industrial Sector Contribution to Water Stress,Grenada,2020,0,%,I,false
308,Water use,Pressure on water resources,SDG 6.4.2. Industrial Sector Contribution to Water Stress,Grenada,2021,0,%,I,false
308,Water use,Pressure on water resources,SDG 6.4.2. Industrial Sector Contribution to Water Stress,Grenada,2022,0,%,I,false
320,Water use,Pressure on water resources,SDG 6.4.2. Industrial Sector Contribution to Water Stress,Guatemala,2020,1.04180342,%,I,false
320,Water use,Pressure on water resources,SDG 6.4.2. Industrial Sector Contribution to Water Stress,Guatemala,2021,1.04180342,%,I,false
320,Water use,Pressure on water resources,SDG 6.4.2. Industrial Sector Contribution to Water Stress,Guatemala,2022,1.04180342,%,I,false
324,Water use,Pressure on water resources,SDG 6.4.2. Industrial Sector Contribution to Water Stress,Guinea,2020,0.092307692,%,I,false
324,Water use,Pressure on water resources,SDG 6.4.2. Industrial Sector Contribution to Water Stress,Guinea,2021,0.092307692,%,I,false
324,Water use,Pressure on water resources,SDG 6.4.2. Industrial Sector Contribution to Water Stress,Guinea,2022,0.092307692,%,I,false
624,Water use,Pressure on water resources,SDG 6.4.2. Industrial Sector Contribution to Water Stress,Guinea-Bissau,2020,0.093679712,%,E,false
624,Water use,Pressure on water resources,SDG 6.4.2. Industrial Sector Contribution to Water Stress,Guinea-Bissau,2021,0.093679712,%,E,false
624,Water use,Pressure on water resources,SDG 6.4.2. Industrial Sector Contribution to Water Stress,Guinea-Bissau,2022,0.093679712,%,E,false
328,Water use,Pressure on water resources,SDG 6.4.2. Industrial Sector Contribution to Water Stress,Guyana,2020,0.046575342,%,I,false
328,Water use,Pressure on water resources,SDG 6.4.2. Industrial Sector Contribution to Water Stress,Guyana,2021,0.046575342,%,I,false
328,Water use,Pressure on water resources,SDG 6.4.2. Industrial Sector Contribution to Water Stress,Guyana,2022,0.046575342,%,I,false
332,Water use,Pressure on water resources,SDG 6.4.2. Industrial Sector Contribution to Water Stress,Haiti,2020,0.470740262,%,I,false
332,Water use,Pressure on water resources,SDG 6.4.2. Industrial Sector Contribution to Water Stress,Haiti,2021,0.470740262,%,I,false
332,Water use,Pressure on water resources,SDG 6.4.2. Industrial Sector Contribution to Water Stress,Haiti,2022,0.470740262,%,I,false
340,Water use,Pressure on water resources,SDG 6.4.2. Industrial Sector Contribution to Water Stress,Honduras,2020,0.327831138,%,I,false
340,Water use,Pressure on water resources,SDG 6.4.2. Industrial Sector Contribution to Water Stress,Honduras,2021,0.327831138,%,I,false
340,Water use,Pressure on water resources,SDG 6.4.2. Industrial Sector Contribution to Water Stress,Honduras,2022,0.327831138,%,I,false
348,Water use,Pressure on water resources,SDG 6.4.2. Industrial Sector Contribution to Water Stress,Hungary,2020,5.773234289,%,E,false
348,Water use,Pressure on water resources,SDG 6.4.2. Industrial Sector Contribution to Water Stress,Hungary,2021,5.74726215,%,E,false
348,Water use,Pressure on water resources,SDG 6.4.2. Industrial Sector Contribution to Water Stress,Hungary,2022,6.135206713,%,E,false
352,Water use,Pressure on water resources,SDG 6.4.2. Industrial Sector Contribution to Water Stress,Iceland,2020,0.280369766,%,E,false
352,Water use,Pressure on water resources,SDG 6.4.2. Industrial Sector Contribution to Water Stress,Iceland,2021,0.280369766,%,E,false
352,Water use,Pressure on water resources,SDG 6.4.2. Industrial Sector Contribution to Water Stress,Iceland,2022,0.280369766,%,E,false
356,Water use,Pressure on water resources,SDG 6.4.2. Industrial Sector Contribution to Water Stress,India,2020,1.485368697,%,I,false
356,Water use,Pressure on water resources,SDG 6.4.2. Industrial Sector Contribution to Water Stress,India,2021,1.485368697,%,I,false
356,Water use,Pressure on water resources,SDG 6.4.2. Industrial Sector Contribution to Water Stress,India,2022,1.485368697,%,I,false
360,Water use,Pressure on water resources,SDG 6.4.2. Industrial Sector Contribution to Water Stress,Indonesia,2020,1.218487395,%,I,false
360,Water use,Pressure on water resources,SDG 6.4.2. Industrial Sector Contribution to Water Stress,Indonesia,2021,1.218487395,%,I,false
360,Water use,Pressure on water resources,SDG 6.4.2. Industrial Sector Contribution to Water Stress,Indonesia,2022,1.218487395,%,I,false
364,Water use,Pressure on water resources,SDG 6.4.2. Industrial Sector Contribution to Water Stress,Iran (Islamic Republic of),2020,0.958392169,%,I,false
364,Water use,Pressure on water resources,SDG 6.4.2. Industrial Sector Contribution to Water Stress,Iran (Islamic Republic of),2021,0.958392169,%,I,false
364,Water use,Pressure on water resources,SDG 6.4.2. Industrial Sector Contribution to Water Stress,Iran (Islamic Republic of),2022,0.958392169,%,I,false
368,Water use,Pressure on water resources,SDG 6.4.2. Industrial Sector Contribution to Water Stress,Iraq,2020,5.394423382,%,E,false
368,Water use,Pressure on water resources,SDG 6.4.2. Industrial Sector Contribution to Water Stress,Iraq,2021,6.348269715,%,E,false
368,Water use,Pressure on water resources,SDG 6.4.2. Industrial Sector Contribution to Water Stress,Iraq,2022,6.348269715,%,E,false
372,Water use,Pressure on water resources,SDG 6.4.2. Industrial Sector Contribution to Water Stress,Ireland,2020,2.492781521,%,E,false
372,Water use,Pressure on water resources,SDG 6.4.2. Industrial Sector Contribution to Water Stress,Ireland,2021,2.540904716,%,E,false
372,Water use,Pressure on water resources,SDG 6.4.2. Industrial Sector Contribution to Water Stress,Ireland,2022,2.559287777,%,E,false
376,Water use,Pressure on water resources,SDG 6.4.2. Industrial Sector Contribution to Water Stress,Israel,2020,4.80863598,%,E,false
376,Water use,Pressure on water resources,SDG 6.4.2. Industrial Sector Contribution to Water Stress,Israel,2021,5.281686364,%,E,false
376,Water use,Pressure on water resources,SDG 6.4.2. Industrial Sector Contribution to Water Stress,Israel,2022,5.21835622,%,E,false
380,Water use,Pressure on water resources,SDG 6.4.2. Industrial Sector Contribution to Water Stress,Italy,2020,6.77172313,%,E,false
380,Water use,Pressure on water resources,SDG 6.4.2. Industrial Sector Contribution to Water Stress,Italy,2021,6.771697389,%,E,false
380,Water use,Pressure on water resources,SDG 6.4.2. Industrial Sector Contribution to Water Stress,Italy,2022,6.771709672,%,E,false
388,Water use,Pressure on water resources,SDG 6.4.2. Industrial Sector Contribution to Water Stress,Jamaica,2020,0.709689708,%,E,false
388,Water use,Pressure on water resources,SDG 6.4.2. Industrial Sector Contribution to Water Stress,Jamaica,2021,1.176910406,%,E,false
388,Water use,Pressure on water resources,SDG 6.4.2. Industrial Sector Contribution to Water Stress,Jamaica,2022,1.176910406,%,E,false
392,Water use,Pressure on water resources,SDG 6.4.2. Industrial Sector Contribution to Water Stress,Japan,2020,5.977011494,%,E,false
392,Water use,Pressure on water resources,SDG 6.4.2. Industrial Sector Contribution to Water Stress,Japan,2021,5.992048001,%,E,false
392,Water use,Pressure on water resources,SDG 6.4.2. Industrial Sector Contribution to Water Stress,Japan,2022,5.992048001,%,E,false
400,Water use,Pressure on water resources,SDG 6.4.2. Industrial Sector Contribution to Water Stress,Jordan,2020,3.539907082,%,E,false
400,Water use,Pressure on water resources,SDG 6.4.2. Industrial Sector Contribution to Water Stress,Jordan,2021,3.42197426,%,E,false
400,Water use,Pressure on water resources,SDG 6.4.2. Industrial Sector Contribution to Water Stress,Jordan,2022,3.511625387,%,E,false
398,Water use,Pressure on water resources,SDG 6.4.2. Industrial Sector Contribution to Water Stress,Kazakhstan,2020,6.246092382,%,E,false
398,Water use,Pressure on water resources,SDG 6.4.2. Industrial Sector Contribution to Water Stress,Kazakhstan,2021,8.217637779,%,E,false
398,Water use,Pressure on water resources,SDG 6.4.2. Industrial Sector Contribution to Water Stress,Kazakhstan,2022,8.258605502,%,E,false
404,Water use,Pressure on water resources,SDG 6.4.2. Industrial Sector Contribution to Water Stress,Kenya,2020,2.497938994,%,I,false
404,Water use,Pressure on water resources,SDG 6.4.2. Industrial Sector Contribution to Water Stress,Kenya,2021,2.497938994,%,I,false
404,Water use,Pressure on water resources,SDG 6.4.2. Industrial Sector Contribution to Water Stress,Kenya,2022,2.497938994,%,I,false
414,Water use,Pressure on water resources,SDG 6.4.2. Industrial Sector Contribution to Water Stress,Kuwait,2020,71.77332,%,E,false
414,Water use,Pressure on water resources,SDG 6.4.2. Industrial Sector Contribution to Water Stress,Kuwait,2021,71.77332,%,E,false
414,Water use,Pressure on water resources,SDG 6.4.2. Industrial Sector Contribution to Water Stress,Kuwait,2022,71.77332,%,E,false
417,Water use,Pressure on water resources,SDG 6.4.2. Industrial Sector Contribution to Water Stress,Kyrgyzstan,2020,2.194920262,%,E,false
417,Water use,Pressure on water resources,SDG 6.4.2. Industrial Sector Contribution to Water Stress,Kyrgyzstan,2021,2.194920262,%,E,false
417,Water use,Pressure on water resources,SDG 6.4.2. Industrial Sector Contribution to Water Stress,Kyrgyzstan,2022,2.194920262,%,E,false
432,Water use,Pressure on water resources,SDG 6.4.2. Industrial Sector Contribution to Water Stress,Land Locked Developing Countries,2020,0.86057375,%,E,true
432,Water use,Pressure on water resources,SDG 6.4.2. Industrial Sector Contribution to Water Stress,Land Locked Developing Countries,2021,1.003339267,%,E,true
432,Water use,Pressure on water resources,SDG 6.4.2. Industrial Sector Contribution to Water Stress,Land Locked Developing Countries,2022,0.953778595,%,E,true
418,Water use,Pressure on water resources,SDG 6.4.2. Industrial Sector Contribution to Water Stress,Lao People's Democratic Republic,2020,0.110821382,%,E,false
418,Water use,Pressure on water resources,SDG 6.4.2. Industrial Sector Contribution to Water Stress,Lao People's Democratic Republic,2021,0.110821382,%,E,false
418,Water use,Pressure on water resources,SDG 6.4.2. Industrial Sector Contribution to Water Stress,Lao People's Democratic Republic,2022,0.110821382,%,E,false
419,Water use,Pressure on water resources,SDG 6.4.2. Industrial Sector Contribution to Water Stress,Latin America and the Caribbean,2020,0.57819967,%,E,true
419,Water use,Pressure on water resources,SDG 6.4.2. Industrial Sector Contribution to Water Stress,Latin America and the Caribbean,2021,0.552008061,%,E,true
419,Water use,Pressure on water resources,SDG 6.4.2. Industrial Sector Contribution to Water Stress,Latin America and the Caribbean,2022,0.546298984,%,E,true
428,Water use,Pressure on water resources,SDG 6.4.2. Industrial Sector Contribution to Water Stress,Latvia,2020,0.179882145,%,E,false
428,Water use,Pressure on water resources,SDG 6.4.2. Industrial Sector Contribution to Water Stress,Latvia,2021,0.201897466,%,E,false
428,Water use,Pressure on water resources,SDG 6.4.2. Industrial Sector Contribution to Water Stress,Latvia,2022,0.178497348,%,E,false
199,Water use,Pressure on water resources,SDG 6.4.2. Industrial Sector Contribution to Water Stress,Least Developed Countries,2020,0.123043095,%,E,true
199,Water use,Pressure on water resources,SDG 6.4.2. Industrial Sector Contribution to Water Stress,Least Developed Countries,2021,0.12303722,%,E,true
199,Water use,Pressure on water resources,SDG 6.4.2. Industrial Sector Contribution to Water Stress,Least Developed Countries,2022,0.123042786,%,E,true
422,Water use,Pressure on water resources,SDG 6.4.2. Industrial Sector Contribution to Water Stress,Lebanon,2020,28.757441526,%,I,false
422,Water use,Pressure on water resources,SDG 6.4.2. Industrial Sector Contribution to Water Stress,Lebanon,2021,28.757441526,%,I,false
422,Water use,Pressure on water resources,SDG 6.4.2. Industrial Sector Contribution to Water Stress,Lebanon,2022,28.757441526,%,I,false
426,Water use,Pressure on water resources,SDG 6.4.2. Industrial Sector Contribution to Water Stress,Lesotho,2020,1.171646163,%,E,false
426,Water use,Pressure on water resources,SDG 6.4.2. Industrial Sector Contribution to Water Stress,Lesotho,2021,1.171646163,%,E,false
426,Water use,Pressure on water resources,SDG 6.4.2. Industrial Sector Contribution to Water Stress,Lesotho,2022,1.171646163,%,E,false
430,Water use,Pressure on water resources,SDG 6.4.2. Industrial Sector Contribution to Water Stress,Liberia,2020,0.09673913,%,E,false
430,Water use,Pressure on water resources,SDG 6.4.2. Industrial Sector Contribution to Water Stress,Liberia,2021,0.09673913,%,E,false
430,Water use,Pressure on water resources,SDG 6.4.2. Industrial Sector Contribution to Water Stress,Liberia,2022,0.09673913,%,E,false
434,Water use,Pressure on water resources,SDG 6.4.2. Industrial Sector Contribution to Water Stress,Libya,2020,39.245283019,%,I,false
434,Water use,Pressure on water resources,SDG 6.4.2. Industrial Sector Contribution to Water Stress,Libya,2021,39.245283019,%,I,false
434,Water use,Pressure on water resources,SDG 6.4.2. Industrial Sector Contribution to Water Stress,Libya,2022,39.245283019,%,I,false
440,Water use,Pressure on water resources,SDG 6.4.2. Industrial Sector Contribution to Water Stress,Lithuania,2020,1.403604903,%,E,false
440,Water use,Pressure on water resources,SDG 6.4.2. Industrial Sector Contribution to Water Stress,Lithuania,2021,1.081759193,%,E,false
440,Water use,Pressure on water resources,SDG 6.4.2. Industrial Sector Contribution to Water Stress,Lithuania,2022,0.634174477,%,E,false
442,Water use,Pressure on water resources,SDG 6.4.2. Industrial Sector Contribution to Water Stress,Luxembourg,2020,0,%,E,false
442,Water use,Pressure on water resources,SDG 6.4.2. Industrial Sector Contribution to Water Stress,Luxembourg,2021,0.479270315,%,E,false
442,Water use,Pressure on water resources,SDG 6.4.2. Industrial Sector Contribution to Water Stress,Luxembourg,2022,0.151741294,%,E,false
450,Water use,Pressure on water resources,SDG 6.4.2. Industrial Sector Contribution to Water Stress,Madagascar,2020,0.134487815,%,E,false
450,Water use,Pressure on water resources,SDG 6.4.2. Industrial Sector Contribution to Water Stress,Madagascar,2021,0.134487815,%,E,false
450,Water use,Pressure on water resources,SDG 6.4.2. Industrial Sector Contribution to Water Stress,Madagascar,2022,0.134487815,%,E,false
454,Water use,Pressure on water resources,SDG 6.4.2. Industrial Sector Contribution to Water Stress,Malawi,2020,0.615404464,%,I,false
454,Water use,Pressure on water resources,SDG 6.4.2. Industrial Sector Contribution to Water Stress,Malawi,2021,0.615404464,%,I,false
454,Water use,Pressure on water resources,SDG 6.4.2. Industrial Sector Contribution to Water Stress,Malawi,2022,0.615404464,%,I,false
458,Water use,Pressure on water resources,SDG 6.4.2. Industrial Sector Contribution to Water Stress,Malaysia,2020,1.028461819,%,E,false
458,Water use,Pressure on water resources,SDG 6.4.2. Industrial Sector Contribution to Water Stress,Malaysia,2021,1.028461819,%,E,false
458,Water use,Pressure on water resources,SDG 6.4.2. Industrial Sector Contribution to Water Stress,Malaysia,2022,1.028461819,%,E,false
462,Water use,Pressure on water resources,SDG 6.4.2. Industrial Sector Contribution to Water Stress,Maldives,2020,0.796610169,%,I,false
462,Water use,Pressure on water resources,SDG 6.4.2. Industrial Sector Contribution to Water Stress,Maldives,2021,0.796610169,%,I,false
462,Water use,Pressure on water resources,SDG 6.4.2. Industrial Sector Contribution to Water Stress,Maldives,2022,0.796610169,%,I,false
466,Water use,Pressure on water resources,SDG 6.4.2. Industrial Sector Contribution to Water Stress,Mali,2020,0.00617284,%,I,false
466,Water use,Pressure on water resources,SDG 6.4.2. Industrial Sector Contribution to Water Stress,Mali,2021,0.00617284,%,I,false
466,Water use,Pressure on water resources,SDG 6.4.2. Industrial Sector Contribution to Water Stress,Mali,2022,0.00617284,%,I,false
470,Water use,Pressure on water resources,SDG 6.4.2. Industrial Sector Contribution to Water Stress,Malta,2020,1.293190518,%,E,false
470,Water use,Pressure on water resources,SDG 6.4.2. Industrial Sector Contribution to Water Stress,Malta,2021,1.274808101,%,E,false
470,Water use,Pressure on water resources,SDG 6.4.2. Industrial Sector Contribution to Water Stress,Malta,2022,1.173708175,%,E,false
478,Water use,Pressure on water resources,SDG 6.4.2. Industrial Sector Contribution to Water Stress,Mauritania,2020,0.31197579,%,E,false
478,Water use,Pressure on water resources,SDG 6.4.2. Industrial Sector Contribution to Water Stress,Mauritania,2021,0.31197579,%,E,false
478,Water use,Pressure on water resources,SDG 6.4.2. Industrial Sector Contribution to Water Stress,Mauritania,2022,0.31197579,%,E,false
480,Water use,Pressure on water resources,SDG 6.4.2. Industrial Sector Contribution to Water Stress,Mauritius,2020,0.32661568,%,E,false
480,Water use,Pressure on water resources,SDG 6.4.2. Industrial Sector Contribution to Water Stress,Mauritius,2021,0.326613012,%,E,false
480,Water use,Pressure on water resources,SDG 6.4.2. Industrial Sector Contribution to Water Stress,Mauritius,2022,0.362929924,%,E,false
484,Water use,Pressure on water resources,SDG 6.4.2. Industrial Sector Contribution to Water Stress,Mexico,2020,4.281610346,%,E,false
484,Water use,Pressure on water resources,SDG 6.4.2. Industrial Sector Contribution to Water Stress,Mexico,2021,4.29712524,%,E,false
484,Water use,Pressure on water resources,SDG 6.4.2. Industrial Sector Contribution to Water Stress,Mexico,2022,3.980232466,%,E,false
496,Water use,Pressure on water resources,SDG 6.4.2. Industrial Sector Contribution to Water Stress,Mongolia,2020,1.220264317,%,I,false
496,Water use,Pressure on water resources,SDG 6.4.2. Industrial Sector Contribution to Water Stress,Mongolia,2021,1.220264317,%,I,false
496,Water use,Pressure on water resources,SDG 6.4.2. Industrial Sector Contribution to Water Stress,Mongolia,2022,1.220264317,%,I,false
504,Water use,Pressure on water resources,SDG 6.4.2. Industrial Sector Contribution to Water Stress,Morocco,2020,1.031469365,%,I,false
504,Water use,Pressure on water resources,SDG 6.4.2. Industrial Sector Contribution to Water Stress,Morocco,2021,1.031469365,%,I,false
504,Water use,Pressure on water resources,SDG 6.4.2. Industrial Sector Contribution to Water Stress,Morocco,2022,1.031469365,%,I,false
508,Water use,Pressure on water resources,SDG 6.4.2. Industrial Sector Contribution to Water Stress,Mozambique,2020,0.029726516,%,I,false
508,Water use,Pressure on water resources,SDG 6.4.2. Industrial Sector Contribution to Water Stress,Mozambique,2021,0.029726516,%,I,false
508,Water use,Pressure on water resources,SDG 6.4.2. Industrial Sector Contribution to Water Stress,Mozambique,2022,0.029726516,%,I,false
104,Water use,Pressure on water resources,SDG 6.4.2. Industrial Sector Contribution to Water Stress,Myanmar,2020,0.086593203,%,E,false
104,Water use,Pressure on water resources,SDG 6.4.2. Industrial Sector Contribution to Water Stress,Myanmar,2021,0.086593203,%,E,false
104,Water use,Pressure on water resources,SDG 6.4.2. Industrial Sector Contribution to Water Stress,Myanmar,2022,0.086593203,%,E,false
516,Water use,Pressure on water resources,SDG 6.4.2. Industrial Sector Contribution to Water Stress,Namibia,2020,0.043803957,%,E,false
516,Water use,Pressure on water resources,SDG 6.4.2. Industrial Sector Contribution to Water Stress,Namibia,2021,0.045391656,%,E,false
516,Water use,Pressure on water resources,SDG 6.4.2. Industrial Sector Contribution to Water Stress,Namibia,2022,0.020826572,%,E,false
524,Water use,Pressure on water resources,SDG 6.4.2. Industrial Sector Contribution to Water Stress,Nepal,2020,0.025818309,%,E,false
524,Water use,Pressure on water resources,SDG 6.4.2. Industrial Sector Contribution to Water Stress,Nepal,2021,0.025818309,%,E,false
524,Water use,Pressure on water resources,SDG 6.4.2. Industrial Sector Contribution to Water Stress,Nepal,2022,0.025818309,%,E,false
528,Water use,Pressure on water resources,SDG 6.4.2. Industrial Sector Contribution to Water Stress,Netherlands (Kingdom of the),2020,12.025288287,%,E,false
528,Water use,Pressure on water resources,SDG 6.4.2. Industrial Sector Contribution to Water Stress,Netherlands (Kingdom of the),2021,11.735950412,%,E,false
528,Water use,Pressure on water resources,SDG 6.4.2. Industrial Sector Contribution to Water Stress,Netherlands (Kingdom of the),2022,11.702427341,%,E,false
554,Water use,Pressure on water resources,SDG 6.4.2. Industrial Sector Contribution to Water Stress,New Zealand,2020,1.924648022,%,E,false
554,Water use,Pressure on water resources,SDG 6.4.2. Industrial Sector Contribution to Water Stress,New Zealand,2021,1.927178148,%,E,false
554,Water use,Pressure on water resources,SDG 6.4.2. Industrial Sector Contribution to Water Stress,New Zealand,2022,1.929714936,%,E,false
558,Water use,Pressure on water resources,SDG 6.4.2. Industrial Sector Contribution to Water Stress,Nicaragua,2020,0.001080815,%,E,false
558,Water use,Pressure on water resources,SDG 6.4.2. Industrial Sector Contribution to Water Stress,Nicaragua,2021,0.001080815,%,E,false
558,Water use,Pressure on water resources,SDG 6.4.2. Industrial Sector Contribution to Water Stress,Nicaragua,2022,0.001080815,%,E,false
562,Water use,Pressure on water resources,SDG 6.4.2. Industrial Sector Contribution to Water Stress,Niger,2020,0.16490529,%,E,false
562,Water use,Pressure on water resources,SDG 6.4.2. Industrial Sector Contribution to Water Stress,Niger,2021,0.16490529,%,E,false
562,Water use,Pressure on water resources,SDG 6.4.2. Industrial Sector Contribution to Water Stress,Niger,2022,0.16490529,%,E,false
566,Water use,Pressure on water resources,SDG 6.4.2. Industrial Sector Contribution to Water Stress,Nigeria,2020,1.523255814,%,I,false
566,Water use,Pressure on water resources,SDG 6.4.2. Industrial Sector Contribution to Water Stress,Nigeria,2021,1.523255814,%,I,false
566,Water use,Pressure on water resources,SDG 6.4.2. Industrial Sector Contribution to Water Stress,Nigeria,2022,1.523255814,%,I,false
807,Water use,Pressure on water resources,SDG 6.4.2. Industrial Sector Contribution to Water Stress,North Macedonia,2020,0.3821394,%,E,false
807,Water use,Pressure on water resources,SDG 6.4.2. Industrial Sector Contribution to Water Stress,North Macedonia,2021,0.321636012,%,E,false
807,Water use,Pressure on water resources,SDG 6.4.2. Industrial Sector Contribution to Water Stress,North Macedonia,2022,0.763310745,%,E,false
15,Water use,Pressure on water resources,SDG 6.4.2. Industrial Sector Contribution to Water Stress,Northern Africa,2020,5.586275428,%,E,true
15,Water use,Pressure on water resources,SDG 6.4.2. Industrial Sector Contribution to Water Stress,Northern Africa,2021,5.579371895,%,E,true
15,Water use,Pressure on water resources,SDG 6.4.2. Industrial Sector Contribution to Water Stress,Northern Africa,2022,5.555386172,%,E,true
747,Water use,Pressure on water resources,SDG 6.4.2. Industrial Sector Contribution to Water Stress,Northern Africa and Western Asia,2020,4.020025234,%,E,true
747,Water use,Pressure on water resources,SDG 6.4.2. Industrial Sector Contribution to Water Stress,Northern Africa and Western Asia,2021,4.250770645,%,E,true
747,Water use,Pressure on water resources,SDG 6.4.2. Industrial Sector Contribution to Water Stress,Northern Africa and Western Asia,2022,4.222461822,%,E,true
21,Water use,Pressure on water resources,SDG 6.4.2. Industrial Sector Contribution to Water Stress,Northern America,2020,9.958112606,%,E,true
21,Water use,Pressure on water resources,SDG 6.4.2. Industrial Sector Contribution to Water Stress,Northern America,2021,9.957026113,%,E,true
21,Water use,Pressure on water resources,SDG 6.4.2. Industrial Sector Contribution to Water Stress,Northern America,2022,9.957917384,%,E,true
578,Water use,Pressure on water resources,SDG 6.4.2. Industrial Sector Contribution to Water Stress,Norway,2020,0.814318224,%,E,false
578,Water use,Pressure on water resources,SDG 6.4.2. Industrial Sector Contribution to Water Stress,Norway,2021,0.814005085,%,E,false
578,Water use,Pressure on water resources,SDG 6.4.2. Industrial Sector Contribution to Water Stress,Norway,2022,0.81401257,%,E,false
9,Water use,Pressure on water resources,SDG 6.4.2. Industrial Sector Contribution to Water Stress,Oceania,2020,0.620166663,%,E,true
9,Water use,Pressure on water resources,SDG 6.4.2. Industrial Sector Contribution to Water Stress,Oceania,2021,0.645277033,%,E,true
9,Water use,Pressure on water resources,SDG 6.4.2. Industrial Sector Contribution to Water Stress,Oceania,2022,0.640717503,%,E,true
543,Water use,Pressure on water resources,SDG 6.4.2. Industrial Sector Contribution to Water Stress,Oceania (excluding Australia and New Zealand),2020,0.057732375,%,E,true
543,Water use,Pressure on water resources,SDG 6.4.2. Industrial Sector Contribution to Water Stress,Oceania (excluding Australia and New Zealand),2021,0.057732375,%,E,true
543,Water use,Pressure on water resources,SDG 6.4.2. Industrial Sector Contribution to Water Stress,Oceania (excluding Australia and New Zealand),2022,0.057732375,%,E,true
512,Water use,Pressure on water resources,SDG 6.4.2. Industrial Sector Contribution to Water Stress,Oman,2020,14.505483029,%,E,false
512,Water use,Pressure on water resources,SDG 6.4.2. Industrial Sector Contribution to Water Stress,Oman,2021,14.505483029,%,E,false
512,Water use,Pressure on water resources,SDG 6.4.2. Industrial Sector Contribution to Water Stress,Oman,2022,14.505483029,%,E,false
586,Water use,Pressure on water resources,SDG 6.4.2. Industrial Sector Contribution to Water Stress,Pakistan,2020,0.887588157,%,E,false
586,Water use,Pressure on water resources,SDG 6.4.2. Industrial Sector Contribution to Water Stress,Pakistan,2021,0.862166965,%,E,false
586,Water use,Pressure on water resources,SDG 6.4.2. Industrial Sector Contribution to Water Stress,Pakistan,2022,0.839414297,%,E,false
275,Water use,Pressure on water resources,SDG 6.4.2. Industrial Sector Contribution to Water Stress,Palestine,2020,3.912152319,%,E,false
275,Water use,Pressure on water resources,SDG 6.4.2. Industrial Sector Contribution to Water Stress,Palestine,2021,4.248147072,%,E,false
275,Water use,Pressure on water resources,SDG 6.4.2. Industrial Sector Contribution to Water Stress,Palestine,2022,3.991197689,%,E,false
591,Water use,Pressure on water resources,SDG 6.4.2. Industrial Sector Contribution to Water Stress,Panama,2020,0.004611723,%,E,false
591,Water use,Pressure on water resources,SDG 6.4.2. Industrial Sector Contribution to Water Stress,Panama,2021,0.004611723,%,E,false
591,Water use,Pressure on water resources,SDG 6.4.2. Industrial Sector Contribution to Water Stress,Panama,2022,0.004611723,%,E,false
598,Water use,Pressure on water resources,SDG 6.4.2. Industrial Sector Contribution to Water Stress,Papua New Guinea,2020,0.056526138,%,I,false
598,Water use,Pressure on water resources,SDG 6.4.2. Industrial Sector Contribution to Water Stress,Papua New Guinea,2021,0.056526138,%,I,false
598,Water use,Pressure on water resources,SDG 6.4.2. Industrial Sector Contribution to Water Stress,Papua New Guinea,2022,0.056526138,%,I,false
600,Water use,Pressure on water resources,SDG 6.4.2. Industrial Sector Contribution to Water Stress,Paraguay,2020,0.117136989,%,E,false
600,Water use,Pressure on water resources,SDG 6.4.2. Industrial Sector Contribution to Water Stress,Paraguay,2021,0.117136989,%,E,false
600,Water use,Pressure on water resources,SDG 6.4.2. Industrial Sector Contribution to Water Stress,Paraguay,2022,0.117136989,%,E,false
604,Water use,Pressure on water resources,SDG 6.4.2. Industrial Sector Contribution to Water Stress,Peru,2020,0.653874814,%,E,false
604,Water use,Pressure on water resources,SDG 6.4.2. Industrial Sector Contribution to Water Stress,Peru,2021,0.294895678,%,E,false
604,Water use,Pressure on water resources,SDG 6.4.2. Industrial Sector Contribution to Water Stress,Peru,2022,0.310357675,%,E,false
608,Water use,Pressure on water resources,SDG 6.4.2. Industrial Sector Contribution to Water Stress,Philippines,2020,3.250875873,%,E,false
608,Water use,Pressure on water resources,SDG 6.4.2. Industrial Sector Contribution to Water Stress,Philippines,2021,3.657919306,%,E,false
608,Water use,Pressure on water resources,SDG 6.4.2. Industrial Sector Contribution to Water Stress,Philippines,2022,4.158295802,%,E,false
616,Water use,Pressure on water resources,SDG 6.4.2. Industrial Sector Contribution to Water Stress,Poland,2020,19.20653903,%,E,false
616,Water use,Pressure on water resources,SDG 6.4.2. Industrial Sector Contribution to Water Stress,Poland,2021,20.771665725,%,E,false
616,Water use,Pressure on water resources,SDG 6.4.2. Industrial Sector Contribution to Water Stress,Poland,2022,21.27535653,%,E,false
620,Water use,Pressure on water resources,SDG 6.4.2. Industrial Sector Contribution to Water Stress,Portugal,2020,3.652609042,%,E,false
620,Water use,Pressure on water resources,SDG 6.4.2. Industrial Sector Contribution to Water Stress,Portugal,2021,3.652609042,%,E,false
620,Water use,Pressure on water resources,SDG 6.4.2. Industrial Sector Contribution to Water Stress,Portugal,2022,3.652609042,%,E,false
630,Water use,Pressure on water resources,SDG 6.4.2. Industrial Sector Contribution to Water Stress,Puerto Rico,2020,14.109549285,%,I,false
630,Water use,Pressure on water resources,SDG 6.4.2. Industrial Sector Contribution to Water Stress,Puerto Rico,2021,14.109549285,%,I,false
630,Water use,Pressure on water resources,SDG 6.4.2. Industrial Sector Contribution to Water Stress,Puerto Rico,2022,14.109549285,%,I,false
634,Water use,Pressure on water resources,SDG 6.4.2. Industrial Sector Contribution to Water Stress,Qatar,2020,21.442906049,%,E,false
634,Water use,Pressure on water resources,SDG 6.4.2. Industrial Sector Contribution to Water Stress,Qatar,2021,19.01613986,%,E,false
634,Water use,Pressure on water resources,SDG 6.4.2. Industrial Sector Contribution to Water Stress,Qatar,2022,18.538855287,%,E,false
410,Water use,Pressure on water resources,SDG 6.4.2. Industrial Sector Contribution to Water Stress,Republic of Korea,2020,14.003292114,%,E,false
410,Water use,Pressure on water resources,SDG 6.4.2. Industrial Sector Contribution to Water Stress,Republic of Korea,2021,14.003292114,%,E,false
410,Water use,Pressure on water resources,SDG 6.4.2. Industrial Sector Contribution to Water Stress,Republic of Korea,2022,14.003292114,%,E,false
498,Water use,Pressure on water resources,SDG 6.4.2. Industrial Sector Contribution to Water Stress,Republic of Moldova,2020,9.15536828,%,E,false
498,Water use,Pressure on water resources,SDG 6.4.2. Industrial Sector Contribution to Water Stress,Republic of Moldova,2021,9.178314066,%,E,false
498,Water use,Pressure on water resources,SDG 6.4.2. Industrial Sector Contribution to Water Stress,Republic of Moldova,2022,9.178314066,%,E,false
642,Water use,Pressure on water resources,SDG 6.4.2. Industrial Sector Contribution to Water Stress,Romania,2020,3.780544893,%,E,false
642,Water use,Pressure on water resources,SDG 6.4.2. Industrial Sector Contribution to Water Stress,Romania,2021,3.851699279,%,E,false
642,Water use,Pressure on water resources,SDG 6.4.2. Industrial Sector Contribution to Water Stress,Romania,2022,3.688793184,%,E,false
643,Water use,Pressure on water resources,SDG 6.4.2. Industrial Sector Contribution to Water Stress,Russian Federation,2020,1.8461695,%,I,false
643,Water use,Pressure on water resources,SDG 6.4.2. Industrial Sector Contribution to Water Stress,Russian Federation,2021,1.8461695,%,I,false
643,Water use,Pressure on water resources,SDG 6.4.2. Industrial Sector Contribution to Water Stress,Russian Federation,2022,1.8461695,%,I,false
646,Water use,Pressure on water resources,SDG 6.4.2. Industrial Sector Contribution to Water Stress,Rwanda,2020,0.336364288,%,E,false
646,Water use,Pressure on water resources,SDG 6.4.2. Industrial Sector Contribution to Water Stress,Rwanda,2021,0.331125828,%,E,false
646,Water use,Pressure on water resources,SDG 6.4.2. Industrial Sector Contribution to Water Stress,Rwanda,2022,0.336084451,%,E,false
659,Water use,Pressure on water resources,SDG 6.4.2. Industrial Sector Contribution to Water Stress,Saint Kitts and Nevis,2020,0,%,I,false
659,Water use,Pressure on water resources,SDG 6.4.2. Industrial Sector Contribution to Water Stress,Saint Kitts and Nevis,2021,0,%,I,false
659,Water use,Pressure on water resources,SDG 6.4.2. Industrial Sector Contribution to Water Stress,Saint Kitts and Nevis,2022,0,%,I,false
662,Water use,Pressure on water resources,SDG 6.4.2. Industrial Sector Contribution to Water Stress,Saint Lucia,2020,0,%,I,false
662,Water use,Pressure on water resources,SDG 6.4.2. Industrial Sector Contribution to Water Stress,Saint Lucia,2021,0,%,I,false
662,Water use,Pressure on water resources,SDG 6.4.2. Industrial Sector Contribution to Water Stress,Saint Lucia,2022,0,%,I,false
670,Water use,Pressure on water resources,SDG 6.4.2. Industrial Sector Contribution to Water Stress,Saint Vincent and the Grenadines,2020,0.001858386,%,I,false
670,Water use,Pressure on water resources,SDG 6.4.2. Industrial Sector Contribution to Water Stress,Saint Vincent and the Grenadines,2021,0.001858386,%,I,false
670,Water use,Pressure on water resources,SDG 6.4.2. Industrial Sector Contribution to Water Stress,Saint Vincent and the Grenadines,2022,0.001858386,%,I,false
678,Water use,Pressure on water resources,SDG 6.4.2. Industrial Sector Contribution to Water Stress,Sao Tome and Principe,2020,0.027522936,%,I,false
678,Water use,Pressure on water resources,SDG 6.4.2. Industrial Sector Contribution to Water Stress,Sao Tome and Principe,2021,0.027522936,%,I,false
678,Water use,Pressure on water resources,SDG 6.4.2. Industrial Sector Contribution to Water Stress,Sao Tome and Principe,2022,0.027522936,%,I,false
682,Water use,Pressure on water resources,SDG 6.4.2. Industrial Sector Contribution to Water Stress,Saudi Arabia,2020,52.471273212,%,I,false
682,Water use,Pressure on water resources,SDG 6.4.2. Industrial Sector Contribution to Water Stress,Saudi Arabia,2021,52.471273212,%,I,false
682,Water use,Pressure on water resources,SDG 6.4.2. Industrial Sector Contribution to Water Stress,Saudi Arabia,2022,52.471273212,%,I,false
686,Water use,Pressure on water resources,SDG 6.4.2. Industrial Sector Contribution to Water Stress,Senegal,2020,0.007521938,%,I,false
686,Water use,Pressure on water resources,SDG 6.4.2. Industrial Sector Contribution to Water Stress,Senegal,2021,0.007521938,%,I,false
686,Water use,Pressure on water resources,SDG 6.4.2. Industrial Sector Contribution to Water Stress,Senegal,2022,0.007521938,%,I,false
688,Water use,Pressure on water resources,SDG 6.4.2. Industrial Sector Contribution to Water Stress,Serbia,2020,4.493406381,%,E,false
688,Water use,Pressure on water resources,SDG 6.4.2. Industrial Sector Contribution to Water Stress,Serbia,2021,4.205593051,%,E,false
688,Water use,Pressure on water resources,SDG 6.4.2. Industrial Sector Contribution to Water Stress,Serbia,2022,4.470866674,%,E,false
694,Water use,Pressure on water resources,SDG 6.4.2. Industrial Sector Contribution to Water Stress,Sierra Leone,2020,0.129672897,%,I,false
694,Water use,Pressure on water resources,SDG 6.4.2. Industrial Sector Contribution to Water Stress,Sierra Leone,2021,0.129672897,%,I,false
694,Water use,Pressure on water resources,SDG 6.4.2. Industrial Sector Contribution to Water Stress,Sierra Leone,2022,0.129672897,%,I,false
702,Water use,Pressure on water resources,SDG 6.4.2. Industrial Sector Contribution to Water Stress,Singapore,2020,42.3895,%,E,false
702,Water use,Pressure on water resources,SDG 6.4.2. Industrial Sector Contribution to Water Stress,Singapore,2021,28.455073777,%,E,false
702,Water use,Pressure on water resources,SDG 6.4.2. Industrial Sector Contribution to Water Stress,Singapore,2022,14.987898897,%,E,false
703,Water use,Pressure on water resources,SDG 6.4.2. Industrial Sector Contribution to Water Stress,Slovakia,2020,1,%,E,false
703,Water use,Pressure on water resources,SDG 6.4.2. Industrial Sector Contribution to Water Stress,Slovakia,2021,1.021053356,%,E,false
703,Water use,Pressure on water resources,SDG 6.4.2. Industrial Sector Contribution to Water Stress,Slovakia,2022,0.966275818,%,E,false
705,Water use,Pressure on water resources,SDG 6.4.2. Industrial Sector Contribution to Water Stress,Slovenia,2020,5.613064981,%,E,false
705,Water use,Pressure on water resources,SDG 6.4.2. Industrial Sector Contribution to Water Stress,Slovenia,2021,5.104800541,%,E,false
705,Water use,Pressure on water resources,SDG 6.4.2. Industrial Sector Contribution to Water Stress,Slovenia,2022,4.361054767,%,E,false
722,Water use,Pressure on water resources,SDG 6.4.2. Industrial Sector Contribution to Water Stress,Small Island Developing States,2020,0.644637722,%,E,true
722,Water use,Pressure on water resources,SDG 6.4.2. Industrial Sector Contribution to Water Stress,Small Island Developing States,2021,0.6392028,%,E,true
722,Water use,Pressure on water resources,SDG 6.4.2. Industrial Sector Contribution to Water Stress,Small Island Developing States,2022,0.62729594,%,E,true
706,Water use,Pressure on water resources,SDG 6.4.2. Industrial Sector Contribution to Water Stress,Somalia,2020,0.014874312,%,I,false
706,Water use,Pressure on water resources,SDG 6.4.2. Industrial Sector Contribution to Water Stress,Somalia,2021,0.014874312,%,I,false
706,Water use,Pressure on water resources,SDG 6.4.2. Industrial Sector Contribution to Water Stress,Somalia,2022,0.014874312,%,I,false
710,Water use,Pressure on water resources,SDG 6.4.2. Industrial Sector Contribution to Water Stress,South Africa,2020,13.860901902,%,E,false
710,Water use,Pressure on water resources,SDG 6.4.2. Industrial Sector Contribution to Water Stress,South Africa,2021,14.207984765,%,E,false
710,Water use,Pressure on water resources,SDG 6.4.2. Industrial Sector Contribution to Water Stress,South Africa,2022,15.654995967,%,E,false
728,Water use,Pressure on water resources,SDG 6.4.2. Industrial Sector Contribution to Water Stress,South Sudan,2020,1.445086705,%,E,false
728,Water use,Pressure on water resources,SDG 6.4.2. Industrial Sector Contribution to Water Stress,South Sudan,2021,1.445086705,%,E,false
728,Water use,Pressure on water resources,SDG 6.4.2. Industrial Sector Contribution to Water Stress,South Sudan,2022,1.445086705,%,E,false
35,Water use,Pressure on water resources,SDG 6.4.2. Industrial Sector Contribution to Water Stress,South-eastern Asia,2020,1.16029791,%,E,true
35,Water use,Pressure on water resources,SDG 6.4.2. Industrial Sector Contribution to Water Stress,South-eastern Asia,2021,1.211314363,%,E,true
35,Water use,Pressure on water resources,SDG 6.4.2. Industrial Sector Contribution to Water Stress,South-eastern Asia,2022,1.274845145,%,E,true
34,Water use,Pressure on water resources,SDG 6.4.2. Industrial Sector Contribution to Water Stress,Southern Asia,2020,1.478122674,%,E,true
34,Water use,Pressure on water resources,SDG 6.4.2. Industrial Sector Contribution to Water Stress,Southern Asia,2021,1.470167883,%,E,true
34,Water use,Pressure on water resources,SDG 6.4.2. Industrial Sector Contribution to Water Stress,Southern Asia,2022,1.463048126,%,E,true
724,Water use,Pressure on water resources,SDG 6.4.2. Industrial Sector Contribution to Water Stress,Spain,2020,8.197698682,%,E,false
724,Water use,Pressure on water resources,SDG 6.4.2. Industrial Sector Contribution to Water Stress,Spain,2021,8.197698682,%,E,false
724,Water use,Pressure on water resources,SDG 6.4.2. Industrial Sector Contribution to Water Stress,Spain,2022,8.197698682,%,E,false
144,Water use,Pressure on water resources,SDG 6.4.2. Industrial Sector Contribution to Water Stress,Sri Lanka,2020,5.827489481,%,I,false
144,Water use,Pressure on water resources,SDG 6.4.2. Industrial Sector Contribution to Water Stress,Sri Lanka,2021,5.827489481,%,I,false
144,Water use,Pressure on water resources,SDG 6.4.2. Industrial Sector Contribution to Water Stress,Sri Lanka,2022,5.827489481,%,I,false
202,Water use,Pressure on water resources,SDG 6.4.2. Industrial Sector Contribution to Water Stress,Sub-Saharan Africa,2020,0.517004144,%,E,true
202,Water use,Pressure on water resources,SDG 6.4.2. Industrial Sector Contribution to Water Stress,Sub-Saharan Africa,2021,0.522171323,%,E,true
202,Water use,Pressure on water resources,SDG 6.4.2. Industrial Sector Contribution to Water Stress,Sub-Saharan Africa,2022,0.547852724,%,E,true
729,Water use,Pressure on water resources,SDG 6.4.2. Industrial Sector Contribution to Water Stress,Sudan,2020,0.330396476,%,E,false
729,Water use,Pressure on water resources,SDG 6.4.2. Industrial Sector Contribution to Water Stress,Sudan,2021,0.330396476,%,E,false
729,Water use,Pressure on water resources,SDG 6.4.2. Industrial Sector Contribution to Water Stress,Sudan,2022,0.330396476,%,E,false
740,Water use,Pressure on water resources,SDG 6.4.2. Industrial Sector Contribution to Water Stress,Suriname,2020,0.869146889,%,I,false
740,Water use,Pressure on water resources,SDG 6.4.2. Industrial Sector Contribution to Water Stress,Suriname,2021,0.869146889,%,I,false
740,Water use,Pressure on water resources,SDG 6.4.2. Industrial Sector Contribution to Water Stress,Suriname,2022,0.869146889,%,I,false
752,Water use,Pressure on water resources,SDG 6.4.2. Industrial Sector Contribution to Water Stress,Sweden,2020,1.827546805,%,E,false
752,Water use,Pressure on water resources,SDG 6.4.2. Industrial Sector Contribution to Water Stress,Sweden,2021,2.19517711,%,E,false
752,Water use,Pressure on water resources,SDG 6.4.2. Industrial Sector Contribution to Water Stress,Sweden,2022,2.19517711,%,E,false
756,Water use,Pressure on water resources,SDG 6.4.2. Industrial Sector Contribution to Water Stress,Switzerland,2020,2.39798751,%,E,false
756,Water use,Pressure on water resources,SDG 6.4.2. Industrial Sector Contribution to Water Stress,Switzerland,2021,2.432906946,%,E,false
756,Water use,Pressure on water resources,SDG 6.4.2. Industrial Sector Contribution to Water Stress,Switzerland,2022,2.410442431,%,E,false
760,Water use,Pressure on water resources,SDG 6.4.2. Industrial Sector Contribution to Water Stress,Syrian Arab Republic,2020,4.566193497,%,E,false
760,Water use,Pressure on water resources,SDG 6.4.2. Industrial Sector Contribution to Water Stress,Syrian Arab Republic,2021,4.566193497,%,E,false
760,Water use,Pressure on water resources,SDG 6.4.2. Industrial Sector Contribution to Water Stress,Syrian Arab Republic,2022,4.566193497,%,E,false
762,Water use,Pressure on water resources,SDG 6.4.2. Industrial Sector Contribution to Water Stress,Tajikistan,2020,11.374611666,%,E,false
762,Water use,Pressure on water resources,SDG 6.4.2. Industrial Sector Contribution to Water Stress,Tajikistan,2021,11.374611666,%,E,false
762,Water use,Pressure on water resources,SDG 6.4.2. Industrial Sector Contribution to Water Stress,Tajikistan,2022,11.374611666,%,E,false
764,Water use,Pressure on water resources,SDG 6.4.2. Industrial Sector Contribution to Water Stress,Thailand,2020,1.115235717,%,I,false
764,Water use,Pressure on water resources,SDG 6.4.2. Industrial Sector Contribution to Water Stress,Thailand,2021,1.115235717,%,I,false
764,Water use,Pressure on water resources,SDG 6.4.2. Industrial Sector Contribution to Water Stress,Thailand,2022,1.115235717,%,I,false
626,Water use,Pressure on water resources,SDG 6.4.2. Industrial Sector Contribution to Water Stress,Timor-Leste,2020,0.048239267,%,I,false
626,Water use,Pressure on water resources,SDG 6.4.2. Industrial Sector Contribution to Water Stress,Timor-Leste,2021,0.048239267,%,I,false
626,Water use,Pressure on water resources,SDG 6.4.2. Industrial Sector Contribution to Water Stress,Timor-Leste,2022,0.048239267,%,I,false
768,Water use,Pressure on water resources,SDG 6.4.2. Industrial Sector Contribution to Water Stress,Togo,2020,0.095817491,%,E,false
768,Water use,Pressure on water resources,SDG 6.4.2. Industrial Sector Contribution to Water Stress,Togo,2021,0.095817491,%,E,false
768,Water use,Pressure on water resources,SDG 6.4.2. Industrial Sector Contribution to Water Stress,Togo,2022,0.095817491,%,E,false
780,Water use,Pressure on water resources,SDG 6.4.2. Industrial Sector Contribution to Water Stress,Trinidad and Tobago,2020,6.837378482,%,I,false
780,Water use,Pressure on water resources,SDG 6.4.2. Industrial Sector Contribution to Water Stress,Trinidad and Tobago,2021,6.837378482,%,I,false
780,Water use,Pressure on water resources,SDG 6.4.2. Industrial Sector Contribution to Water Stress,Trinidad and Tobago,2022,6.837378482,%,I,false
788,Water use,Pressure on water resources,SDG 6.4.2. Industrial Sector Contribution to Water Stress,Tunisia,2020,1.692930649,%,E,false
788,Water use,Pressure on water resources,SDG 6.4.2. Industrial Sector Contribution to Water Stress,Tunisia,2021,1.692930649,%,E,false
788,Water use,Pressure on water resources,SDG 6.4.2. Industrial Sector Contribution to Water Stress,Tunisia,2022,1.692930649,%,E,false
795,Water use,Pressure on water resources,SDG 6.4.2. Industrial Sector Contribution to Water Stress,Turkmenistan,2020,4.156489554,%,E,false
795,Water use,Pressure on water resources,SDG 6.4.2. Industrial Sector Contribution to Water Stress,Turkmenistan,2021,6.276563073,%,E,false
795,Water use,Pressure on water resources,SDG 6.4.2. Industrial Sector Contribution to Water Stress,Turkmenistan,2022,6.276563073,%,E,false
792,Water use,Pressure on water resources,SDG 6.4.2. Industrial Sector Contribution to Water Stress,Türkiye,2020,0.868206234,%,E,false
792,Water use,Pressure on water resources,SDG 6.4.2. Industrial Sector Contribution to Water Stress,Türkiye,2021,0.994430461,%,E,false
792,Water use,Pressure on water resources,SDG 6.4.2. Industrial Sector Contribution to Water Stress,Türkiye,2022,0.961711248,%,E,false
800,Water use,Pressure on water resources,SDG 6.4.2. Industrial Sector Contribution to Water Stress,Uganda,2020,0.457456542,%,I,false
800,Water use,Pressure on water resources,SDG 6.4.2. Industrial Sector Contribution to Water Stress,Uganda,2021,0.457456542,%,I,false
800,Water use,Pressure on water resources,SDG 6.4.2. Industrial Sector Contribution to Water Stress,Uganda,2022,0.457456542,%,I,false
804,Water use,Pressure on water resources,SDG 6.4.2. Industrial Sector Contribution to Water Stress,Ukraine,2020,5.126438978,%,E,false
804,Water use,Pressure on water resources,SDG 6.4.2. Industrial Sector Contribution to Water Stress,Ukraine,2021,4.602588411,%,E,false
804,Water use,Pressure on water resources,SDG 6.4.2. Industrial Sector Contribution to Water Stress,Ukraine,2022,2.824343169,%,E,false
784,Water use,Pressure on water resources,SDG 6.4.2. Industrial Sector Contribution to Water Stress,United Arab Emirates,2020,11.790333403,%,E,false
784,Water use,Pressure on water resources,SDG 6.4.2. Industrial Sector Contribution to Water Stress,United Arab Emirates,2021,11.576600126,%,E,false
784,Water use,Pressure on water resources,SDG 6.4.2. Industrial Sector Contribution to Water Stress,United Arab Emirates,2022,17.237757122,%,E,false
826,Water use,Pressure on water resources,SDG 6.4.2. Industrial Sector Contribution to Water Stress,United Kingdom of Great Britain and Northern Ireland,2020,1.721875614,%,I,false
826,Water use,Pressure on water resources,SDG 6.4.2. Industrial Sector Contribution to Water Stress,United Kingdom of Great Britain and Northern Ireland,2021,1.721875614,%,I,false
826,Water use,Pressure on water resources,SDG 6.4.2. Industrial Sector Contribution to Water Stress,United Kingdom of Great Britain and Northern Ireland,2022,1.721875614,%,I,false
834,Water use,Pressure on water resources,SDG 6.4.2. Industrial Sector Contribution to Water Stress,United Republic of Tanzania,2020,0.062515629,%,I,false
834,Water use,Pressure on water resources,SDG 6.4.2. Industrial Sector Contribution to Water Stress,United Republic of Tanzania,2021,0.062515629,%,I,false
834,Water use,Pressure on water resources,SDG 6.4.2. Industrial Sector Contribution to Water Stress,United Republic of Tanzania,2022,0.062515629,%,I,false
840,Water use,Pressure on water resources,SDG 6.4.2. Industrial Sector Contribution to Water Stress,United States of America,2020,13.288973384,%,I,false
840,Water use,Pressure on water resources,SDG 6.4.2. Industrial Sector Contribution to Water Stress,United States of America,2021,13.288973384,%,I,false
840,Water use,Pressure on water resources,SDG 6.4.2. Industrial Sector Contribution to Water Stress,United States of America,2022,13.288973384,%,I,false
858,Water use,Pressure on water resources,SDG 6.4.2. Industrial Sector Contribution to Water Stress,Uruguay,2020,1.476852722,%,E,false
858,Water use,Pressure on water resources,SDG 6.4.2. Industrial Sector Contribution to Water Stress,Uruguay,2021,1.47480554,%,E,false
858,Water use,Pressure on water resources,SDG 6.4.2. Industrial Sector Contribution to Water Stress,Uruguay,2022,1.614173717,%,E,false
860,Water use,Pressure on water resources,SDG 6.4.2. Industrial Sector Contribution to Water Stress,Uzbekistan,2020,5.031218712,%,E,false
860,Water use,Pressure on water resources,SDG 6.4.2. Industrial Sector Contribution to Water Stress,Uzbekistan,2021,5.02028128,%,E,false
860,Water use,Pressure on water resources,SDG 6.4.2. Industrial Sector Contribution to Water Stress,Uzbekistan,2022,3.317619537,%,E,false
862,Water use,Pressure on water resources,SDG 6.4.2. Industrial Sector Contribution to Water Stress,Venezuela (Bolivarian Republic of),2020,0.264372561,%,E,false
862,Water use,Pressure on water resources,SDG 6.4.2. Industrial Sector Contribution to Water Stress,Venezuela (Bolivarian Republic of),2021,0.264372561,%,E,false
862,Water use,Pressure on water resources,SDG 6.4.2. Industrial Sector Contribution to Water Stress,Venezuela (Bolivarian Republic of),2022,0.264372561,%,E,false
704,Water use,Pressure on water resources,SDG 6.4.2. Industrial Sector Contribution to Water Stress,Viet Nam,2020,0.679417158,%,I,false
704,Water use,Pressure on water resources,SDG 6.4.2. Industrial Sector Contribution to Water Stress,Viet Nam,2021,0.679417158,%,I,false
704,Water use,Pressure on water resources,SDG 6.4.2. Industrial Sector Contribution to Water Stress,Viet Nam,2022,0.679417158,%,I,false
145,Water use,Pressure on water resources,SDG 6.4.2. Industrial Sector Contribution to Water Stress,Western Asia,2020,3.36588003,%,E,true
145,Water use,Pressure on water resources,SDG 6.4.2. Industrial Sector Contribution to Water Stress,Western Asia,2021,3.692889209,%,E,true
145,Water use,Pressure on water resources,SDG 6.4.2. Industrial Sector Contribution to Water Stress,Western Asia,2022,3.657947571,%,E,true
1,Water use,Pressure on water resources,SDG 6.4.2. Industrial Sector Contribution to Water Stress,World,2020,2.745430178,%,E,true
1,Water use,Pressure on water resources,SDG 6.4.2. Industrial Sector Contribution to Water Stress,World,2021,2.766261894,%,E,true
1,Water use,Pressure on water resources,SDG 6.4.2. Industrial Sector Contribution to Water Stress,World,2022,2.758454717,%,E,true
887,Water use,Pressure on water resources,SDG 6.4.2. Industrial Sector Contribution to Water Stress,Yemen,2020,3.095238095,%,I,false
887,Water use,Pressure on water resources,SDG 6.4.2. Industrial Sector Contribution to Water Stress,Yemen,2021,3.095238095,%,I,false
887,Water use,Pressure on water resources,SDG 6.4.2. Industrial Sector Contribution to Water Stress,Yemen,2022,3.095238095,%,I,false
894,Water use,Pressure on water resources,SDG 6.4.2. Industrial Sector Contribution to Water Stress,Zambia,2020,0.234487734,%,E,false
894,Water use,Pressure on water resources,SDG 6.4.2. Industrial Sector Contribution to Water Stress,Zambia,2021,0.234487734,%,E,false
894,Water use,Pressure on water resources,SDG 6.4.2. Industrial Sector Contribution to Water Stress,Zambia,2022,0.234487734,%,E,false
716,Water use,Pressure on water resources,SDG 6.4.2. Industrial Sector Contribution to Water Stress,Zimbabwe,2020,0.763725122,%,I,false
716,Water use,Pressure on water resources,SDG 6.4.2. Industrial Sector Contribution to Water Stress,Zimbabwe,2021,0.763725122,%,I,false
716,Water use,Pressure on water resources,SDG 6.4.2. Industrial Sector Contribution to Water Stress,Zimbabwe,2022,0.763725122,%,I,false
4,Water use,Pressure on water resources,SDG 6.4.2. Municipal Sector Contribution to Water Stress,Afghanistan,2020,0.546685929,%,E,false
4,Water use,Pressure on water resources,SDG 6.4.2. Municipal Sector Contribution to Water Stress,Afghanistan,2021,0.546685929,%,E,false
4,Water use,Pressure on water resources,SDG 6.4.2. Municipal Sector Contribution to Water Stress,Afghanistan,2022,0.546685929,%,E,false
8,Water use,Pressure on water resources,SDG 6.4.2. Municipal Sector Contribution to Water Stress,Albania,2020,1.352163461,%,E,false
8,Water use,Pressure on water resources,SDG 6.4.2. Municipal Sector Contribution to Water Stress,Albania,2021,1.334134615,%,E,false
8,Water use,Pressure on water resources,SDG 6.4.2. Municipal Sector Contribution to Water Stress,Albania,2022,1.328125,%,E,false
12,Water use,Pressure on water resources,SDG 6.4.2. Municipal Sector Contribution to Water Stress,Algeria,2020,48.402446128,%,E,false
12,Water use,Pressure on water resources,SDG 6.4.2. Municipal Sector Contribution to Water Stress,Algeria,2021,43.458184945,%,E,false
12,Water use,Pressure on water resources,SDG 6.4.2. Municipal Sector Contribution to Water Stress,Algeria,2022,44.774923569,%,E,false
24,Water use,Pressure on water resources,SDG 6.4.2. Municipal Sector Contribution to Water Stress,Angola,2020,0.847360032,%,I,false
24,Water use,Pressure on water resources,SDG 6.4.2. Municipal Sector Contribution to Water Stress,Angola,2021,0.847360032,%,I,false
24,Water use,Pressure on water resources,SDG 6.4.2. Municipal Sector Contribution to Water Stress,Angola,2022,0.847360032,%,I,false
28,Water use,Pressure on water resources,SDG 6.4.2. Municipal Sector Contribution to Water Stress,Antigua and Barbuda,2020,5.297658863,%,I,false
28,Water use,Pressure on water resources,SDG 6.4.2. Municipal Sector Contribution to Water Stress,Antigua and Barbuda,2021,5.297658863,%,I,false
28,Water use,Pressure on water resources,SDG 6.4.2. Municipal Sector Contribution to Water Stress,Antigua and Barbuda,2022,5.297658863,%,I,false
32,Water use,Pressure on water resources,SDG 6.4.2. Municipal Sector Contribution to Water Stress,Argentina,2020,1.619149943,%,I,false
32,Water use,Pressure on water resources,SDG 6.4.2. Municipal Sector Contribution to Water Stress,Argentina,2021,1.619149943,%,I,false
32,Water use,Pressure on water resources,SDG 6.4.2. Municipal Sector Contribution to Water Stress,Argentina,2022,1.619149943,%,I,false
51,Water use,Pressure on water resources,SDG 6.4.2. Municipal Sector Contribution to Water Stress,Armenia,2020,13.177946815,%,E,false
51,Water use,Pressure on water resources,SDG 6.4.2. Municipal Sector Contribution to Water Stress,Armenia,2021,12.124268711,%,E,false
51,Water use,Pressure on water resources,SDG 6.4.2. Municipal Sector Contribution to Water Stress,Armenia,2022,10.934032681,%,E,false
36,Water use,Pressure on water resources,SDG 6.4.2. Municipal Sector Contribution to Water Stress,Australia,2020,0.526253915,%,E,false
36,Water use,Pressure on water resources,SDG 6.4.2. Municipal Sector Contribution to Water Stress,Australia,2021,0.640342594,%,E,false
36,Water use,Pressure on water resources,SDG 6.4.2. Municipal Sector Contribution to Water Stress,Australia,2022,0.678641909,%,E,false
53,Water use,Pressure on water resources,SDG 6.4.2. Municipal Sector Contribution to Water Stress,Australia and New Zealand,2020,0.724425891,%,E,true
53,Water use,Pressure on water resources,SDG 6.4.2. Municipal Sector Contribution to Water Stress,Australia and New Zealand,2021,0.784443386,%,E,true
53,Water use,Pressure on water resources,SDG 6.4.2. Municipal Sector Contribution to Water Stress,Australia and New Zealand,2022,0.810314377,%,E,true
40,Water use,Pressure on water resources,SDG 6.4.2. Municipal Sector Contribution to Water Stress,Austria,2020,1.323176125,%,E,false
40,Water use,Pressure on water resources,SDG 6.4.2. Municipal Sector Contribution to Water Stress,Austria,2021,0.12450489,%,E,false
40,Water use,Pressure on water resources,SDG 6.4.2. Municipal Sector Contribution to Water Stress,Austria,2022,0.125877034,%,E,false
31,Water use,Pressure on water resources,SDG 6.4.2. Municipal Sector Contribution to Water Stress,Azerbaijan,2020,1.90314643,%,E,false
31,Water use,Pressure on water resources,SDG 6.4.2. Municipal Sector Contribution to Water Stress,Azerbaijan,2021,1.801702783,%,E,false
31,Water use,Pressure on water resources,SDG 6.4.2. Municipal Sector Contribution to Water Stress,Azerbaijan,2022,1.809919459,%,E,false
48,Water use,Pressure on water resources,SDG 6.4.2. Municipal Sector Contribution to Water Stress,Bahrain,2020,84.82877691,%,I,false
48,Water use,Pressure on water resources,SDG 6.4.2. Municipal Sector Contribution to Water Stress,Bahrain,2021,84.82877691,%,I,false
48,Water use,Pressure on water resources,SDG 6.4.2. Municipal Sector Contribution to Water Stress,Bahrain,2022,84.82877691,%,I,false
50,Water use,Pressure on water resources,SDG 6.4.2. Municipal Sector Contribution to Water Stress,Bangladesh,2020,0.5744082,%,I,false
50,Water use,Pressure on water resources,SDG 6.4.2. Municipal Sector Contribution to Water Stress,Bangladesh,2021,0.5744082,%,I,false
50,Water use,Pressure on water resources,SDG 6.4.2. Municipal Sector Contribution to Water Stress,Bangladesh,2022,0.5744082,%,I,false
52,Water use,Pressure on water resources,SDG 6.4.2. Municipal Sector Contribution to Water Stress,Barbados,2020,21.604938272,%,I,false
52,Water use,Pressure on water resources,SDG 6.4.2. Municipal Sector Contribution to Water Stress,Barbados,2021,21.604938272,%,I,false
52,Water use,Pressure on water resources,SDG 6.4.2. Municipal Sector Contribution to Water Stress,Barbados,2022,21.604938272,%,I,false
112,Water use,Pressure on water resources,SDG 6.4.2. Municipal Sector Contribution to Water Stress,Belarus,2020,1.808130875,%,E,false
112,Water use,Pressure on water resources,SDG 6.4.2. Municipal Sector Contribution to Water Stress,Belarus,2021,1.974291364,%,E,false
112,Water use,Pressure on water resources,SDG 6.4.2. Municipal Sector Contribution to Water Stress,Belarus,2022,1.977587343,%,E,false
56,Water use,Pressure on water resources,SDG 6.4.2. Municipal Sector Contribution to Water Stress,Belgium,2020,10.969980682,%,E,false
56,Water use,Pressure on water resources,SDG 6.4.2. Municipal Sector Contribution to Water Stress,Belgium,2021,10.631505335,%,E,false
56,Water use,Pressure on water resources,SDG 6.4.2. Municipal Sector Contribution to Water Stress,Belgium,2022,7.943952231,%,E,false
84,Water use,Pressure on water resources,SDG 6.4.2. Municipal Sector Contribution to Water Stress,Belize,2020,0.142251061,%,E,false
84,Water use,Pressure on water resources,SDG 6.4.2. Municipal Sector Contribution to Water Stress,Belize,2021,0.142251061,%,E,false
84,Water use,Pressure on water resources,SDG 6.4.2. Municipal Sector Contribution to Water Stress,Belize,2022,0.142251061,%,E,false
204,Water use,Pressure on water resources,SDG 6.4.2. Municipal Sector Contribution to Water Stress,Benin,2020,0.604317746,%,E,false
204,Water use,Pressure on water resources,SDG 6.4.2. Municipal Sector Contribution to Water Stress,Benin,2021,0.604317746,%,E,false
204,Water use,Pressure on water resources,SDG 6.4.2. Municipal Sector Contribution to Water Stress,Benin,2022,0.604317746,%,E,false
64,Water use,Pressure on water resources,SDG 6.4.2. Municipal Sector Contribution to Water Stress,Bhutan,2020,0.071108663,%,I,false
64,Water use,Pressure on water resources,SDG 6.4.2. Municipal Sector Contribution to Water Stress,Bhutan,2021,0.071108663,%,I,false
64,Water use,Pressure on water resources,SDG 6.4.2. Municipal Sector Contribution to Water Stress,Bhutan,2022,0.071108663,%,I,false
68,Water use,Pressure on water resources,SDG 6.4.2. Municipal Sector Contribution to Water Stress,Bolivia (Plurinational State of),2020,0.144950333,%,E,false
68,Water use,Pressure on water resources,SDG 6.4.2. Municipal Sector Contribution to Water Stress,Bolivia (Plurinational State of),2021,0.142564867,%,E,false
68,Water use,Pressure on water resources,SDG 6.4.2. Municipal Sector Contribution to Water Stress,Bolivia (Plurinational State of),2022,0.023282393,%,E,false
72,Water use,Pressure on water resources,SDG 6.4.2. Municipal Sector Contribution to Water Stress,Botswana,2020,1.141915717,%,E,false
72,Water use,Pressure on water resources,SDG 6.4.2. Municipal Sector Contribution to Water Stress,Botswana,2021,1.339241201,%,E,false
72,Water use,Pressure on water resources,SDG 6.4.2. Municipal Sector Contribution to Water Stress,Botswana,2022,1.352198797,%,E,false
76,Water use,Pressure on water resources,SDG 6.4.2. Municipal Sector Contribution to Water Stress,Brazil,2020,0.355235654,%,E,false
76,Water use,Pressure on water resources,SDG 6.4.2. Municipal Sector Contribution to Water Stress,Brazil,2021,0.357992074,%,E,false
76,Water use,Pressure on water resources,SDG 6.4.2. Municipal Sector Contribution to Water Stress,Brazil,2022,0.361008366,%,E,false
96,Water use,Pressure on water resources,SDG 6.4.2. Municipal Sector Contribution to Water Stress,Brunei Darussalam,2020,5.708364732,%,E,false
96,Water use,Pressure on water resources,SDG 6.4.2. Municipal Sector Contribution to Water Stress,Brunei Darussalam,2021,5.708364732,%,E,false
96,Water use,Pressure on water resources,SDG 6.4.2. Municipal Sector Contribution to Water Stress,Brunei Darussalam,2022,5.708364732,%,E,false
100,Water use,Pressure on water resources,SDG 6.4.2. Municipal Sector Contribution to Water Stress,Bulgaria,2020,6.19410156,%,E,false
100,Water use,Pressure on water resources,SDG 6.4.2. Municipal Sector Contribution to Water Stress,Bulgaria,2021,6.164535442,%,E,false
100,Water use,Pressure on water resources,SDG 6.4.2. Municipal Sector Contribution to Water Stress,Bulgaria,2022,6.19410156,%,E,false
854,Water use,Pressure on water resources,SDG 6.4.2. Municipal Sector Contribution to Water Stress,Burkina Faso,2020,3.59082218,%,I,false
854,Water use,Pressure on water resources,SDG 6.4.2. Municipal Sector Contribution to Water Stress,Burkina Faso,2021,3.59082218,%,I,false
854,Water use,Pressure on water resources,SDG 6.4.2. Municipal Sector Contribution to Water Stress,Burkina Faso,2022,3.59082218,%,I,false
108,Water use,Pressure on water resources,SDG 6.4.2. Municipal Sector Contribution to Water Stress,Burundi,2020,1.568413392,%,E,false
108,Water use,Pressure on water resources,SDG 6.4.2. Municipal Sector Contribution to Water Stress,Burundi,2021,1.568413392,%,E,false
108,Water use,Pressure on water resources,SDG 6.4.2. Municipal Sector Contribution to Water Stress,Burundi,2022,1.568413392,%,E,false
132,Water use,Pressure on water resources,SDG 6.4.2. Municipal Sector Contribution to Water Stress,Cabo Verde,2020,41.066868579,%,E,false
132,Water use,Pressure on water resources,SDG 6.4.2. Municipal Sector Contribution to Water Stress,Cabo Verde,2021,31.604236915,%,E,false
132,Water use,Pressure on water resources,SDG 6.4.2. Municipal Sector Contribution to Water Stress,Cabo Verde,2022,35.147252001,%,E,false
116,Water use,Pressure on water resources,SDG 6.4.2. Municipal Sector Contribution to Water Stress,Cambodia,2020,0.046511628,%,I,false
116,Water use,Pressure on water resources,SDG 6.4.2. Municipal Sector Contribution to Water Stress,Cambodia,2021,0.046511628,%,I,false
116,Water use,Pressure on water resources,SDG 6.4.2. Municipal Sector Contribution to Water Stress,Cambodia,2022,0.046511628,%,I,false
120,Water use,Pressure on water resources,SDG 6.4.2. Municipal Sector Contribution to Water Stress,Cameroon,2020,0.353835125,%,E,false
120,Water use,Pressure on water resources,SDG 6.4.2. Municipal Sector Contribution to Water Stress,Cameroon,2021,0.353835125,%,E,false
120,Water use,Pressure on water resources,SDG 6.4.2. Municipal Sector Contribution to Water Stress,Cameroon,2022,0.353835125,%,E,false
124,Water use,Pressure on water resources,SDG 6.4.2. Municipal Sector Contribution to Water Stress,Canada,2020,0.505238318,%,E,false
124,Water use,Pressure on water resources,SDG 6.4.2. Municipal Sector Contribution to Water Stress,Canada,2021,0.501441813,%,E,false
124,Water use,Pressure on water resources,SDG 6.4.2. Municipal Sector Contribution to Water Stress,Canada,2022,0.502039346,%,E,false
140,Water use,Pressure on water resources,SDG 6.4.2. Municipal Sector Contribution to Water Stress,Central African Republic,2020,0.278240741,%,I,false
140,Water use,Pressure on water resources,SDG 6.4.2. Municipal Sector Contribution to Water Stress,Central African Republic,2021,0.278240741,%,I,false
140,Water use,Pressure on water resources,SDG 6.4.2. Municipal Sector Contribution to Water Stress,Central African Republic,2022,0.278240741,%,I,false
143,Water use,Pressure on water resources,SDG 6.4.2. Municipal Sector Contribution to Water Stress,Central Asia,2020,5.425148424,%,E,true
143,Water use,Pressure on water resources,SDG 6.4.2. Municipal Sector Contribution to Water Stress,Central Asia,2021,5.262817589,%,E,true
143,Water use,Pressure on water resources,SDG 6.4.2. Municipal Sector Contribution to Water Stress,Central Asia,2022,5.885366494,%,E,true
62,Water use,Pressure on water resources,SDG 6.4.2. Municipal Sector Contribution to Water Stress,Central and Southern Asia,2020,4.871937739,%,E,true
62,Water use,Pressure on water resources,SDG 6.4.2. Municipal Sector Contribution to Water Stress,Central and Southern Asia,2021,4.827580345,%,E,true
62,Water use,Pressure on water resources,SDG 6.4.2. Municipal Sector Contribution to Water Stress,Central and Southern Asia,2022,4.860046606,%,E,true
148,Water use,Pressure on water resources,SDG 6.4.2. Municipal Sector Contribution to Water Stress,Chad,2020,0.506347656,%,I,false
148,Water use,Pressure on water resources,SDG 6.4.2. Municipal Sector Contribution to Water Stress,Chad,2021,0.506347656,%,I,false
148,Water use,Pressure on water resources,SDG 6.4.2. Municipal Sector Contribution to Water Stress,Chad,2022,0.506347656,%,I,false
152,Water use,Pressure on water resources,SDG 6.4.2. Municipal Sector Contribution to Water Stress,Chile,2020,0.357952926,%,E,false
152,Water use,Pressure on water resources,SDG 6.4.2. Municipal Sector Contribution to Water Stress,Chile,2021,0.357952926,%,E,false
152,Water use,Pressure on water resources,SDG 6.4.2. Municipal Sector Contribution to Water Stress,Chile,2022,0.357952926,%,E,false
156,Water use,Pressure on water resources,SDG 6.4.2. Municipal Sector Contribution to Water Stress,China,2020,8.357417218,%,E,false
156,Water use,Pressure on water resources,SDG 6.4.2. Municipal Sector Contribution to Water Stress,China,2021,8.357417218,%,E,false
156,Water use,Pressure on water resources,SDG 6.4.2. Municipal Sector Contribution to Water Stress,China,2022,8.357417218,%,E,false
170,Water use,Pressure on water resources,SDG 6.4.2. Municipal Sector Contribution to Water Stress,Colombia,2020,0.481137009,%,E,false
170,Water use,Pressure on water resources,SDG 6.4.2. Municipal Sector Contribution to Water Stress,Colombia,2021,0.473959103,%,E,false
170,Water use,Pressure on water resources,SDG 6.4.2. Municipal Sector Contribution to Water Stress,Colombia,2022,0.496766675,%,E,false
174,Water use,Pressure on water resources,SDG 6.4.2. Municipal Sector Contribution to Water Stress,Comoros,2020,0.4,%,I,false
174,Water use,Pressure on water resources,SDG 6.4.2. Municipal Sector Contribution to Water Stress,Comoros,2021,0.4,%,I,false
174,Water use,Pressure on water resources,SDG 6.4.2. Municipal Sector Contribution to Water Stress,Comoros,2022,0.4,%,I,false
178,Water use,Pressure on water resources,SDG 6.4.2. Municipal Sector Contribution to Water Stress,Congo,2020,0.019093079,%,I,false
178,Water use,Pressure on water resources,SDG 6.4.2. Municipal Sector Contribution to Water Stress,Congo,2021,0.019093079,%,I,false
178,Water use,Pressure on water resources,SDG 6.4.2. Municipal Sector Contribution to Water Stress,Congo,2022,0.019093079,%,I,false
188,Water use,Pressure on water resources,SDG 6.4.2. Municipal Sector Contribution to Water Stress,Costa Rica,2020,1.41334427,%,E,false
188,Water use,Pressure on water resources,SDG 6.4.2. Municipal Sector Contribution to Water Stress,Costa Rica,2021,1.891806029,%,E,false
188,Water use,Pressure on water resources,SDG 6.4.2. Municipal Sector Contribution to Water Stress,Costa Rica,2022,1.891806029,%,E,false
191,Water use,Pressure on water resources,SDG 6.4.2. Municipal Sector Contribution to Water Stress,Croatia,2020,0.62860061,%,E,false
191,Water use,Pressure on water resources,SDG 6.4.2. Municipal Sector Contribution to Water Stress,Croatia,2021,0.649212913,%,E,false
191,Water use,Pressure on water resources,SDG 6.4.2. Municipal Sector Contribution to Water Stress,Croatia,2022,0.690891052,%,E,false
192,Water use,Pressure on water resources,SDG 6.4.2. Municipal Sector Contribution to Water Stress,Cuba,2020,5.848118741,%,I,false
192,Water use,Pressure on water resources,SDG 6.4.2. Municipal Sector Contribution to Water Stress,Cuba,2021,5.848118741,%,I,false
192,Water use,Pressure on water resources,SDG 6.4.2. Municipal Sector Contribution to Water Stress,Cuba,2022,5.848118741,%,I,false
196,Water use,Pressure on water resources,SDG 6.4.2. Municipal Sector Contribution to Water Stress,Cyprus,2020,11.8261345,%,E,false
196,Water use,Pressure on water resources,SDG 6.4.2. Municipal Sector Contribution to Water Stress,Cyprus,2021,12.114983323,%,E,false
196,Water use,Pressure on water resources,SDG 6.4.2. Municipal Sector Contribution to Water Stress,Cyprus,2022,11.812759066,%,E,false
203,Water use,Pressure on water resources,SDG 6.4.2. Municipal Sector Contribution to Water Stress,Czechia,2020,9.565085158,%,E,false
203,Water use,Pressure on water resources,SDG 6.4.2. Municipal Sector Contribution to Water Stress,Czechia,2021,9.534671533,%,E,false
203,Water use,Pressure on water resources,SDG 6.4.2. Municipal Sector Contribution to Water Stress,Czechia,2022,9.512881411,%,E,false
384,Water use,Pressure on water resources,SDG 6.4.2. Municipal Sector Contribution to Water Stress,Côte d'Ivoire,2020,1.401050788,%,I,false
384,Water use,Pressure on water resources,SDG 6.4.2. Municipal Sector Contribution to Water Stress,Côte d'Ivoire,2021,1.401050788,%,I,false
384,Water use,Pressure on water resources,SDG 6.4.2. Municipal Sector Contribution to Water Stress,Côte d'Ivoire,2022,1.401050788,%,I,false
408,Water use,Pressure on water resources,SDG 6.4.2. Municipal Sector Contribution to Water Stress,Democratic People's Republic of Korea,2020,2.892662608,%,I,false
408,Water use,Pressure on water resources,SDG 6.4.2. Municipal Sector Contribution to Water Stress,Democratic People's Republic of Korea,2021,2.892662608,%,I,false
408,Water use,Pressure on water resources,SDG 6.4.2. Municipal Sector Contribution to Water Stress,Democratic People's Republic of Korea,2022,2.892662608,%,I,false
180,Water use,Pressure on water resources,SDG 6.4.2. Municipal Sector Contribution to Water Stress,Democratic Republic of the Congo,2020,0.154298042,%,I,false
180,Water use,Pressure on water resources,SDG 6.4.2. Municipal Sector Contribution to Water Stress,Democratic Republic of the Congo,2021,0.154298042,%,I,false
180,Water use,Pressure on water resources,SDG 6.4.2. Municipal Sector Contribution to Water Stress,Democratic Republic of the Congo,2022,0.154298042,%,I,false
208,Water use,Pressure on water resources,SDG 6.4.2. Municipal Sector Contribution to Water Stress,Denmark,2020,10.875229854,%,E,false
208,Water use,Pressure on water resources,SDG 6.4.2. Municipal Sector Contribution to Water Stress,Denmark,2021,10.535478637,%,E,false
208,Water use,Pressure on water resources,SDG 6.4.2. Municipal Sector Contribution to Water Stress,Denmark,2022,10.351189832,%,E,false
262,Water use,Pressure on water resources,SDG 6.4.2. Municipal Sector Contribution to Water Stress,Djibouti,2020,5.333333333,%,I,false
262,Water use,Pressure on water resources,SDG 6.4.2. Municipal Sector Contribution to Water Stress,Djibouti,2021,5.333333333,%,I,false
262,Water use,Pressure on water resources,SDG 6.4.2. Municipal Sector Contribution to Water Stress,Djibouti,2022,5.333333333,%,I,false
212,Water use,Pressure on water resources,SDG 6.4.2. Municipal Sector Contribution to Water Stress,Dominica,2020,9.5,%,I,false
212,Water use,Pressure on water resources,SDG 6.4.2. Municipal Sector Contribution to Water Stress,Dominica,2021,9.5,%,I,false
212,Water use,Pressure on water resources,SDG 6.4.2. Municipal Sector Contribution to Water Stress,Dominica,2022,9.5,%,I,false
214,Water use,Pressure on water resources,SDG 6.4.2. Municipal Sector Contribution to Water Stress,Dominican Republic,2020,3.725320126,%,E,false
214,Water use,Pressure on water resources,SDG 6.4.2. Municipal Sector Contribution to Water Stress,Dominican Republic,2021,3.725320126,%,E,false
214,Water use,Pressure on water resources,SDG 6.4.2. Municipal Sector Contribution to Water Stress,Dominican Republic,2022,3.725320126,%,E,false
30,Water use,Pressure on water resources,SDG 6.4.2. Municipal Sector Contribution to Water Stress,Eastern Asia,2020,8.74616824,%,E,true
30,Water use,Pressure on water resources,SDG 6.4.2. Municipal Sector Contribution to Water Stress,Eastern Asia,2021,8.74867793,%,E,true
30,Water use,Pressure on water resources,SDG 6.4.2. Municipal Sector Contribution to Water Stress,Eastern Asia,2022,8.74867793,%,E,true
753,Water use,Pressure on water resources,SDG 6.4.2. Municipal Sector Contribution to Water Stress,Eastern and South-Eastern Asia,2020,4.584026716,%,E,true
753,Water use,Pressure on water resources,SDG 6.4.2. Municipal Sector Contribution to Water Stress,Eastern and South-Eastern Asia,2021,4.58852312,%,E,true
753,Water use,Pressure on water resources,SDG 6.4.2. Municipal Sector Contribution to Water Stress,Eastern and South-Eastern Asia,2022,4.595232866,%,E,true
218,Water use,Pressure on water resources,SDG 6.4.2. Municipal Sector Contribution to Water Stress,Ecuador,2020,0.884208747,%,I,false
218,Water use,Pressure on water resources,SDG 6.4.2. Municipal Sector Contribution to Water Stress,Ecuador,2021,0.884208747,%,I,false
218,Water use,Pressure on water resources,SDG 6.4.2. Municipal Sector Contribution to Water Stress,Ecuador,2022,0.884208747,%,I,false
818,Water use,Pressure on water resources,SDG 6.4.2. Municipal Sector Contribution to Water Stress,Egypt,2020,19.581056466,%,I,false
818,Water use,Pressure on water resources,SDG 6.4.2. Municipal Sector Contribution to Water Stress,Egypt,2021,19.581056466,%,I,false
818,Water use,Pressure on water resources,SDG 6.4.2. Municipal Sector Contribution to Water Stress,Egypt,2022,19.581056466,%,I,false
222,Water use,Pressure on water resources,SDG 6.4.2. Municipal Sector Contribution to Water Stress,El Salvador,2020,5.66191143,%,E,false
222,Water use,Pressure on water resources,SDG 6.4.2. Municipal Sector Contribution to Water Stress,El Salvador,2021,4.900854565,%,E,false
222,Water use,Pressure on water resources,SDG 6.4.2. Municipal Sector Contribution to Water Stress,El Salvador,2022,2.702609284,%,E,false
226,Water use,Pressure on water resources,SDG 6.4.2. Municipal Sector Contribution to Water Stress,Equatorial Guinea,2020,0.146431881,%,E,false
226,Water use,Pressure on water resources,SDG 6.4.2. Municipal Sector Contribution to Water Stress,Equatorial Guinea,2021,0.146431881,%,E,false
226,Water use,Pressure on water resources,SDG 6.4.2. Municipal Sector Contribution to Water Stress,Equatorial Guinea,2022,0.146431881,%,E,false
232,Water use,Pressure on water resources,SDG 6.4.2. Municipal Sector Contribution to Water Stress,Eritrea,2020,0.595238095,%,I,false
232,Water use,Pressure on water resources,SDG 6.4.2. Municipal Sector Contribution to Water Stress,Eritrea,2021,0.595238095,%,I,false
232,Water use,Pressure on water resources,SDG 6.4.2. Municipal Sector Contribution to Water Stress,Eritrea,2022,0.595238095,%,I,false
233,Water use,Pressure on water resources,SDG 6.4.2. Municipal Sector Contribution to Water Stress,Estonia,2020,0.681190844,%,E,false
233,Water use,Pressure on water resources,SDG 6.4.2. Municipal Sector Contribution to Water Stress,Estonia,2021,0.780086007,%,E,false
233,Water use,Pressure on water resources,SDG 6.4.2. Municipal Sector Contribution to Water Stress,Estonia,2022,0.703442955,%,E,false
748,Water use,Pressure on water resources,SDG 6.4.2. Municipal Sector Contribution to Water Stress,Eswatini,2020,2.999273784,%,E,false
748,Water use,Pressure on water resources,SDG 6.4.2. Municipal Sector Contribution to Water Stress,Eswatini,2021,2.999273784,%,E,false
748,Water use,Pressure on water resources,SDG 6.4.2. Municipal Sector Contribution to Water Stress,Eswatini,2022,2.999273784,%,E,false
231,Water use,Pressure on water resources,SDG 6.4.2. Municipal Sector Contribution to Water Stress,Ethiopia,2020,2.47706422,%,I,false
231,Water use,Pressure on water resources,SDG 6.4.2. Municipal Sector Contribution to Water Stress,Ethiopia,2021,2.47706422,%,I,false
231,Water use,Pressure on water resources,SDG 6.4.2. Municipal Sector Contribution to Water Stress,Ethiopia,2022,2.47706422,%,I,false
150,Water use,Pressure on water resources,SDG 6.4.2. Municipal Sector Contribution to Water Stress,Europe,2020,2.1978388,%,E,true
150,Water use,Pressure on water resources,SDG 6.4.2. Municipal Sector Contribution to Water Stress,Europe,2021,2.194309805,%,E,true
150,Water use,Pressure on water resources,SDG 6.4.2. Municipal Sector Contribution to Water Stress,Europe,2022,2.175060238,%,E,true
513,Water use,Pressure on water resources,SDG 6.4.2. Municipal Sector Contribution to Water Stress,Europe and Northern America,2020,2.228022595,%,E,true
513,Water use,Pressure on water resources,SDG 6.4.2. Municipal Sector Contribution to Water Stress,Europe and Northern America,2021,2.22306814,%,E,true
513,Water use,Pressure on water resources,SDG 6.4.2. Municipal Sector Contribution to Water Stress,Europe and Northern America,2022,2.213619998,%,E,true
242,Water use,Pressure on water resources,SDG 6.4.2. Municipal Sector Contribution to Water Stress,Fiji,2020,0.088616462,%,I,false
242,Water use,Pressure on water resources,SDG 6.4.2. Municipal Sector Contribution to Water Stress,Fiji,2021,0.088616462,%,I,false
242,Water use,Pressure on water resources,SDG 6.4.2. Municipal Sector Contribution to Water Stress,Fiji,2022,0.088616462,%,I,false
246,Water use,Pressure on water resources,SDG 6.4.2. Municipal Sector Contribution to Water Stress,Finland,2020,1.01629459,%,E,false
246,Water use,Pressure on water resources,SDG 6.4.2. Municipal Sector Contribution to Water Stress,Finland,2021,1.220518764,%,E,false
246,Water use,Pressure on water resources,SDG 6.4.2. Municipal Sector Contribution to Water Stress,Finland,2022,1.270785781,%,E,false
250,Water use,Pressure on water resources,SDG 6.4.2. Municipal Sector Contribution to Water Stress,France,2020,4.690741754,%,E,false
250,Water use,Pressure on water resources,SDG 6.4.2. Municipal Sector Contribution to Water Stress,France,2021,4.61446072,%,E,false
250,Water use,Pressure on water resources,SDG 6.4.2. Municipal Sector Contribution to Water Stress,France,2022,4.61446072,%,E,false
266,Water use,Pressure on water resources,SDG 6.4.2. Municipal Sector Contribution to Water Stress,Gabon,2020,0.305776173,%,I,false
266,Water use,Pressure on water resources,SDG 6.4.2. Municipal Sector Contribution to Water Stress,Gabon,2021,0.305776173,%,I,false
266,Water use,Pressure on water resources,SDG 6.4.2. Municipal Sector Contribution to Water Stress,Gabon,2022,0.305776173,%,I,false
270,Water use,Pressure on water resources,SDG 6.4.2. Municipal Sector Contribution to Water Stress,Gambia,2020,0.896041757,%,E,false
270,Water use,Pressure on water resources,SDG 6.4.2. Municipal Sector Contribution to Water Stress,Gambia,2021,0.896041757,%,E,false
270,Water use,Pressure on water resources,SDG 6.4.2. Municipal Sector Contribution to Water Stress,Gambia,2022,0.896041757,%,E,false
268,Water use,Pressure on water resources,SDG 6.4.2. Municipal Sector Contribution to Water Stress,Georgia,2020,1.9747557,%,E,false
268,Water use,Pressure on water resources,SDG 6.4.2. Municipal Sector Contribution to Water Stress,Georgia,2021,1.740260586,%,E,false
268,Water use,Pressure on water resources,SDG 6.4.2. Municipal Sector Contribution to Water Stress,Georgia,2022,1.644820847,%,E,false
276,Water use,Pressure on water resources,SDG 6.4.2. Municipal Sector Contribution to Water Stress,Germany,2020,14.682865954,%,E,false
276,Water use,Pressure on water resources,SDG 6.4.2. Municipal Sector Contribution to Water Stress,Germany,2021,14.682865954,%,E,false
276,Water use,Pressure on water resources,SDG 6.4.2. Municipal Sector Contribution to Water Stress,Germany,2022,14.682865954,%,E,false
288,Water use,Pressure on water resources,SDG 6.4.2. Municipal Sector Contribution to Water Stress,Ghana,2020,1.291748145,%,E,false
288,Water use,Pressure on water resources,SDG 6.4.2. Municipal Sector Contribution to Water Stress,Ghana,2021,1.291748145,%,E,false
288,Water use,Pressure on water resources,SDG 6.4.2. Municipal Sector Contribution to Water Stress,Ghana,2022,1.291748145,%,E,false
300,Water use,Pressure on water resources,SDG 6.4.2. Municipal Sector Contribution to Water Stress,Greece,2020,3.412907141,%,I,false
300,Water use,Pressure on water resources,SDG 6.4.2. Municipal Sector Contribution to Water Stress,Greece,2021,3.412907141,%,I,false
300,Water use,Pressure on water resources,SDG 6.4.2. Municipal Sector Contribution to Water Stress,Greece,2022,3.403759981,%,E,false
308,Water use,Pressure on water resources,SDG 6.4.2. Municipal Sector Contribution to Water Stress,Grenada,2020,6,%,I,false
308,Water use,Pressure on water resources,SDG 6.4.2. Municipal Sector Contribution to Water Stress,Grenada,2021,6,%,I,false
308,Water use,Pressure on water resources,SDG 6.4.2. Municipal Sector Contribution to Water Stress,Grenada,2022,6,%,I,false
320,Water use,Pressure on water resources,SDG 6.4.2. Municipal Sector Contribution to Water Stress,Guatemala,2020,1.442390741,%,I,false
320,Water use,Pressure on water resources,SDG 6.4.2. Municipal Sector Contribution to Water Stress,Guatemala,2021,1.442390741,%,I,false
320,Water use,Pressure on water resources,SDG 6.4.2. Municipal Sector Contribution to Water Stress,Guatemala,2022,1.442390741,%,I,false
324,Water use,Pressure on water resources,SDG 6.4.2. Municipal Sector Contribution to Water Stress,Guinea,2020,0.353846154,%,I,false
324,Water use,Pressure on water resources,SDG 6.4.2. Municipal Sector Contribution to Water Stress,Guinea,2021,0.353846154,%,I,false
324,Water use,Pressure on water resources,SDG 6.4.2. Municipal Sector Contribution to Water Stress,Guinea,2022,0.353846154,%,I,false
624,Water use,Pressure on water resources,SDG 6.4.2. Municipal Sector Contribution to Water Stress,Guinea-Bissau,2020,0.268443545,%,E,false
624,Water use,Pressure on water resources,SDG 6.4.2. Municipal Sector Contribution to Water Stress,Guinea-Bissau,2021,0.268443545,%,E,false
624,Water use,Pressure on water resources,SDG 6.4.2. Municipal Sector Contribution to Water Stress,Guinea-Bissau,2022,0.268443545,%,E,false
328,Water use,Pressure on water resources,SDG 6.4.2. Municipal Sector Contribution to Water Stress,Guyana,2020,0.139954338,%,I,false
328,Water use,Pressure on water resources,SDG 6.4.2. Municipal Sector Contribution to Water Stress,Guyana,2021,0.139954338,%,I,false
328,Water use,Pressure on water resources,SDG 6.4.2. Municipal Sector Contribution to Water Stress,Guyana,2022,0.139954338,%,I,false
332,Water use,Pressure on water resources,SDG 6.4.2. Municipal Sector Contribution to Water Stress,Haiti,2020,1.753738232,%,I,false
332,Water use,Pressure on water resources,SDG 6.4.2. Municipal Sector Contribution to Water Stress,Haiti,2021,1.753738232,%,I,false
332,Water use,Pressure on water resources,SDG 6.4.2. Municipal Sector Contribution to Water Stress,Haiti,2022,1.753738232,%,I,false
340,Water use,Pressure on water resources,SDG 6.4.2. Municipal Sector Contribution to Water Stress,Honduras,2020,0.905849198,%,I,false
340,Water use,Pressure on water resources,SDG 6.4.2. Municipal Sector Contribution to Water Stress,Honduras,2021,0.905849198,%,I,false
340,Water use,Pressure on water resources,SDG 6.4.2. Municipal Sector Contribution to Water Stress,Honduras,2022,0.905849198,%,I,false
348,Water use,Pressure on water resources,SDG 6.4.2. Municipal Sector Contribution to Water Stress,Hungary,2020,1.099297385,%,E,false
348,Water use,Pressure on water resources,SDG 6.4.2. Municipal Sector Contribution to Water Stress,Hungary,2021,1.088479252,%,E,false
348,Water use,Pressure on water resources,SDG 6.4.2. Municipal Sector Contribution to Water Stress,Hungary,2022,1.077575584,%,E,false
352,Water use,Pressure on water resources,SDG 6.4.2. Municipal Sector Contribution to Water Stress,Iceland,2020,0.113280714,%,E,false
352,Water use,Pressure on water resources,SDG 6.4.2. Municipal Sector Contribution to Water Stress,Iceland,2021,0.113280714,%,E,false
352,Water use,Pressure on water resources,SDG 6.4.2. Municipal Sector Contribution to Water Stress,Iceland,2022,0.113280714,%,E,false
356,Water use,Pressure on water resources,SDG 6.4.2. Municipal Sector Contribution to Water Stress,India,2020,4.892979236,%,I,false
356,Water use,Pressure on water resources,SDG 6.4.2. Municipal Sector Contribution to Water Stress,India,2021,4.892979236,%,I,false
356,Water use,Pressure on water resources,SDG 6.4.2. Municipal Sector Contribution to Water Stress,India,2022,4.892979236,%,I,false
360,Water use,Pressure on water resources,SDG 6.4.2. Municipal Sector Contribution to Water Stress,Indonesia,2020,3.174603175,%,I,false
360,Water use,Pressure on water resources,SDG 6.4.2. Municipal Sector Contribution to Water Stress,Indonesia,2021,3.174603175,%,I,false
360,Water use,Pressure on water resources,SDG 6.4.2. Municipal Sector Contribution to Water Stress,Indonesia,2022,3.174603175,%,I,false
364,Water use,Pressure on water resources,SDG 6.4.2. Municipal Sector Contribution to Water Stress,Iran (Islamic Republic of),2020,5.401846774,%,I,false
364,Water use,Pressure on water resources,SDG 6.4.2. Municipal Sector Contribution to Water Stress,Iran (Islamic Republic of),2021,5.401846774,%,I,false
364,Water use,Pressure on water resources,SDG 6.4.2. Municipal Sector Contribution to Water Stress,Iran (Islamic Republic of),2022,5.401846774,%,I,false
368,Water use,Pressure on water resources,SDG 6.4.2. Municipal Sector Contribution to Water Stress,Iraq,2020,11.957334203,%,E,false
368,Water use,Pressure on water resources,SDG 6.4.2. Municipal Sector Contribution to Water Stress,Iraq,2021,9.459202772,%,E,false
368,Water use,Pressure on water resources,SDG 6.4.2. Municipal Sector Contribution to Water Stress,Iraq,2022,9.459202772,%,E,false
372,Water use,Pressure on water resources,SDG 6.4.2. Municipal Sector Contribution to Water Stress,Ireland,2020,4.749759384,%,E,false
372,Water use,Pressure on water resources,SDG 6.4.2. Municipal Sector Contribution to Water Stress,Ireland,2021,4.870067373,%,E,false
372,Water use,Pressure on water resources,SDG 6.4.2. Municipal Sector Contribution to Water Stress,Ireland,2022,5.321462945,%,E,false
376,Water use,Pressure on water resources,SDG 6.4.2. Municipal Sector Contribution to Water Stress,Israel,2020,45.86892129,%,E,false
376,Water use,Pressure on water resources,SDG 6.4.2. Municipal Sector Contribution to Water Stress,Israel,2021,50.381284242,%,E,false
376,Water use,Pressure on water resources,SDG 6.4.2. Municipal Sector Contribution to Water Stress,Israel,2022,49.777186648,%,E,false
380,Water use,Pressure on water resources,SDG 6.4.2. Municipal Sector Contribution to Water Stress,Italy,2020,8.075939416,%,E,false
380,Water use,Pressure on water resources,SDG 6.4.2. Municipal Sector Contribution to Water Stress,Italy,2021,8.017091688,%,E,false
380,Water use,Pressure on water resources,SDG 6.4.2. Municipal Sector Contribution to Water Stress,Italy,2022,8.045142867,%,E,false
388,Water use,Pressure on water resources,SDG 6.4.2. Municipal Sector Contribution to Water Stress,Jamaica,2020,7.976414191,%,E,false
388,Water use,Pressure on water resources,SDG 6.4.2. Municipal Sector Contribution to Water Stress,Jamaica,2021,9.093044105,%,E,false
388,Water use,Pressure on water resources,SDG 6.4.2. Municipal Sector Contribution to Water Stress,Jamaica,2022,9.093044105,%,E,false
392,Water use,Pressure on water resources,SDG 6.4.2. Municipal Sector Contribution to Water Stress,Japan,2020,6.206896552,%,E,false
392,Water use,Pressure on water resources,SDG 6.4.2. Municipal Sector Contribution to Water Stress,Japan,2021,6.222511386,%,E,false
392,Water use,Pressure on water resources,SDG 6.4.2. Municipal Sector Contribution to Water Stress,Japan,2022,6.222511386,%,E,false
400,Water use,Pressure on water resources,SDG 6.4.2. Municipal Sector Contribution to Water Stress,Jordan,2020,47.739793532,%,E,false
400,Water use,Pressure on water resources,SDG 6.4.2. Municipal Sector Contribution to Water Stress,Jordan,2021,46.149331282,%,E,false
400,Water use,Pressure on water resources,SDG 6.4.2. Municipal Sector Contribution to Water Stress,Jordan,2022,47.358381739,%,E,false
398,Water use,Pressure on water resources,SDG 6.4.2. Municipal Sector Contribution to Water Stress,Kazakhstan,2020,6.674059521,%,E,false
398,Water use,Pressure on water resources,SDG 6.4.2. Municipal Sector Contribution to Water Stress,Kazakhstan,2021,5.530307691,%,E,false
398,Water use,Pressure on water resources,SDG 6.4.2. Municipal Sector Contribution to Water Stress,Kazakhstan,2022,6.718468563,%,E,false
404,Water use,Pressure on water resources,SDG 6.4.2. Municipal Sector Contribution to Water Stress,Kenya,2020,4.080791426,%,I,false
404,Water use,Pressure on water resources,SDG 6.4.2. Municipal Sector Contribution to Water Stress,Kenya,2021,4.080791426,%,I,false
404,Water use,Pressure on water resources,SDG 6.4.2. Municipal Sector Contribution to Water Stress,Kenya,2022,4.080791426,%,I,false
414,Water use,Pressure on water resources,SDG 6.4.2. Municipal Sector Contribution to Water Stress,Kuwait,2020,1380.94332,%,E,false
414,Water use,Pressure on water resources,SDG 6.4.2. Municipal Sector Contribution to Water Stress,Kuwait,2021,1380.94332,%,E,false
414,Water use,Pressure on water resources,SDG 6.4.2. Municipal Sector Contribution to Water Stress,Kuwait,2022,1380.94332,%,E,false
417,Water use,Pressure on water resources,SDG 6.4.2. Municipal Sector Contribution to Water Stress,Kyrgyzstan,2020,1.463280175,%,E,false
417,Water use,Pressure on water resources,SDG 6.4.2. Municipal Sector Contribution to Water Stress,Kyrgyzstan,2021,1.463280175,%,E,false
417,Water use,Pressure on water resources,SDG 6.4.2. Municipal Sector Contribution to Water Stress,Kyrgyzstan,2022,1.463280175,%,E,false
432,Water use,Pressure on water resources,SDG 6.4.2. Municipal Sector Contribution to Water Stress,Land Locked Developing Countries,2020,1.076501987,%,E,true
432,Water use,Pressure on water resources,SDG 6.4.2. Municipal Sector Contribution to Water Stress,Land Locked Developing Countries,2021,1.051590938,%,E,true
432,Water use,Pressure on water resources,SDG 6.4.2. Municipal Sector Contribution to Water Stress,Land Locked Developing Countries,2022,1.106575803,%,E,true
418,Water use,Pressure on water resources,SDG 6.4.2. Municipal Sector Contribution to Water Stress,Lao People's Democratic Republic,2020,0.084745763,%,E,false
418,Water use,Pressure on water resources,SDG 6.4.2. Municipal Sector Contribution to Water Stress,Lao People's Democratic Republic,2021,0.084745763,%,E,false
418,Water use,Pressure on water resources,SDG 6.4.2. Municipal Sector Contribution to Water Stress,Lao People's Democratic Republic,2022,0.084745763,%,E,false
419,Water use,Pressure on water resources,SDG 6.4.2. Municipal Sector Contribution to Water Stress,Latin America and the Caribbean,2020,0.926644673,%,E,true
419,Water use,Pressure on water resources,SDG 6.4.2. Municipal Sector Contribution to Water Stress,Latin America and the Caribbean,2021,0.947591567,%,E,true
419,Water use,Pressure on water resources,SDG 6.4.2. Municipal Sector Contribution to Water Stress,Latin America and the Caribbean,2022,0.946815902,%,E,true
428,Water use,Pressure on water resources,SDG 6.4.2. Municipal Sector Contribution to Water Stress,Latvia,2020,0.56192693,%,E,false
428,Water use,Pressure on water resources,SDG 6.4.2. Municipal Sector Contribution to Water Stress,Latvia,2021,0.57256924,%,E,false
428,Water use,Pressure on water resources,SDG 6.4.2. Municipal Sector Contribution to Water Stress,Latvia,2022,0.541809075,%,E,false
199,Water use,Pressure on water resources,SDG 6.4.2. Municipal Sector Contribution to Water Stress,Least Developed Countries,2020,0.539621836,%,E,true
199,Water use,Pressure on water resources,SDG 6.4.2. Municipal Sector Contribution to Water Stress,Least Developed Countries,2021,0.53959607,%,E,true
199,Water use,Pressure on water resources,SDG 6.4.2. Municipal Sector Contribution to Water Stress,Least Developed Countries,2022,0.53962048,%,E,true
422,Water use,Pressure on water resources,SDG 6.4.2. Municipal Sector Contribution to Water Stress,Lebanon,2020,7.668651074,%,I,false
422,Water use,Pressure on water resources,SDG 6.4.2. Municipal Sector Contribution to Water Stress,Lebanon,2021,7.668651074,%,I,false
422,Water use,Pressure on water resources,SDG 6.4.2. Municipal Sector Contribution to Water Stress,Lebanon,2022,7.668651074,%,I,false
426,Water use,Pressure on water resources,SDG 6.4.2. Municipal Sector Contribution to Water Stress,Lesotho,2020,1.171646163,%,E,false
426,Water use,Pressure on water resources,SDG 6.4.2. Municipal Sector Contribution to Water Stress,Lesotho,2021,1.171646163,%,E,false
426,Water use,Pressure on water resources,SDG 6.4.2. Municipal Sector Contribution to Water Stress,Lesotho,2022,1.171646163,%,E,false
430,Water use,Pressure on water resources,SDG 6.4.2. Municipal Sector Contribution to Water Stress,Liberia,2020,0.145289855,%,E,false
430,Water use,Pressure on water resources,SDG 6.4.2. Municipal Sector Contribution to Water Stress,Liberia,2021,0.145289855,%,E,false
430,Water use,Pressure on water resources,SDG 6.4.2. Municipal Sector Contribution to Water Stress,Liberia,2022,0.145289855,%,E,false
434,Water use,Pressure on water resources,SDG 6.4.2. Municipal Sector Contribution to Water Stress,Libya,2020,98.113207547,%,I,false
434,Water use,Pressure on water resources,SDG 6.4.2. Municipal Sector Contribution to Water Stress,Libya,2021,98.113207547,%,I,false
434,Water use,Pressure on water resources,SDG 6.4.2. Municipal Sector Contribution to Water Stress,Libya,2022,98.113207547,%,I,false
440,Water use,Pressure on water resources,SDG 6.4.2. Municipal Sector Contribution to Water Stress,Lithuania,2020,0.969718818,%,E,false
440,Water use,Pressure on water resources,SDG 6.4.2. Municipal Sector Contribution to Water Stress,Lithuania,2021,0.996755588,%,E,false
440,Water use,Pressure on water resources,SDG 6.4.2. Municipal Sector Contribution to Water Stress,Lithuania,2022,0.986157174,%,E,false
442,Water use,Pressure on water resources,SDG 6.4.2. Municipal Sector Contribution to Water Stress,Luxembourg,2020,3.963515755,%,E,false
442,Water use,Pressure on water resources,SDG 6.4.2. Municipal Sector Contribution to Water Stress,Luxembourg,2021,3.421227197,%,E,false
442,Water use,Pressure on water resources,SDG 6.4.2. Municipal Sector Contribution to Water Stress,Luxembourg,2022,3.609452736,%,E,false
450,Water use,Pressure on water resources,SDG 6.4.2. Municipal Sector Contribution to Water Stress,Madagascar,2020,0.328120365,%,E,false
450,Water use,Pressure on water resources,SDG 6.4.2. Municipal Sector Contribution to Water Stress,Madagascar,2021,0.328120365,%,E,false
450,Water use,Pressure on water resources,SDG 6.4.2. Municipal Sector Contribution to Water Stress,Madagascar,2022,0.328120365,%,E,false
454,Water use,Pressure on water resources,SDG 6.4.2. Municipal Sector Contribution to Water Stress,Malawi,2020,1.846213392,%,I,false
454,Water use,Pressure on water resources,SDG 6.4.2. Municipal Sector Contribution to Water Stress,Malawi,2021,1.846213392,%,I,false
454,Water use,Pressure on water resources,SDG 6.4.2. Municipal Sector Contribution to Water Stress,Malawi,2022,1.846213392,%,I,false
458,Water use,Pressure on water resources,SDG 6.4.2. Municipal Sector Contribution to Water Stress,Malaysia,2020,0.841069934,%,E,false
458,Water use,Pressure on water resources,SDG 6.4.2. Municipal Sector Contribution to Water Stress,Malaysia,2021,0.841069934,%,E,false
458,Water use,Pressure on water resources,SDG 6.4.2. Municipal Sector Contribution to Water Stress,Malaysia,2022,0.841069934,%,E,false
462,Water use,Pressure on water resources,SDG 6.4.2. Municipal Sector Contribution to Water Stress,Maldives,2020,14.870056497,%,I,false
462,Water use,Pressure on water resources,SDG 6.4.2. Municipal Sector Contribution to Water Stress,Maldives,2021,14.870056497,%,I,false
462,Water use,Pressure on water resources,SDG 6.4.2. Municipal Sector Contribution to Water Stress,Maldives,2022,14.870056497,%,I,false
466,Water use,Pressure on water resources,SDG 6.4.2. Municipal Sector Contribution to Water Stress,Mali,2020,0.165123457,%,I,false
466,Water use,Pressure on water resources,SDG 6.4.2. Municipal Sector Contribution to Water Stress,Mali,2021,0.165123457,%,I,false
466,Water use,Pressure on water resources,SDG 6.4.2. Municipal Sector Contribution to Water Stress,Mali,2022,0.165123457,%,I,false
470,Water use,Pressure on water resources,SDG 6.4.2. Municipal Sector Contribution to Water Stress,Malta,2020,49.378717311,%,E,false
470,Water use,Pressure on water resources,SDG 6.4.2. Municipal Sector Contribution to Water Stress,Malta,2021,48.33841323,%,E,false
470,Water use,Pressure on water resources,SDG 6.4.2. Municipal Sector Contribution to Water Stress,Malta,2022,46.358006968,%,E,false
478,Water use,Pressure on water resources,SDG 6.4.2. Municipal Sector Contribution to Water Stress,Mauritania,2020,0.935927369,%,E,false
478,Water use,Pressure on water resources,SDG 6.4.2. Municipal Sector Contribution to Water Stress,Mauritania,2021,0.935927369,%,E,false
478,Water use,Pressure on water resources,SDG 6.4.2. Municipal Sector Contribution to Water Stress,Mauritania,2022,0.935927369,%,E,false
480,Water use,Pressure on water resources,SDG 6.4.2. Municipal Sector Contribution to Water Stress,Mauritius,2020,10.66944556,%,E,false
480,Water use,Pressure on water resources,SDG 6.4.2. Municipal Sector Contribution to Water Stress,Mauritius,2021,10.705648735,%,E,false
480,Water use,Pressure on water resources,SDG 6.4.2. Municipal Sector Contribution to Water Stress,Mauritius,2022,11.613757571,%,E,false
484,Water use,Pressure on water resources,SDG 6.4.2. Municipal Sector Contribution to Water Stress,Mexico,2020,6.588825272,%,E,false
484,Water use,Pressure on water resources,SDG 6.4.2. Municipal Sector Contribution to Water Stress,Mexico,2021,6.650384369,%,E,false
484,Water use,Pressure on water resources,SDG 6.4.2. Municipal Sector Contribution to Water Stress,Mexico,2022,6.671255975,%,E,false
496,Water use,Pressure on water resources,SDG 6.4.2. Municipal Sector Contribution to Water Stress,Mongolia,2020,0.332599119,%,I,false
496,Water use,Pressure on water resources,SDG 6.4.2. Municipal Sector Contribution to Water Stress,Mongolia,2021,0.332599119,%,I,false
496,Water use,Pressure on water resources,SDG 6.4.2. Municipal Sector Contribution to Water Stress,Mongolia,2022,0.332599119,%,I,false
504,Water use,Pressure on water resources,SDG 6.4.2. Municipal Sector Contribution to Water Stress,Morocco,2020,5.171943091,%,I,false
504,Water use,Pressure on water resources,SDG 6.4.2. Municipal Sector Contribution to Water Stress,Morocco,2021,5.171943091,%,I,false
504,Water use,Pressure on water resources,SDG 6.4.2. Municipal Sector Contribution to Water Stress,Morocco,2022,5.171943091,%,I,false
508,Water use,Pressure on water resources,SDG 6.4.2. Municipal Sector Contribution to Water Stress,Mozambique,2020,0.442330559,%,I,false
508,Water use,Pressure on water resources,SDG 6.4.2. Municipal Sector Contribution to Water Stress,Mozambique,2021,0.442330559,%,I,false
508,Water use,Pressure on water resources,SDG 6.4.2. Municipal Sector Contribution to Water Stress,Mozambique,2022,0.442330559,%,I,false
104,Water use,Pressure on water resources,SDG 6.4.2. Municipal Sector Contribution to Water Stress,Myanmar,2020,0.577345938,%,E,false
104,Water use,Pressure on water resources,SDG 6.4.2. Municipal Sector Contribution to Water Stress,Myanmar,2021,0.577345938,%,E,false
104,Water use,Pressure on water resources,SDG 6.4.2. Municipal Sector Contribution to Water Stress,Myanmar,2022,0.577345938,%,E,false
516,Water use,Pressure on water resources,SDG 6.4.2. Municipal Sector Contribution to Water Stress,Namibia,2020,0.142372917,%,E,false
516,Water use,Pressure on water resources,SDG 6.4.2. Municipal Sector Contribution to Water Stress,Namibia,2021,0.150170966,%,E,false
516,Water use,Pressure on water resources,SDG 6.4.2. Municipal Sector Contribution to Water Stress,Namibia,2022,0.06890135,%,E,false
524,Water use,Pressure on water resources,SDG 6.4.2. Municipal Sector Contribution to Water Stress,Nepal,2020,0.129179065,%,E,false
524,Water use,Pressure on water resources,SDG 6.4.2. Municipal Sector Contribution to Water Stress,Nepal,2021,0.129179065,%,E,false
524,Water use,Pressure on water resources,SDG 6.4.2. Municipal Sector Contribution to Water Stress,Nepal,2022,0.129179065,%,E,false
528,Water use,Pressure on water resources,SDG 6.4.2. Municipal Sector Contribution to Water Stress,Netherlands (Kingdom of the),2020,4.156787376,%,E,false
528,Water use,Pressure on water resources,SDG 6.4.2. Municipal Sector Contribution to Water Stress,Netherlands (Kingdom of the),2021,4.170125422,%,E,false
528,Water use,Pressure on water resources,SDG 6.4.2. Municipal Sector Contribution to Water Stress,Netherlands (Kingdom of the),2022,4.41979307,%,E,false
554,Water use,Pressure on water resources,SDG 6.4.2. Municipal Sector Contribution to Water Stress,New Zealand,2020,0.910306497,%,E,false
554,Water use,Pressure on water resources,SDG 6.4.2. Municipal Sector Contribution to Water Stress,New Zealand,2021,0.900923231,%,E,false
554,Water use,Pressure on water resources,SDG 6.4.2. Municipal Sector Contribution to Water Stress,New Zealand,2022,0.891515262,%,E,false
558,Water use,Pressure on water resources,SDG 6.4.2. Municipal Sector Contribution to Water Stress,Nicaragua,2020,0.331056346,%,E,false
558,Water use,Pressure on water resources,SDG 6.4.2. Municipal Sector Contribution to Water Stress,Nicaragua,2021,0.331056346,%,E,false
558,Water use,Pressure on water resources,SDG 6.4.2. Municipal Sector Contribution to Water Stress,Nicaragua,2022,0.331056346,%,E,false
562,Water use,Pressure on water resources,SDG 6.4.2. Municipal Sector Contribution to Water Stress,Niger,2020,0.824432594,%,E,false
562,Water use,Pressure on water resources,SDG 6.4.2. Municipal Sector Contribution to Water Stress,Niger,2021,0.824432594,%,E,false
562,Water use,Pressure on water resources,SDG 6.4.2. Municipal Sector Contribution to Water Stress,Niger,2022,0.824432594,%,E,false
566,Water use,Pressure on water resources,SDG 6.4.2. Municipal Sector Contribution to Water Stress,Nigeria,2020,3.875036896,%,E,false
566,Water use,Pressure on water resources,SDG 6.4.2. Municipal Sector Contribution to Water Stress,Nigeria,2021,3.875036896,%,E,false
566,Water use,Pressure on water resources,SDG 6.4.2. Municipal Sector Contribution to Water Stress,Nigeria,2022,3.875036896,%,E,false
807,Water use,Pressure on water resources,SDG 6.4.2. Municipal Sector Contribution to Water Stress,North Macedonia,2020,7.391093901,%,E,false
807,Water use,Pressure on water resources,SDG 6.4.2. Municipal Sector Contribution to Water Stress,North Macedonia,2021,7.391093901,%,E,false
807,Water use,Pressure on water resources,SDG 6.4.2. Municipal Sector Contribution to Water Stress,North Macedonia,2022,7.391093901,%,E,false
15,Water use,Pressure on water resources,SDG 6.4.2. Municipal Sector Contribution to Water Stress,Northern Africa,2020,16.035516434,%,E,true
15,Water use,Pressure on water resources,SDG 6.4.2. Municipal Sector Contribution to Water Stress,Northern Africa,2021,15.715110043,%,E,true
15,Water use,Pressure on water resources,SDG 6.4.2. Municipal Sector Contribution to Water Stress,Northern Africa,2022,15.805372891,%,E,true
747,Water use,Pressure on water resources,SDG 6.4.2. Municipal Sector Contribution to Water Stress,Northern Africa and Western Asia,2020,11.718146023,%,E,true
747,Water use,Pressure on water resources,SDG 6.4.2. Municipal Sector Contribution to Water Stress,Northern Africa and Western Asia,2021,11.334389342,%,E,true
747,Water use,Pressure on water resources,SDG 6.4.2. Municipal Sector Contribution to Water Stress,Northern Africa and Western Asia,2022,11.133059414,%,E,true
21,Water use,Pressure on water resources,SDG 6.4.2. Municipal Sector Contribution to Water Stress,Northern America,2020,2.658871764,%,E,true
21,Water use,Pressure on water resources,SDG 6.4.2. Municipal Sector Contribution to Water Stress,Northern America,2021,2.65736617,%,E,true
21,Water use,Pressure on water resources,SDG 6.4.2. Municipal Sector Contribution to Water Stress,Northern America,2022,2.657604035,%,E,true
578,Water use,Pressure on water resources,SDG 6.4.2. Municipal Sector Contribution to Water Stress,Norway,2020,0.58458693,%,E,false
578,Water use,Pressure on water resources,SDG 6.4.2. Municipal Sector Contribution to Water Stress,Norway,2021,0.553333447,%,E,false
578,Water use,Pressure on water resources,SDG 6.4.2. Municipal Sector Contribution to Water Stress,Norway,2022,0.587829563,%,E,false
9,Water use,Pressure on water resources,SDG 6.4.2. Municipal Sector Contribution to Water Stress,Oceania,2020,0.416968224,%,E,true
9,Water use,Pressure on water resources,SDG 6.4.2. Municipal Sector Contribution to Water Stress,Oceania,2021,0.448356381,%,E,true
9,Water use,Pressure on water resources,SDG 6.4.2. Municipal Sector Contribution to Water Stress,Oceania,2022,0.462253203,%,E,true
543,Water use,Pressure on water resources,SDG 6.4.2. Municipal Sector Contribution to Water Stress,Oceania (excluding Australia and New Zealand),2020,0.081059904,%,E,true
543,Water use,Pressure on water resources,SDG 6.4.2. Municipal Sector Contribution to Water Stress,Oceania (excluding Australia and New Zealand),2021,0.081059904,%,E,true
543,Water use,Pressure on water resources,SDG 6.4.2. Municipal Sector Contribution to Water Stress,Oceania (excluding Australia and New Zealand),2022,0.081059904,%,E,true
512,Water use,Pressure on water resources,SDG 6.4.2. Municipal Sector Contribution to Water Stress,Oman,2020,7.923162999,%,E,false
512,Water use,Pressure on water resources,SDG 6.4.2. Municipal Sector Contribution to Water Stress,Oman,2021,7.923162999,%,E,false
512,Water use,Pressure on water resources,SDG 6.4.2. Municipal Sector Contribution to Water Stress,Oman,2022,7.923162999,%,E,false
586,Water use,Pressure on water resources,SDG 6.4.2. Municipal Sector Contribution to Water Stress,Pakistan,2020,6.118018366,%,E,false
586,Water use,Pressure on water resources,SDG 6.4.2. Municipal Sector Contribution to Water Stress,Pakistan,2021,5.942793725,%,E,false
586,Water use,Pressure on water resources,SDG 6.4.2. Municipal Sector Contribution to Water Stress,Pakistan,2022,5.785962831,%,E,false
275,Water use,Pressure on water resources,SDG 6.4.2. Municipal Sector Contribution to Water Stress,Palestine,2020,22.162511033,%,E,false
275,Water use,Pressure on water resources,SDG 6.4.2. Municipal Sector Contribution to Water Stress,Palestine,2021,26.948502197,%,E,false
275,Water use,Pressure on water resources,SDG 6.4.2. Municipal Sector Contribution to Water Stress,Palestine,2022,27.075422159,%,E,false
591,Water use,Pressure on water resources,SDG 6.4.2. Municipal Sector Contribution to Water Stress,Panama,2020,0.5646385,%,E,false
591,Water use,Pressure on water resources,SDG 6.4.2. Municipal Sector Contribution to Water Stress,Panama,2021,0.5646385,%,E,false
591,Water use,Pressure on water resources,SDG 6.4.2. Municipal Sector Contribution to Water Stress,Panama,2022,0.5646385,%,E,false
598,Water use,Pressure on water resources,SDG 6.4.2. Municipal Sector Contribution to Water Stress,Papua New Guinea,2020,0.075379427,%,I,false
598,Water use,Pressure on water resources,SDG 6.4.2. Municipal Sector Contribution to Water Stress,Papua New Guinea,2021,0.075379427,%,I,false
598,Water use,Pressure on water resources,SDG 6.4.2. Municipal Sector Contribution to Water Stress,Papua New Guinea,2022,0.075379427,%,I,false
600,Water use,Pressure on water resources,SDG 6.4.2. Municipal Sector Contribution to Water Stress,Paraguay,2020,0.275347988,%,E,false
600,Water use,Pressure on water resources,SDG 6.4.2. Municipal Sector Contribution to Water Stress,Paraguay,2021,0.275347988,%,E,false
600,Water use,Pressure on water resources,SDG 6.4.2. Municipal Sector Contribution to Water Stress,Paraguay,2022,0.275347988,%,E,false
604,Water use,Pressure on water resources,SDG 6.4.2. Municipal Sector Contribution to Water Stress,Peru,2020,0.41728763,%,E,false
604,Water use,Pressure on water resources,SDG 6.4.2. Municipal Sector Contribution to Water Stress,Peru,2021,0.575074516,%,E,false
604,Water use,Pressure on water resources,SDG 6.4.2. Municipal Sector Contribution to Water Stress,Peru,2022,0.585134128,%,E,false
608,Water use,Pressure on water resources,SDG 6.4.2. Municipal Sector Contribution to Water Stress,Philippines,2020,2.749178889,%,E,false
608,Water use,Pressure on water resources,SDG 6.4.2. Municipal Sector Contribution to Water Stress,Philippines,2021,2.808610144,%,E,false
608,Water use,Pressure on water resources,SDG 6.4.2. Municipal Sector Contribution to Water Stress,Philippines,2022,2.903668583,%,E,false
616,Water use,Pressure on water resources,SDG 6.4.2. Municipal Sector Contribution to Water Stress,Poland,2020,6.399434951,%,E,false
616,Water use,Pressure on water resources,SDG 6.4.2. Municipal Sector Contribution to Water Stress,Poland,2021,6.857207615,%,E,false
616,Water use,Pressure on water resources,SDG 6.4.2. Municipal Sector Contribution to Water Stress,Poland,2022,6.980563408,%,E,false
620,Water use,Pressure on water resources,SDG 6.4.2. Municipal Sector Contribution to Water Stress,Portugal,2020,1.836685448,%,E,false
620,Water use,Pressure on water resources,SDG 6.4.2. Municipal Sector Contribution to Water Stress,Portugal,2021,1.836685448,%,E,false
620,Water use,Pressure on water resources,SDG 6.4.2. Municipal Sector Contribution to Water Stress,Portugal,2022,1.836685448,%,E,false
630,Water use,Pressure on water resources,SDG 6.4.2. Municipal Sector Contribution to Water Stress,Puerto Rico,2020,4.748922296,%,I,false
630,Water use,Pressure on water resources,SDG 6.4.2. Municipal Sector Contribution to Water Stress,Puerto Rico,2021,4.748922296,%,I,false
630,Water use,Pressure on water resources,SDG 6.4.2. Municipal Sector Contribution to Water Stress,Puerto Rico,2022,4.748922296,%,I,false
634,Water use,Pressure on water resources,SDG 6.4.2. Municipal Sector Contribution to Water Stress,Qatar,2020,256.095703114,%,E,false
634,Water use,Pressure on water resources,SDG 6.4.2. Municipal Sector Contribution to Water Stress,Qatar,2021,256.056715659,%,E,false
634,Water use,Pressure on water resources,SDG 6.4.2. Municipal Sector Contribution to Water Stress,Qatar,2022,268.929772427,%,E,false
410,Water use,Pressure on water resources,SDG 6.4.2. Municipal Sector Contribution to Water Stress,Republic of Korea,2020,20.99549775,%,E,false
410,Water use,Pressure on water resources,SDG 6.4.2. Municipal Sector Contribution to Water Stress,Republic of Korea,2021,20.99549775,%,E,false
410,Water use,Pressure on water resources,SDG 6.4.2. Municipal Sector Contribution to Water Stress,Republic of Korea,2022,20.99549775,%,E,false
498,Water use,Pressure on water resources,SDG 6.4.2. Municipal Sector Contribution to Water Stress,Republic of Moldova,2020,2.512622513,%,E,false
498,Water use,Pressure on water resources,SDG 6.4.2. Municipal Sector Contribution to Water Stress,Republic of Moldova,2021,2.518919812,%,E,false
498,Water use,Pressure on water resources,SDG 6.4.2. Municipal Sector Contribution to Water Stress,Republic of Moldova,2022,2.518919812,%,E,false
642,Water use,Pressure on water resources,SDG 6.4.2. Municipal Sector Contribution to Water Stress,Romania,2020,1.009268795,%,E,false
642,Water use,Pressure on water resources,SDG 6.4.2. Municipal Sector Contribution to Water Stress,Romania,2021,1.189027245,%,E,false
642,Water use,Pressure on water resources,SDG 6.4.2. Municipal Sector Contribution to Water Stress,Romania,2022,1.175919858,%,E,false
643,Water use,Pressure on water resources,SDG 6.4.2. Municipal Sector Contribution to Water Stress,Russian Federation,2020,1.090658179,%,I,false
643,Water use,Pressure on water resources,SDG 6.4.2. Municipal Sector Contribution to Water Stress,Russian Federation,2021,1.090658179,%,I,false
643,Water use,Pressure on water resources,SDG 6.4.2. Municipal Sector Contribution to Water Stress,Russian Federation,2022,1.090658179,%,I,false
646,Water use,Pressure on water resources,SDG 6.4.2. Municipal Sector Contribution to Water Stress,Rwanda,2020,7.736378625,%,E,false
646,Water use,Pressure on water resources,SDG 6.4.2. Municipal Sector Contribution to Water Stress,Rwanda,2021,7.61589404,%,E,false
646,Water use,Pressure on water resources,SDG 6.4.2. Municipal Sector Contribution to Water Stress,Rwanda,2022,7.72994237,%,E,false
659,Water use,Pressure on water resources,SDG 6.4.2. Municipal Sector Contribution to Water Stress,Saint Kitts and Nevis,2020,50.181623932,%,I,false
659,Water use,Pressure on water resources,SDG 6.4.2. Municipal Sector Contribution to Water Stress,Saint Kitts and Nevis,2021,50.181623932,%,I,false
659,Water use,Pressure on water resources,SDG 6.4.2. Municipal Sector Contribution to Water Stress,Saint Kitts and Nevis,2022,50.181623932,%,I,false
662,Water use,Pressure on water resources,SDG 6.4.2. Municipal Sector Contribution to Water Stress,Saint Lucia,2020,4.166666667,%,I,false
662,Water use,Pressure on water resources,SDG 6.4.2. Municipal Sector Contribution to Water Stress,Saint Lucia,2021,4.166666667,%,I,false
662,Water use,Pressure on water resources,SDG 6.4.2. Municipal Sector Contribution to Water Stress,Saint Lucia,2022,4.166666667,%,I,false
670,Water use,Pressure on water resources,SDG 6.4.2. Municipal Sector Contribution to Water Stress,Saint Vincent and the Grenadines,2020,7.898141614,%,I,false
670,Water use,Pressure on water resources,SDG 6.4.2. Municipal Sector Contribution to Water Stress,Saint Vincent and the Grenadines,2021,7.898141614,%,I,false
670,Water use,Pressure on water resources,SDG 6.4.2. Municipal Sector Contribution to Water Stress,Saint Vincent and the Grenadines,2022,7.898141614,%,I,false
678,Water use,Pressure on water resources,SDG 6.4.2. Municipal Sector Contribution to Water Stress,Sao Tome and Principe,2020,0.674311927,%,I,false
678,Water use,Pressure on water resources,SDG 6.4.2. Municipal Sector Contribution to Water Stress,Sao Tome and Principe,2021,0.674311927,%,I,false
678,Water use,Pressure on water resources,SDG 6.4.2. Municipal Sector Contribution to Water Stress,Sao Tome and Principe,2022,0.674311927,%,I,false
682,Water use,Pressure on water resources,SDG 6.4.2. Municipal Sector Contribution to Water Stress,Saudi Arabia,2020,127.130399097,%,I,false
682,Water use,Pressure on water resources,SDG 6.4.2. Municipal Sector Contribution to Water Stress,Saudi Arabia,2021,127.130399097,%,I,false
682,Water use,Pressure on water resources,SDG 6.4.2. Municipal Sector Contribution to Water Stress,Saudi Arabia,2022,127.130399097,%,I,false
686,Water use,Pressure on water resources,SDG 6.4.2. Municipal Sector Contribution to Water Stress,Senegal,2020,1.406161985,%,E,false
686,Water use,Pressure on water resources,SDG 6.4.2. Municipal Sector Contribution to Water Stress,Senegal,2021,1.406161985,%,E,false
686,Water use,Pressure on water resources,SDG 6.4.2. Municipal Sector Contribution to Water Stress,Senegal,2022,1.406161985,%,E,false
688,Water use,Pressure on water resources,SDG 6.4.2. Municipal Sector Contribution to Water Stress,Serbia,2020,0.763160974,%,E,false
688,Water use,Pressure on water resources,SDG 6.4.2. Municipal Sector Contribution to Water Stress,Serbia,2021,0.774290883,%,E,false
688,Water use,Pressure on water resources,SDG 6.4.2. Municipal Sector Contribution to Water Stress,Serbia,2022,0.791164206,%,E,false
694,Water use,Pressure on water resources,SDG 6.4.2. Municipal Sector Contribution to Water Stress,Sierra Leone,2020,0.259345794,%,I,false
694,Water use,Pressure on water resources,SDG 6.4.2. Municipal Sector Contribution to Water Stress,Sierra Leone,2021,0.259345794,%,I,false
694,Water use,Pressure on water resources,SDG 6.4.2. Municipal Sector Contribution to Water Stress,Sierra Leone,2022,0.259345794,%,I,false
702,Water use,Pressure on water resources,SDG 6.4.2. Municipal Sector Contribution to Water Stress,Singapore,2020,37.4025,%,E,false
702,Water use,Pressure on water resources,SDG 6.4.2. Municipal Sector Contribution to Water Stress,Singapore,2021,28.226108169,%,E,false
702,Water use,Pressure on water resources,SDG 6.4.2. Municipal Sector Contribution to Water Stress,Singapore,2022,18.267323769,%,E,false
703,Water use,Pressure on water resources,SDG 6.4.2. Municipal Sector Contribution to Water Stress,Slovakia,2020,1.261187608,%,E,false
703,Water use,Pressure on water resources,SDG 6.4.2. Municipal Sector Contribution to Water Stress,Slovakia,2021,1.284639415,%,E,false
703,Water use,Pressure on water resources,SDG 6.4.2. Municipal Sector Contribution to Water Stress,Slovakia,2022,1.317598838,%,E,false
705,Water use,Pressure on water resources,SDG 6.4.2. Municipal Sector Contribution to Water Stress,Slovenia,2020,1.148280442,%,E,false
705,Water use,Pressure on water resources,SDG 6.4.2. Municipal Sector Contribution to Water Stress,Slovenia,2021,1.169709263,%,E,false
705,Water use,Pressure on water resources,SDG 6.4.2. Municipal Sector Contribution to Water Stress,Slovenia,2022,1.210277214,%,E,false
722,Water use,Pressure on water resources,SDG 6.4.2. Municipal Sector Contribution to Water Stress,Small Island Developing States,2020,0.740361947,%,E,true
722,Water use,Pressure on water resources,SDG 6.4.2. Municipal Sector Contribution to Water Stress,Small Island Developing States,2021,0.729608456,%,E,true
722,Water use,Pressure on water resources,SDG 6.4.2. Municipal Sector Contribution to Water Stress,Small Island Developing States,2022,0.72768455,%,E,true
706,Water use,Pressure on water resources,SDG 6.4.2. Municipal Sector Contribution to Water Stress,Somalia,2020,0.111557341,%,I,false
706,Water use,Pressure on water resources,SDG 6.4.2. Municipal Sector Contribution to Water Stress,Somalia,2021,0.111557341,%,I,false
706,Water use,Pressure on water resources,SDG 6.4.2. Municipal Sector Contribution to Water Stress,Somalia,2022,0.111557341,%,I,false
710,Water use,Pressure on water resources,SDG 6.4.2. Municipal Sector Contribution to Water Stress,South Africa,2020,10.540244917,%,E,false
710,Water use,Pressure on water resources,SDG 6.4.2. Municipal Sector Contribution to Water Stress,South Africa,2021,11.6625581,%,E,false
710,Water use,Pressure on water resources,SDG 6.4.2. Municipal Sector Contribution to Water Stress,South Africa,2022,11.788727466,%,E,false
728,Water use,Pressure on water resources,SDG 6.4.2. Municipal Sector Contribution to Water Stress,South Sudan,2020,1.239563263,%,E,false
728,Water use,Pressure on water resources,SDG 6.4.2. Municipal Sector Contribution to Water Stress,South Sudan,2021,1.239563263,%,E,false
728,Water use,Pressure on water resources,SDG 6.4.2. Municipal Sector Contribution to Water Stress,South Sudan,2022,1.239563263,%,E,false
35,Water use,Pressure on water resources,SDG 6.4.2. Municipal Sector Contribution to Water Stress,South-eastern Asia,2020,1.729259937,%,E,true
35,Water use,Pressure on water resources,SDG 6.4.2. Municipal Sector Contribution to Water Stress,South-eastern Asia,2021,1.73519799,%,E,true
35,Water use,Pressure on water resources,SDG 6.4.2. Municipal Sector Contribution to Water Stress,South-eastern Asia,2022,1.745911295,%,E,true
34,Water use,Pressure on water resources,SDG 6.4.2. Municipal Sector Contribution to Water Stress,Southern Asia,2020,5.316850949,%,E,true
34,Water use,Pressure on water resources,SDG 6.4.2. Municipal Sector Contribution to Water Stress,Southern Asia,2021,5.288237333,%,E,true
34,Water use,Pressure on water resources,SDG 6.4.2. Municipal Sector Contribution to Water Stress,Southern Asia,2022,5.262627356,%,E,true
724,Water use,Pressure on water resources,SDG 6.4.2. Municipal Sector Contribution to Water Stress,Spain,2020,6.796637453,%,E,false
724,Water use,Pressure on water resources,SDG 6.4.2. Municipal Sector Contribution to Water Stress,Spain,2021,6.796637453,%,E,false
724,Water use,Pressure on water resources,SDG 6.4.2. Municipal Sector Contribution to Water Stress,Spain,2022,6.796637453,%,E,false
144,Water use,Pressure on water resources,SDG 6.4.2. Municipal Sector Contribution to Water Stress,Sri Lanka,2020,5.64516129,%,I,false
144,Water use,Pressure on water resources,SDG 6.4.2. Municipal Sector Contribution to Water Stress,Sri Lanka,2021,5.64516129,%,I,false
144,Water use,Pressure on water resources,SDG 6.4.2. Municipal Sector Contribution to Water Stress,Sri Lanka,2022,5.64516129,%,I,false
202,Water use,Pressure on water resources,SDG 6.4.2. Municipal Sector Contribution to Water Stress,Sub-Saharan Africa,2020,1.032362904,%,E,true
202,Water use,Pressure on water resources,SDG 6.4.2. Municipal Sector Contribution to Water Stress,Sub-Saharan Africa,2021,1.051890734,%,E,true
202,Water use,Pressure on water resources,SDG 6.4.2. Municipal Sector Contribution to Water Stress,Sub-Saharan Africa,2022,1.055242284,%,E,true
729,Water use,Pressure on water resources,SDG 6.4.2. Municipal Sector Contribution to Water Stress,Sudan,2020,4.185022026,%,E,false
729,Water use,Pressure on water resources,SDG 6.4.2. Municipal Sector Contribution to Water Stress,Sudan,2021,4.185022026,%,E,false
729,Water use,Pressure on water resources,SDG 6.4.2. Municipal Sector Contribution to Water Stress,Sudan,2022,4.185022026,%,E,false
740,Water use,Pressure on water resources,SDG 6.4.2. Municipal Sector Contribution to Water Stress,Suriname,2020,0.316228352,%,I,false
740,Water use,Pressure on water resources,SDG 6.4.2. Municipal Sector Contribution to Water Stress,Suriname,2021,0.316228352,%,I,false
740,Water use,Pressure on water resources,SDG 6.4.2. Municipal Sector Contribution to Water Stress,Suriname,2022,0.316228352,%,I,false
752,Water use,Pressure on water resources,SDG 6.4.2. Municipal Sector Contribution to Water Stress,Sweden,2020,1.008251947,%,E,false
752,Water use,Pressure on water resources,SDG 6.4.2. Municipal Sector Contribution to Water Stress,Sweden,2021,1.211072454,%,E,false
752,Water use,Pressure on water resources,SDG 6.4.2. Municipal Sector Contribution to Water Stress,Sweden,2022,1.211072454,%,E,false
756,Water use,Pressure on water resources,SDG 6.4.2. Municipal Sector Contribution to Water Stress,Switzerland,2020,3.503516838,%,E,false
756,Water use,Pressure on water resources,SDG 6.4.2. Municipal Sector Contribution to Water Stress,Switzerland,2021,3.459898785,%,E,false
756,Water use,Pressure on water resources,SDG 6.4.2. Municipal Sector Contribution to Water Stress,Switzerland,2022,3.48795933,%,E,false
760,Water use,Pressure on water resources,SDG 6.4.2. Municipal Sector Contribution to Water Stress,Syrian Arab Republic,2020,10.944321431,%,E,false
760,Water use,Pressure on water resources,SDG 6.4.2. Municipal Sector Contribution to Water Stress,Syrian Arab Republic,2021,10.944321431,%,E,false
760,Water use,Pressure on water resources,SDG 6.4.2. Municipal Sector Contribution to Water Stress,Syrian Arab Republic,2022,10.944321431,%,E,false
762,Water use,Pressure on water resources,SDG 6.4.2. Municipal Sector Contribution to Water Stress,Tajikistan,2020,6.443258285,%,E,false
762,Water use,Pressure on water resources,SDG 6.4.2. Municipal Sector Contribution to Water Stress,Tajikistan,2021,6.443258285,%,E,false
762,Water use,Pressure on water resources,SDG 6.4.2. Municipal Sector Contribution to Water Stress,Tajikistan,2022,6.443258285,%,E,false
764,Water use,Pressure on water resources,SDG 6.4.2. Municipal Sector Contribution to Water Stress,Thailand,2020,1.099975019,%,I,false
764,Water use,Pressure on water resources,SDG 6.4.2. Municipal Sector Contribution to Water Stress,Thailand,2021,1.099975019,%,I,false
764,Water use,Pressure on water resources,SDG 6.4.2. Municipal Sector Contribution to Water Stress,Thailand,2022,1.099975019,%,I,false
626,Water use,Pressure on water resources,SDG 6.4.2. Municipal Sector Contribution to Water Stress,Timor-Leste,2020,2.387843705,%,I,false
626,Water use,Pressure on water resources,SDG 6.4.2. Municipal Sector Contribution to Water Stress,Timor-Leste,2021,2.387843705,%,I,false
626,Water use,Pressure on water resources,SDG 6.4.2. Municipal Sector Contribution to Water Stress,Timor-Leste,2022,2.387843705,%,I,false
768,Water use,Pressure on water resources,SDG 6.4.2. Municipal Sector Contribution to Water Stress,Togo,2020,2.139923954,%,E,false
768,Water use,Pressure on water resources,SDG 6.4.2. Municipal Sector Contribution to Water Stress,Togo,2021,2.139923954,%,E,false
768,Water use,Pressure on water resources,SDG 6.4.2. Municipal Sector Contribution to Water Stress,Togo,2022,2.139923954,%,E,false
780,Water use,Pressure on water resources,SDG 6.4.2. Municipal Sector Contribution to Water Stress,Trinidad and Tobago,2020,12.603267085,%,I,false
780,Water use,Pressure on water resources,SDG 6.4.2. Municipal Sector Contribution to Water Stress,Trinidad and Tobago,2021,12.603267085,%,I,false
780,Water use,Pressure on water resources,SDG 6.4.2. Municipal Sector Contribution to Water Stress,Trinidad and Tobago,2022,12.603267085,%,I,false
788,Water use,Pressure on water resources,SDG 6.4.2. Municipal Sector Contribution to Water Stress,Tunisia,2020,22.303472441,%,E,false
788,Water use,Pressure on water resources,SDG 6.4.2. Municipal Sector Contribution to Water Stress,Tunisia,2021,22.303472441,%,E,false
788,Water use,Pressure on water resources,SDG 6.4.2. Municipal Sector Contribution to Water Stress,Tunisia,2022,22.303472441,%,E,false
795,Water use,Pressure on water resources,SDG 6.4.2. Municipal Sector Contribution to Water Stress,Turkmenistan,2020,2.336451231,%,E,false
795,Water use,Pressure on water resources,SDG 6.4.2. Municipal Sector Contribution to Water Stress,Turkmenistan,2021,3.528189673,%,E,false
795,Water use,Pressure on water resources,SDG 6.4.2. Municipal Sector Contribution to Water Stress,Turkmenistan,2022,3.528189673,%,E,false
792,Water use,Pressure on water resources,SDG 6.4.2. Municipal Sector Contribution to Water Stress,Türkiye,2020,5.173398383,%,E,false
792,Water use,Pressure on water resources,SDG 6.4.2. Municipal Sector Contribution to Water Stress,Türkiye,2021,5.690721094,%,E,false
792,Water use,Pressure on water resources,SDG 6.4.2. Municipal Sector Contribution to Water Stress,Türkiye,2022,5.298489651,%,E,false
800,Water use,Pressure on water resources,SDG 6.4.2. Municipal Sector Contribution to Water Stress,Uganda,2020,3.000914913,%,I,false
800,Water use,Pressure on water resources,SDG 6.4.2. Municipal Sector Contribution to Water Stress,Uganda,2021,3.000914913,%,I,false
800,Water use,Pressure on water resources,SDG 6.4.2. Municipal Sector Contribution to Water Stress,Uganda,2022,3.000914913,%,I,false
804,Water use,Pressure on water resources,SDG 6.4.2. Municipal Sector Contribution to Water Stress,Ukraine,2020,3.451091111,%,E,false
804,Water use,Pressure on water resources,SDG 6.4.2. Municipal Sector Contribution to Water Stress,Ukraine,2021,3.089497162,%,E,false
804,Water use,Pressure on water resources,SDG 6.4.2. Municipal Sector Contribution to Water Stress,Ukraine,2022,2.142881146,%,E,false
784,Water use,Pressure on water resources,SDG 6.4.2. Municipal Sector Contribution to Water Stress,United Arab Emirates,2020,837.501051958,%,E,false
784,Water use,Pressure on water resources,SDG 6.4.2. Municipal Sector Contribution to Water Stress,United Arab Emirates,2021,821.528866131,%,E,false
784,Water use,Pressure on water resources,SDG 6.4.2. Municipal Sector Contribution to Water Stress,United Arab Emirates,2022,719.916010112,%,E,false
826,Water use,Pressure on water resources,SDG 6.4.2. Municipal Sector Contribution to Water Stress,United Kingdom of Great Britain and Northern Ireland,2020,10.615959849,%,I,false
826,Water use,Pressure on water resources,SDG 6.4.2. Municipal Sector Contribution to Water Stress,United Kingdom of Great Britain and Northern Ireland,2021,10.615959849,%,I,false
826,Water use,Pressure on water resources,SDG 6.4.2. Municipal Sector Contribution to Water Stress,United Kingdom of Great Britain and Northern Ireland,2022,10.615959849,%,I,false
834,Water use,Pressure on water resources,SDG 6.4.2. Municipal Sector Contribution to Water Stress,United Republic of Tanzania,2020,1.317829457,%,I,false
834,Water use,Pressure on water resources,SDG 6.4.2. Municipal Sector Contribution to Water Stress,United Republic of Tanzania,2021,1.317829457,%,I,false
834,Water use,Pressure on water resources,SDG 6.4.2. Municipal Sector Contribution to Water Stress,United Republic of Tanzania,2022,1.317829457,%,I,false
840,Water use,Pressure on water resources,SDG 6.4.2. Municipal Sector Contribution to Water Stress,United States of America,2020,3.700253485,%,I,false
840,Water use,Pressure on water resources,SDG 6.4.2. Municipal Sector Contribution to Water Stress,United States of America,2021,3.700253485,%,I,false
840,Water use,Pressure on water resources,SDG 6.4.2. Municipal Sector Contribution to Water Stress,United States of America,2022,3.700253485,%,I,false
858,Water use,Pressure on water resources,SDG 6.4.2. Municipal Sector Contribution to Water Stress,Uruguay,2020,1.123558037,%,E,false
858,Water use,Pressure on water resources,SDG 6.4.2. Municipal Sector Contribution to Water Stress,Uruguay,2021,1.121128243,%,E,false
858,Water use,Pressure on water resources,SDG 6.4.2. Municipal Sector Contribution to Water Stress,Uruguay,2022,1.13483358,%,E,false
860,Water use,Pressure on water resources,SDG 6.4.2. Municipal Sector Contribution to Water Stress,Uzbekistan,2020,6.428779465,%,E,false
860,Water use,Pressure on water resources,SDG 6.4.2. Municipal Sector Contribution to Water Stress,Uzbekistan,2021,6.135899342,%,E,false
860,Water use,Pressure on water resources,SDG 6.4.2. Municipal Sector Contribution to Water Stress,Uzbekistan,2022,6.358770779,%,E,false
862,Water use,Pressure on water resources,SDG 6.4.2. Municipal Sector Contribution to Water Stress,Venezuela (Bolivarian Republic of),2020,1.707274209,%,E,false
862,Water use,Pressure on water resources,SDG 6.4.2. Municipal Sector Contribution to Water Stress,Venezuela (Bolivarian Republic of),2021,1.707274209,%,E,false
862,Water use,Pressure on water resources,SDG 6.4.2. Municipal Sector Contribution to Water Stress,Venezuela (Bolivarian Republic of),2022,1.707274209,%,E,false
704,Water use,Pressure on water resources,SDG 6.4.2. Municipal Sector Contribution to Water Stress,Viet Nam,2020,0.266550778,%,I,false
704,Water use,Pressure on water resources,SDG 6.4.2. Municipal Sector Contribution to Water Stress,Viet Nam,2021,0.266550778,%,I,false
704,Water use,Pressure on water resources,SDG 6.4.2. Municipal Sector Contribution to Water Stress,Viet Nam,2022,0.266550778,%,I,false
145,Water use,Pressure on water resources,SDG 6.4.2. Municipal Sector Contribution to Water Stress,Western Asia,2020,9.908228813,%,E,true
145,Water use,Pressure on water resources,SDG 6.4.2. Municipal Sector Contribution to Water Stress,Western Asia,2021,9.511573569,%,E,true
145,Water use,Pressure on water resources,SDG 6.4.2. Municipal Sector Contribution to Water Stress,Western Asia,2022,9.192270133,%,E,true
1,Water use,Pressure on water resources,SDG 6.4.2. Municipal Sector Contribution to Water Stress,World,2020,2.389386519,%,E,true
1,Water use,Pressure on water resources,SDG 6.4.2. Municipal Sector Contribution to Water Stress,World,2021,2.387235823,%,E,true
1,Water use,Pressure on water resources,SDG 6.4.2. Municipal Sector Contribution to Water Stress,World,2022,2.384592534,%,E,true
887,Water use,Pressure on water resources,SDG 6.4.2. Municipal Sector Contribution to Water Stress,Yemen,2020,12.619047619,%,I,false
887,Water use,Pressure on water resources,SDG 6.4.2. Municipal Sector Contribution to Water Stress,Yemen,2021,12.619047619,%,I,false
887,Water use,Pressure on water resources,SDG 6.4.2. Municipal Sector Contribution to Water Stress,Yemen,2022,12.619047619,%,I,false
894,Water use,Pressure on water resources,SDG 6.4.2. Municipal Sector Contribution to Water Stress,Zambia,2020,0.523088023,%,E,false
894,Water use,Pressure on water resources,SDG 6.4.2. Municipal Sector Contribution to Water Stress,Zambia,2021,0.523088023,%,E,false
894,Water use,Pressure on water resources,SDG 6.4.2. Municipal Sector Contribution to Water Stress,Zambia,2022,0.523088023,%,E,false
716,Water use,Pressure on water resources,SDG 6.4.2. Municipal Sector Contribution to Water Stress,Zimbabwe,2020,5.135918137,%,E,false
716,Water use,Pressure on water resources,SDG 6.4.2. Municipal Sector Contribution to Water Stress,Zimbabwe,2021,5.135918137,%,E,false
716,Water use,Pressure on water resources,SDG 6.4.2. Municipal Sector Contribution to Water Stress,Zimbabwe,2022,5.135918137,%,E,false
4,Water use,Pressure on water resources,SDG 6.4.2. Water Stress,Afghanistan,2020,54.757019438,%,E,false
4,Water use,Pressure on water resources,SDG 6.4.2. Water Stress,Afghanistan,2021,54.757019438,%,E,false
4,Water use,Pressure on water resources,SDG 6.4.2. Water Stress,Afghanistan,2022,54.757019438,%,E,false
8,Water use,Pressure on water resources,SDG 6.4.2. Water Stress,Albania,2020,4.723557692,%,E,false
8,Water use,Pressure on water resources,SDG 6.4.2. Water Stress,Albania,2021,4.783653846,%,E,false
8,Water use,Pressure on water resources,SDG 6.4.2. Water Stress,Albania,2022,4.789663461,%,E,false
12,Water use,Pressure on water resources,SDG 6.4.2. Water Stress,Algeria,2020,149.556775011,%,E,false
12,Water use,Pressure on water resources,SDG 6.4.2. Water Stress,Algeria,2021,140.59378078,%,E,false
12,Water use,Pressure on water resources,SDG 6.4.2. Water Stress,Algeria,2022,144.814971155,%,E,false
24,Water use,Pressure on water resources,SDG 6.4.2. Water Stress,Angola,2020,1.871883289,%,E,false
24,Water use,Pressure on water resources,SDG 6.4.2. Water Stress,Angola,2021,1.871883289,%,E,false
24,Water use,Pressure on water resources,SDG 6.4.2. Water Stress,Angola,2022,1.871883289,%,E,false
28,Water use,Pressure on water resources,SDG 6.4.2. Water Stress,Antigua and Barbuda,2020,8.461538461,%,I,false
28,Water use,Pressure on water resources,SDG 6.4.2. Water Stress,Antigua and Barbuda,2021,8.461538461,%,I,false
28,Water use,Pressure on water resources,SDG 6.4.2. Water Stress,Antigua and Barbuda,2022,8.461538461,%,I,false
32,Water use,Pressure on water resources,SDG 6.4.2. Water Stress,Argentina,2020,10.456664077,%,E,false
32,Water use,Pressure on water resources,SDG 6.4.2. Water Stress,Argentina,2021,10.456664077,%,E,false
32,Water use,Pressure on water resources,SDG 6.4.2. Water Stress,Argentina,2022,10.456664077,%,E,false
51,Water use,Pressure on water resources,SDG 6.4.2. Water Stress,Armenia,2020,57.090982449,%,E,false
51,Water use,Pressure on water resources,SDG 6.4.2. Water Stress,Armenia,2021,59.854750857,%,E,false
51,Water use,Pressure on water resources,SDG 6.4.2. Water Stress,Armenia,2022,61.972967521,%,E,false
36,Water use,Pressure on water resources,SDG 6.4.2. Water Stress,Australia,2020,3.369521512,%,E,false
36,Water use,Pressure on water resources,SDG 6.4.2. Water Stress,Australia,2021,4.44712505,%,E,false
36,Water use,Pressure on water resources,SDG 6.4.2. Water Stress,Australia,2022,4.672295939,%,E,false
53,Water use,Pressure on water resources,SDG 6.4.2. Water Stress,Australia and New Zealand,2020,5.008848829,%,E,true
53,Water use,Pressure on water resources,SDG 6.4.2. Water Stress,Australia and New Zealand,2021,5.744193385,%,E,true
53,Water use,Pressure on water resources,SDG 6.4.2. Water Stress,Australia and New Zealand,2022,5.897847471,%,E,true
40,Water use,Pressure on water resources,SDG 6.4.2. Water Stress,Austria,2020,8.676429953,%,E,false
40,Water use,Pressure on water resources,SDG 6.4.2. Water Stress,Austria,2021,8.676429953,%,E,false
40,Water use,Pressure on water resources,SDG 6.4.2. Water Stress,Austria,2022,8.676429953,%,E,false
31,Water use,Pressure on water resources,SDG 6.4.2. Water Stress,Azerbaijan,2020,53.888628836,%,E,false
31,Water use,Pressure on water resources,SDG 6.4.2. Water Stress,Azerbaijan,2021,57.265886509,%,E,false
31,Water use,Pressure on water resources,SDG 6.4.2. Water Stress,Azerbaijan,2022,57.527047913,%,E,false
48,Water use,Pressure on water resources,SDG 6.4.2. Water Stress,Bahrain,2020,133.706896552,%,I,false
48,Water use,Pressure on water resources,SDG 6.4.2. Water Stress,Bahrain,2021,133.706896552,%,I,false
48,Water use,Pressure on water resources,SDG 6.4.2. Water Stress,Bahrain,2022,133.706896552,%,I,false
50,Water use,Pressure on water resources,SDG 6.4.2. Water Stress,Bangladesh,2020,5.723339482,%,E,false
50,Water use,Pressure on water resources,SDG 6.4.2. Water Stress,Bangladesh,2021,5.723339482,%,E,false
50,Water use,Pressure on water resources,SDG 6.4.2. Water Stress,Bangladesh,2022,5.723339482,%,E,false
52,Water use,Pressure on water resources,SDG 6.4.2. Water Stress,Barbados,2020,87.5,%,I,false
52,Water use,Pressure on water resources,SDG 6.4.2. Water Stress,Barbados,2021,87.5,%,I,false
52,Water use,Pressure on water resources,SDG 6.4.2. Water Stress,Barbados,2022,87.5,%,I,false
112,Water use,Pressure on water resources,SDG 6.4.2. Water Stress,Belarus,2020,4.377059987,%,E,false
112,Water use,Pressure on water resources,SDG 6.4.2. Water Stress,Belarus,2021,4.696769941,%,E,false
112,Water use,Pressure on water resources,SDG 6.4.2. Water Stress,Belarus,2022,4.660514173,%,E,false
56,Water use,Pressure on water resources,SDG 6.4.2. Water Stress,Belgium,2020,52.169836155,%,E,false
56,Water use,Pressure on water resources,SDG 6.4.2. Water Stress,Belgium,2021,52.825742252,%,E,false
56,Water use,Pressure on water resources,SDG 6.4.2. Water Stress,Belgium,2022,52.825742252,%,E,false
84,Water use,Pressure on water resources,SDG 6.4.2. Water Stress,Belize,2020,1.260294485,%,E,false
84,Water use,Pressure on water resources,SDG 6.4.2. Water Stress,Belize,2021,1.260294485,%,E,false
84,Water use,Pressure on water resources,SDG 6.4.2. Water Stress,Belize,2022,1.260294485,%,E,false
204,Water use,Pressure on water resources,SDG 6.4.2. Water Stress,Benin,2020,0.975243811,%,E,false
204,Water use,Pressure on water resources,SDG 6.4.2. Water Stress,Benin,2021,0.975243811,%,E,false
204,Water use,Pressure on water resources,SDG 6.4.2. Water Stress,Benin,2022,0.975243811,%,E,false
64,Water use,Pressure on water resources,SDG 6.4.2. Water Stress,Bhutan,2020,1.413807531,%,E,false
64,Water use,Pressure on water resources,SDG 6.4.2. Water Stress,Bhutan,2021,1.413807531,%,E,false
64,Water use,Pressure on water resources,SDG 6.4.2. Water Stress,Bhutan,2022,1.413807531,%,E,false
68,Water use,Pressure on water resources,SDG 6.4.2. Water Stress,Bolivia (Plurinational State of),2020,0.207365543,%,E,false
68,Water use,Pressure on water resources,SDG 6.4.2. Water Stress,Bolivia (Plurinational State of),2021,0.202979589,%,E,false
68,Water use,Pressure on water resources,SDG 6.4.2. Water Stress,Bolivia (Plurinational State of),2022,0.202979589,%,E,false
70,Water use,Pressure on water resources,SDG 6.4.2. Water Stress,Bosnia and Herzegovina,2020,2.000531208,%,E,false
70,Water use,Pressure on water resources,SDG 6.4.2. Water Stress,Bosnia and Herzegovina,2021,2.03187251,%,E,false
70,Water use,Pressure on water resources,SDG 6.4.2. Water Stress,Bosnia and Herzegovina,2022,2.071713147,%,E,false
72,Water use,Pressure on water resources,SDG 6.4.2. Water Stress,Botswana,2020,2.305004706,%,E,false
72,Water use,Pressure on water resources,SDG 6.4.2. Water Stress,Botswana,2021,2.442973031,%,E,false
72,Water use,Pressure on water resources,SDG 6.4.2. Water Stress,Botswana,2022,2.230009819,%,E,false
76,Water use,Pressure on water resources,SDG 6.4.2. Water Stress,Brazil,2020,1.47688177,%,E,false
76,Water use,Pressure on water resources,SDG 6.4.2. Water Stress,Brazil,2021,1.481946279,%,E,false
76,Water use,Pressure on water resources,SDG 6.4.2. Water Stress,Brazil,2022,1.495816821,%,E,false
96,Water use,Pressure on water resources,SDG 6.4.2. Water Stress,Brunei Darussalam,2020,3.466465712,%,E,false
96,Water use,Pressure on water resources,SDG 6.4.2. Water Stress,Brunei Darussalam,2021,3.466465712,%,E,false
96,Water use,Pressure on water resources,SDG 6.4.2. Water Stress,Brunei Darussalam,2022,3.466465712,%,E,false
100,Water use,Pressure on water resources,SDG 6.4.2. Water Stress,Bulgaria,2020,36.728509129,%,E,false
100,Water use,Pressure on water resources,SDG 6.4.2. Water Stress,Bulgaria,2021,38.52465075,%,E,false
100,Water use,Pressure on water resources,SDG 6.4.2. Water Stress,Bulgaria,2022,40.235300924,%,E,false
854,Water use,Pressure on water resources,SDG 6.4.2. Water Stress,Burkina Faso,2020,7.820267686,%,E,false
854,Water use,Pressure on water resources,SDG 6.4.2. Water Stress,Burkina Faso,2021,7.820267686,%,E,false
854,Water use,Pressure on water resources,SDG 6.4.2. Water Stress,Burkina Faso,2022,7.820267686,%,E,false
108,Water use,Pressure on water resources,SDG 6.4.2. Water Stress,Burundi,2020,10.19286754,%,E,false
108,Water use,Pressure on water resources,SDG 6.4.2. Water Stress,Burundi,2021,10.19286754,%,E,false
108,Water use,Pressure on water resources,SDG 6.4.2. Water Stress,Burundi,2022,10.19286754,%,E,false
132,Water use,Pressure on water resources,SDG 6.4.2. Water Stress,Cabo Verde,2020,68.943736667,%,E,false
132,Water use,Pressure on water resources,SDG 6.4.2. Water Stress,Cabo Verde,2021,57.177506667,%,E,false
132,Water use,Pressure on water resources,SDG 6.4.2. Water Stress,Cabo Verde,2022,59.68371,%,E,false
116,Water use,Pressure on water resources,SDG 6.4.2. Water Stress,Cambodia,2020,1.03654485,%,E,false
116,Water use,Pressure on water resources,SDG 6.4.2. Water Stress,Cambodia,2021,1.03654485,%,E,false
116,Water use,Pressure on water resources,SDG 6.4.2. Water Stress,Cambodia,2022,1.03654485,%,E,false
120,Water use,Pressure on water resources,SDG 6.4.2. Water Stress,Cameroon,2020,1.560430107,%,E,false
120,Water use,Pressure on water resources,SDG 6.4.2. Water Stress,Cameroon,2021,1.560430107,%,E,false
120,Water use,Pressure on water resources,SDG 6.4.2. Water Stress,Cameroon,2022,1.560430107,%,E,false
124,Water use,Pressure on water resources,SDG 6.4.2. Water Stress,Canada,2020,3.733573635,%,E,false
124,Water use,Pressure on water resources,SDG 6.4.2. Water Stress,Canada,2021,3.720700309,%,E,false
124,Water use,Pressure on water resources,SDG 6.4.2. Water Stress,Canada,2022,3.720700309,%,E,false
140,Water use,Pressure on water resources,SDG 6.4.2. Water Stress,Central African Republic,2020,0.335648148,%,E,false
140,Water use,Pressure on water resources,SDG 6.4.2. Water Stress,Central African Republic,2021,0.335648148,%,E,false
140,Water use,Pressure on water resources,SDG 6.4.2. Water Stress,Central African Republic,2022,0.335648148,%,E,false
143,Water use,Pressure on water resources,SDG 6.4.2. Water Stress,Central Asia,2020,74.402771298,%,E,true
143,Water use,Pressure on water resources,SDG 6.4.2. Water Stress,Central Asia,2021,69.67652571,%,E,true
143,Water use,Pressure on water resources,SDG 6.4.2. Water Stress,Central Asia,2022,70.206729529,%,E,true
62,Water use,Pressure on water resources,SDG 6.4.2. Water Stress,Central and Southern Asia,2020,70.574456203,%,E,true
62,Water use,Pressure on water resources,SDG 6.4.2. Water Stress,Central and Southern Asia,2021,69.761307367,%,E,true
62,Water use,Pressure on water resources,SDG 6.4.2. Water Stress,Central and Southern Asia,2022,69.510381072,%,E,true
148,Water use,Pressure on water resources,SDG 6.4.2. Water Stress,Chad,2020,4.294921875,%,E,false
148,Water use,Pressure on water resources,SDG 6.4.2. Water Stress,Chad,2021,4.294921875,%,E,false
148,Water use,Pressure on water resources,SDG 6.4.2. Water Stress,Chad,2022,4.294921875,%,E,false
152,Water use,Pressure on water resources,SDG 6.4.2. Water Stress,Chile,2020,8.982121089,%,E,false
152,Water use,Pressure on water resources,SDG 6.4.2. Water Stress,Chile,2021,8.982121089,%,E,false
152,Water use,Pressure on water resources,SDG 6.4.2. Water Stress,Chile,2022,8.982121089,%,E,false
156,Water use,Pressure on water resources,SDG 6.4.2. Water Stress,China,2020,41.518528797,%,E,false
156,Water use,Pressure on water resources,SDG 6.4.2. Water Stress,China,2021,41.518528797,%,E,false
156,Water use,Pressure on water resources,SDG 6.4.2. Water Stress,China,2022,41.518528797,%,E,false
170,Water use,Pressure on water resources,SDG 6.4.2. Water Stress,Colombia,2020,3.392555389,%,E,false
170,Water use,Pressure on water resources,SDG 6.4.2. Water Stress,Colombia,2021,3.52426497,%,E,false
170,Water use,Pressure on water resources,SDG 6.4.2. Water Stress,Colombia,2022,3.632281437,%,E,false
174,Water use,Pressure on water resources,SDG 6.4.2. Water Stress,Comoros,2020,0.833333333,%,I,false
174,Water use,Pressure on water resources,SDG 6.4.2. Water Stress,Comoros,2021,0.833333333,%,I,false
174,Water use,Pressure on water resources,SDG 6.4.2. Water Stress,Comoros,2022,0.833333333,%,I,false
178,Water use,Pressure on water resources,SDG 6.4.2. Water Stress,Congo,2020,0.027446301,%,E,false
178,Water use,Pressure on water resources,SDG 6.4.2. Water Stress,Congo,2021,0.027446301,%,E,false
178,Water use,Pressure on water resources,SDG 6.4.2. Water Stress,Congo,2022,0.027446301,%,E,false
188,Water use,Pressure on water resources,SDG 6.4.2. Water Stress,Costa Rica,2020,5.351672355,%,E,false
188,Water use,Pressure on water resources,SDG 6.4.2. Water Stress,Costa Rica,2021,5.881962457,%,E,false
188,Water use,Pressure on water resources,SDG 6.4.2. Water Stress,Costa Rica,2022,5.881962457,%,E,false
191,Water use,Pressure on water resources,SDG 6.4.2. Water Stress,Croatia,2020,1.462872388,%,E,false
191,Water use,Pressure on water resources,SDG 6.4.2. Water Stress,Croatia,2021,1.47843486,%,E,false
191,Water use,Pressure on water resources,SDG 6.4.2. Water Stress,Croatia,2022,1.509559804,%,E,false
192,Water use,Pressure on water resources,SDG 6.4.2. Water Stress,Cuba,2020,23.939446069,%,E,false
192,Water use,Pressure on water resources,SDG 6.4.2. Water Stress,Cuba,2021,23.939446069,%,E,false
192,Water use,Pressure on water resources,SDG 6.4.2. Water Stress,Cuba,2022,23.939446069,%,E,false
196,Water use,Pressure on water resources,SDG 6.4.2. Water Stress,Cyprus,2020,31.574630946,%,E,false
196,Water use,Pressure on water resources,SDG 6.4.2. Water Stress,Cyprus,2021,32.121377802,%,E,false
196,Water use,Pressure on water resources,SDG 6.4.2. Water Stress,Cyprus,2022,30.481137234,%,E,false
203,Water use,Pressure on water resources,SDG 6.4.2. Water Stress,Czechia,2020,20.772506083,%,E,false
203,Water use,Pressure on water resources,SDG 6.4.2. Water Stress,Czechia,2021,20.513990268,%,E,false
203,Water use,Pressure on water resources,SDG 6.4.2. Water Stress,Czechia,2022,21.973844282,%,E,false
384,Water use,Pressure on water resources,SDG 6.4.2. Water Stress,Côte d'Ivoire,2020,5.087565674,%,E,false
384,Water use,Pressure on water resources,SDG 6.4.2. Water Stress,Côte d'Ivoire,2021,5.087565674,%,E,false
384,Water use,Pressure on water resources,SDG 6.4.2. Water Stress,Côte d'Ivoire,2022,5.087565674,%,E,false
408,Water use,Pressure on water resources,SDG 6.4.2. Water Stress,Democratic People's Republic of Korea,2020,27.740467799,%,E,false
408,Water use,Pressure on water resources,SDG 6.4.2. Water Stress,Democratic People's Republic of Korea,2021,27.740467799,%,E,false
408,Water use,Pressure on water resources,SDG 6.4.2. Water Stress,Democratic People's Republic of Korea,2022,27.740467799,%,E,false
180,Water use,Pressure on water resources,SDG 6.4.2. Water Stress,Democratic Republic of the Congo,2020,0.226883505,%,E,false
180,Water use,Pressure on water resources,SDG 6.4.2. Water Stress,Democratic Republic of the Congo,2021,0.226883505,%,E,false
180,Water use,Pressure on water resources,SDG 6.4.2. Water Stress,Democratic Republic of the Congo,2022,0.226883505,%,E,false
208,Water use,Pressure on water resources,SDG 6.4.2. Water Stress,Denmark,2020,25.615927528,%,E,false
208,Water use,Pressure on water resources,SDG 6.4.2. Water Stress,Denmark,2021,25.937398594,%,E,false
208,Water use,Pressure on water resources,SDG 6.4.2. Water Stress,Denmark,2022,25.266360195,%,E,false
262,Water use,Pressure on water resources,SDG 6.4.2. Water Stress,Djibouti,2020,6.333333333,%,I,false
262,Water use,Pressure on water resources,SDG 6.4.2. Water Stress,Djibouti,2021,6.333333333,%,I,false
262,Water use,Pressure on water resources,SDG 6.4.2. Water Stress,Djibouti,2022,6.333333333,%,I,false
212,Water use,Pressure on water resources,SDG 6.4.2. Water Stress,Dominica,2020,10,%,I,false
212,Water use,Pressure on water resources,SDG 6.4.2. Water Stress,Dominica,2021,10,%,I,false
212,Water use,Pressure on water resources,SDG 6.4.2. Water Stress,Dominica,2022,10,%,I,false
214,Water use,Pressure on water resources,SDG 6.4.2. Water Stress,Dominican Republic,2020,39.553314121,%,E,false
214,Water use,Pressure on water resources,SDG 6.4.2. Water Stress,Dominican Republic,2021,39.553314121,%,E,false
214,Water use,Pressure on water resources,SDG 6.4.2. Water Stress,Dominican Republic,2022,39.553314121,%,E,false
30,Water use,Pressure on water resources,SDG 6.4.2. Water Stress,Eastern Asia,2020,44.145050767,%,E,true
30,Water use,Pressure on water resources,SDG 6.4.2. Water Stress,Eastern Asia,2021,44.145050767,%,E,true
30,Water use,Pressure on water resources,SDG 6.4.2. Water Stress,Eastern Asia,2022,44.145050767,%,E,true
753,Water use,Pressure on water resources,SDG 6.4.2. Water Stress,Eastern and South-Eastern Asia,2020,30.431115283,%,E,true
753,Water use,Pressure on water resources,SDG 6.4.2. Water Stress,Eastern and South-Eastern Asia,2021,30.466327564,%,E,true
753,Water use,Pressure on water resources,SDG 6.4.2. Water Stress,Eastern and South-Eastern Asia,2022,30.51470262,%,E,true
218,Water use,Pressure on water resources,SDG 6.4.2. Water Stress,Ecuador,2020,6.782352941,%,E,false
218,Water use,Pressure on water resources,SDG 6.4.2. Water Stress,Ecuador,2021,6.782352941,%,E,false
218,Water use,Pressure on water resources,SDG 6.4.2. Water Stress,Ecuador,2022,6.782352941,%,E,false
818,Water use,Pressure on water resources,SDG 6.4.2. Water Stress,Egypt,2020,141.16575592,%,E,false
818,Water use,Pressure on water resources,SDG 6.4.2. Water Stress,Egypt,2021,141.16575592,%,E,false
818,Water use,Pressure on water resources,SDG 6.4.2. Water Stress,Egypt,2022,141.16575592,%,E,false
222,Water use,Pressure on water resources,SDG 6.4.2. Water Stress,El Salvador,2020,12.224813677,%,E,false
222,Water use,Pressure on water resources,SDG 6.4.2. Water Stress,El Salvador,2021,12.158952846,%,E,false
222,Water use,Pressure on water resources,SDG 6.4.2. Water Stress,El Salvador,2022,12.093092015,%,E,false
226,Water use,Pressure on water resources,SDG 6.4.2. Water Stress,Equatorial Guinea,2020,0.183503244,%,E,false
226,Water use,Pressure on water resources,SDG 6.4.2. Water Stress,Equatorial Guinea,2021,0.183503244,%,E,false
226,Water use,Pressure on water resources,SDG 6.4.2. Water Stress,Equatorial Guinea,2022,0.183503244,%,E,false
232,Water use,Pressure on water resources,SDG 6.4.2. Water Stress,Eritrea,2020,11.175115207,%,E,false
232,Water use,Pressure on water resources,SDG 6.4.2. Water Stress,Eritrea,2021,11.175115207,%,E,false
232,Water use,Pressure on water resources,SDG 6.4.2. Water Stress,Eritrea,2022,11.175115207,%,E,false
233,Water use,Pressure on water resources,SDG 6.4.2. Water Stress,Estonia,2020,9.231085498,%,E,false
233,Water use,Pressure on water resources,SDG 6.4.2. Water Stress,Estonia,2021,10.819801331,%,E,false
233,Water use,Pressure on water resources,SDG 6.4.2. Water Stress,Estonia,2022,13.046285195,%,E,false
748,Water use,Pressure on water resources,SDG 6.4.2. Water Stress,Eswatini,2020,77.559912854,%,E,false
748,Water use,Pressure on water resources,SDG 6.4.2. Water Stress,Eswatini,2021,77.559912854,%,E,false
748,Water use,Pressure on water resources,SDG 6.4.2. Water Stress,Eswatini,2022,77.559912854,%,E,false
231,Water use,Pressure on water resources,SDG 6.4.2. Water Stress,Ethiopia,2020,32.257186544,%,E,false
231,Water use,Pressure on water resources,SDG 6.4.2. Water Stress,Ethiopia,2021,32.257186544,%,E,false
231,Water use,Pressure on water resources,SDG 6.4.2. Water Stress,Ethiopia,2022,32.257186544,%,E,false
150,Water use,Pressure on water resources,SDG 6.4.2. Water Stress,Europe,2020,8.329502859,%,E,true
150,Water use,Pressure on water resources,SDG 6.4.2. Water Stress,Europe,2021,8.33856019,%,E,true
150,Water use,Pressure on water resources,SDG 6.4.2. Water Stress,Europe,2022,8.275784035,%,E,true
513,Water use,Pressure on water resources,SDG 6.4.2. Water Stress,Europe and Northern America,2020,12.318073705,%,E,true
513,Water use,Pressure on water resources,SDG 6.4.2. Water Stress,Europe and Northern America,2021,12.321026644,%,E,true
513,Water use,Pressure on water resources,SDG 6.4.2. Water Stress,Europe and Northern America,2022,12.286589736,%,E,true
242,Water use,Pressure on water resources,SDG 6.4.2. Water Stress,Fiji,2020,0.29737303,%,I,false
242,Water use,Pressure on water resources,SDG 6.4.2. Water Stress,Fiji,2021,0.29737303,%,I,false
242,Water use,Pressure on water resources,SDG 6.4.2. Water Stress,Fiji,2022,0.29737303,%,I,false
246,Water use,Pressure on water resources,SDG 6.4.2. Water Stress,Finland,2020,7.114062129,%,E,false
246,Water use,Pressure on water resources,SDG 6.4.2. Water Stress,Finland,2021,7.114062129,%,E,false
246,Water use,Pressure on water resources,SDG 6.4.2. Water Stress,Finland,2022,7.114062129,%,E,false
250,Water use,Pressure on water resources,SDG 6.4.2. Water Stress,France,2020,21.598137074,%,E,false
250,Water use,Pressure on water resources,SDG 6.4.2. Water Stress,France,2021,21.384627156,%,E,false
250,Water use,Pressure on water resources,SDG 6.4.2. Water Stress,France,2022,21.384627156,%,E,false
266,Water use,Pressure on water resources,SDG 6.4.2. Water Stress,Gabon,2020,0.502166065,%,E,false
266,Water use,Pressure on water resources,SDG 6.4.2. Water Stress,Gabon,2021,0.502166065,%,E,false
266,Water use,Pressure on water resources,SDG 6.4.2. Water Stress,Gabon,2022,0.502166065,%,E,false
270,Water use,Pressure on water resources,SDG 6.4.2. Water Stress,Gambia,2020,2.209656372,%,E,false
270,Water use,Pressure on water resources,SDG 6.4.2. Water Stress,Gambia,2021,2.209656372,%,E,false
270,Water use,Pressure on water resources,SDG 6.4.2. Water Stress,Gambia,2022,2.209656372,%,E,false
268,Water use,Pressure on water resources,SDG 6.4.2. Water Stress,Georgia,2020,5.386710098,%,E,false
268,Water use,Pressure on water resources,SDG 6.4.2. Water Stress,Georgia,2021,5.240977199,%,E,false
268,Water use,Pressure on water resources,SDG 6.4.2. Water Stress,Georgia,2022,4.212964169,%,E,false
276,Water use,Pressure on water resources,SDG 6.4.2. Water Stress,Germany,2020,35.351657072,%,E,false
276,Water use,Pressure on water resources,SDG 6.4.2. Water Stress,Germany,2021,35.351657072,%,E,false
276,Water use,Pressure on water resources,SDG 6.4.2. Water Stress,Germany,2022,35.351657072,%,E,false
288,Water use,Pressure on water resources,SDG 6.4.2. Water Stress,Ghana,2020,6.314734089,%,E,false
288,Water use,Pressure on water resources,SDG 6.4.2. Water Stress,Ghana,2021,6.314734089,%,E,false
288,Water use,Pressure on water resources,SDG 6.4.2. Water Stress,Ghana,2022,6.314734089,%,E,false
300,Water use,Pressure on water resources,SDG 6.4.2. Water Stress,Greece,2020,20.477442849,%,E,false
300,Water use,Pressure on water resources,SDG 6.4.2. Water Stress,Greece,2021,20.406635646,%,E,false
300,Water use,Pressure on water resources,SDG 6.4.2. Water Stress,Greece,2022,20.32571313,%,E,false
308,Water use,Pressure on water resources,SDG 6.4.2. Water Stress,Grenada,2020,7.05,%,I,false
308,Water use,Pressure on water resources,SDG 6.4.2. Water Stress,Grenada,2021,7.05,%,I,false
308,Water use,Pressure on water resources,SDG 6.4.2. Water Stress,Grenada,2022,7.05,%,I,false
320,Water use,Pressure on water resources,SDG 6.4.2. Water Stress,Guatemala,2020,5.742097081,%,E,false
320,Water use,Pressure on water resources,SDG 6.4.2. Water Stress,Guatemala,2021,5.742097081,%,E,false
320,Water use,Pressure on water resources,SDG 6.4.2. Water Stress,Guatemala,2022,5.742097081,%,E,false
324,Water use,Pressure on water resources,SDG 6.4.2. Water Stress,Guinea,2020,1.369230769,%,E,false
324,Water use,Pressure on water resources,SDG 6.4.2. Water Stress,Guinea,2021,1.369230769,%,E,false
324,Water use,Pressure on water resources,SDG 6.4.2. Water Stress,Guinea,2022,1.369230769,%,E,false
624,Water use,Pressure on water resources,SDG 6.4.2. Water Stress,Guinea-Bissau,2020,1.495726496,%,E,false
624,Water use,Pressure on water resources,SDG 6.4.2. Water Stress,Guinea-Bissau,2021,1.495726496,%,E,false
624,Water use,Pressure on water resources,SDG 6.4.2. Water Stress,Guinea-Bissau,2022,1.495726496,%,E,false
328,Water use,Pressure on water resources,SDG 6.4.2. Water Stress,Guyana,2020,3.298401827,%,E,false
328,Water use,Pressure on water resources,SDG 6.4.2. Water Stress,Guyana,2021,3.298401827,%,E,false
328,Water use,Pressure on water resources,SDG 6.4.2. Water Stress,Guyana,2022,3.298401827,%,E,false
332,Water use,Pressure on water resources,SDG 6.4.2. Water Stress,Haiti,2020,13.383791767,%,E,false
332,Water use,Pressure on water resources,SDG 6.4.2. Water Stress,Haiti,2021,13.383791767,%,E,false
332,Water use,Pressure on water resources,SDG 6.4.2. Water Stress,Haiti,2022,13.383791767,%,E,false
340,Water use,Pressure on water resources,SDG 6.4.2. Water Stress,Honduras,2020,4.621268764,%,E,false
340,Water use,Pressure on water resources,SDG 6.4.2. Water Stress,Honduras,2021,4.621268764,%,E,false
340,Water use,Pressure on water resources,SDG 6.4.2. Water Stress,Honduras,2022,4.621268764,%,E,false
348,Water use,Pressure on water resources,SDG 6.4.2. Water Stress,Hungary,2020,7.739896373,%,E,false
348,Water use,Pressure on water resources,SDG 6.4.2. Water Stress,Hungary,2021,7.718307427,%,E,false
348,Water use,Pressure on water resources,SDG 6.4.2. Water Stress,Hungary,2022,8.108497409,%,E,false
352,Water use,Pressure on water resources,SDG 6.4.2. Water Stress,Iceland,2020,0.394075282,%,E,false
352,Water use,Pressure on water resources,SDG 6.4.2. Water Stress,Iceland,2021,0.394075282,%,E,false
352,Water use,Pressure on water resources,SDG 6.4.2. Water Stress,Iceland,2022,0.394075282,%,E,false
356,Water use,Pressure on water resources,SDG 6.4.2. Water Stress,India,2020,66.492092832,%,E,false
356,Water use,Pressure on water resources,SDG 6.4.2. Water Stress,India,2021,66.492092832,%,E,false
356,Water use,Pressure on water resources,SDG 6.4.2. Water Stress,India,2022,66.492092832,%,E,false
360,Water use,Pressure on water resources,SDG 6.4.2. Water Stress,Indonesia,2020,29.696545285,%,E,false
360,Water use,Pressure on water resources,SDG 6.4.2. Water Stress,Indonesia,2021,29.696545285,%,E,false
360,Water use,Pressure on water resources,SDG 6.4.2. Water Stress,Indonesia,2022,29.696545285,%,E,false
364,Water use,Pressure on water resources,SDG 6.4.2. Water Stress,Iran (Islamic Republic of),2020,81.289081289,%,E,false
364,Water use,Pressure on water resources,SDG 6.4.2. Water Stress,Iran (Islamic Republic of),2021,81.289081289,%,E,false
364,Water use,Pressure on water resources,SDG 6.4.2. Water Stress,Iran (Islamic Republic of),2022,81.289081289,%,E,false
368,Water use,Pressure on water resources,SDG 6.4.2. Water Stress,Iraq,2020,63.258426966,%,E,false
368,Water use,Pressure on water resources,SDG 6.4.2. Water Stress,Iraq,2021,59.583848315,%,E,false
368,Water use,Pressure on water resources,SDG 6.4.2. Water Stress,Iraq,2022,59.583848315,%,E,false
372,Water use,Pressure on water resources,SDG 6.4.2. Water Stress,Ireland,2020,7.430221367,%,E,false
372,Water use,Pressure on water resources,SDG 6.4.2. Water Stress,Ireland,2021,7.60827719,%,E,false
372,Water use,Pressure on water resources,SDG 6.4.2. Water Stress,Ireland,2022,8.051010587,%,E,false
376,Water use,Pressure on water resources,SDG 6.4.2. Water Stress,Israel,2020,110.085411095,%,E,false
376,Water use,Pressure on water resources,SDG 6.4.2. Water Stress,Israel,2021,131.998964714,%,E,false
376,Water use,Pressure on water resources,SDG 6.4.2. Water Stress,Israel,2022,129.669571219,%,E,false
380,Water use,Pressure on water resources,SDG 6.4.2. Water Stress,Italy,2020,29.798220108,%,E,false
380,Water use,Pressure on water resources,SDG 6.4.2. Water Stress,Italy,2021,29.739289805,%,E,false
380,Water use,Pressure on water resources,SDG 6.4.2. Water Stress,Italy,2022,29.767380386,%,E,false
388,Water use,Pressure on water resources,SDG 6.4.2. Water Stress,Jamaica,2020,11.046430785,%,E,false
388,Water use,Pressure on water resources,SDG 6.4.2. Water Stress,Jamaica,2021,12.382818879,%,E,false
388,Water use,Pressure on water resources,SDG 6.4.2. Water Stress,Jamaica,2022,12.382818879,%,E,false
392,Water use,Pressure on water resources,SDG 6.4.2. Water Stress,Japan,2020,36.643678161,%,E,false
392,Water use,Pressure on water resources,SDG 6.4.2. Water Stress,Japan,2021,36.643678161,%,E,false
392,Water use,Pressure on water resources,SDG 6.4.2. Water Stress,Japan,2022,36.643678161,%,E,false
400,Water use,Pressure on water resources,SDG 6.4.2. Water Stress,Jordan,2020,106.049396389,%,E,false
400,Water use,Pressure on water resources,SDG 6.4.2. Water Stress,Jordan,2021,102.51633625,%,E,false
400,Water use,Pressure on water resources,SDG 6.4.2. Water Stress,Jordan,2022,105.202126481,%,E,false
398,Water use,Pressure on water resources,SDG 6.4.2. Water Stress,Kazakhstan,2020,34.098474341,%,E,false
398,Water use,Pressure on water resources,SDG 6.4.2. Water Stress,Kazakhstan,2021,34.004160888,%,E,false
398,Water use,Pressure on water resources,SDG 6.4.2. Water Stress,Kazakhstan,2022,34.626907073,%,E,false
404,Water use,Pressure on water resources,SDG 6.4.2. Water Stress,Kenya,2020,33.239901072,%,E,false
404,Water use,Pressure on water resources,SDG 6.4.2. Water Stress,Kenya,2021,33.239901072,%,E,false
404,Water use,Pressure on water resources,SDG 6.4.2. Water Stress,Kenya,2022,33.239901072,%,E,false
414,Water use,Pressure on water resources,SDG 6.4.2. Water Stress,Kuwait,2020,3850.5,%,E,false
414,Water use,Pressure on water resources,SDG 6.4.2. Water Stress,Kuwait,2021,3850.5,%,E,false
414,Water use,Pressure on water resources,SDG 6.4.2. Water Stress,Kuwait,2022,3850.5,%,E,false
417,Water use,Pressure on water resources,SDG 6.4.2. Water Stress,Kyrgyzstan,2020,50.03895598,%,E,false
417,Water use,Pressure on water resources,SDG 6.4.2. Water Stress,Kyrgyzstan,2021,50.03895598,%,E,false
417,Water use,Pressure on water resources,SDG 6.4.2. Water Stress,Kyrgyzstan,2022,50.03895598,%,E,false
432,Water use,Pressure on water resources,SDG 6.4.2. Water Stress,Land Locked Developing Countries,2020,14.979713201,%,E,true
432,Water use,Pressure on water resources,SDG 6.4.2. Water Stress,Land Locked Developing Countries,2021,14.510580592,%,E,true
432,Water use,Pressure on water resources,SDG 6.4.2. Water Stress,Land Locked Developing Countries,2022,14.625247655,%,E,true
418,Water use,Pressure on water resources,SDG 6.4.2. Water Stress,Lao People's Democratic Republic,2020,4.791395046,%,E,false
418,Water use,Pressure on water resources,SDG 6.4.2. Water Stress,Lao People's Democratic Republic,2021,4.791395046,%,E,false
418,Water use,Pressure on water resources,SDG 6.4.2. Water Stress,Lao People's Democratic Republic,2022,4.791395046,%,E,false
419,Water use,Pressure on water resources,SDG 6.4.2. Water Stress,Latin America and the Caribbean,2020,5.885975351,%,E,true
419,Water use,Pressure on water resources,SDG 6.4.2. Water Stress,Latin America and the Caribbean,2021,5.692132608,%,E,true
419,Water use,Pressure on water resources,SDG 6.4.2. Water Stress,Latin America and the Caribbean,2022,5.734901902,%,E,true
428,Water use,Pressure on water resources,SDG 6.4.2. Water Stress,Latvia,2020,1.067831467,%,E,false
428,Water use,Pressure on water resources,SDG 6.4.2. Water Stress,Latvia,2021,1.086918091,%,E,false
428,Water use,Pressure on water resources,SDG 6.4.2. Water Stress,Latvia,2022,1.015521509,%,E,false
199,Water use,Pressure on water resources,SDG 6.4.2. Water Stress,Least Developed Countries,2020,7.062182815,%,E,true
199,Water use,Pressure on water resources,SDG 6.4.2. Water Stress,Least Developed Countries,2021,7.062182815,%,E,true
199,Water use,Pressure on water resources,SDG 6.4.2. Water Stress,Least Developed Countries,2022,7.062182815,%,E,true
422,Water use,Pressure on water resources,SDG 6.4.2. Water Stress,Lebanon,2020,58.792991564,%,E,false
422,Water use,Pressure on water resources,SDG 6.4.2. Water Stress,Lebanon,2021,58.792991564,%,E,false
422,Water use,Pressure on water resources,SDG 6.4.2. Water Stress,Lebanon,2022,58.792991564,%,E,false
426,Water use,Pressure on water resources,SDG 6.4.2. Water Stress,Lesotho,2020,2.565905097,%,E,false
426,Water use,Pressure on water resources,SDG 6.4.2. Water Stress,Lesotho,2021,2.565905097,%,E,false
426,Water use,Pressure on water resources,SDG 6.4.2. Water Stress,Lesotho,2022,2.565905097,%,E,false
430,Water use,Pressure on water resources,SDG 6.4.2. Water Stress,Liberia,2020,0.264311594,%,E,false
430,Water use,Pressure on water resources,SDG 6.4.2. Water Stress,Liberia,2021,0.264311594,%,E,false
430,Water use,Pressure on water resources,SDG 6.4.2. Water Stress,Liberia,2022,0.264311594,%,E,false
434,Water use,Pressure on water resources,SDG 6.4.2. Water Stress,Libya,2020,817.142857143,%,I,false
434,Water use,Pressure on water resources,SDG 6.4.2. Water Stress,Libya,2021,817.142857143,%,I,false
434,Water use,Pressure on water resources,SDG 6.4.2. Water Stress,Libya,2022,817.142857143,%,I,false
440,Water use,Pressure on water resources,SDG 6.4.2. Water Stress,Lithuania,2020,2.892429704,%,E,false
440,Water use,Pressure on water resources,SDG 6.4.2. Water Stress,Lithuania,2021,2.558255227,%,E,false
440,Water use,Pressure on water resources,SDG 6.4.2. Water Stress,Lithuania,2022,2.165537131,%,E,false
442,Water use,Pressure on water resources,SDG 6.4.2. Water Stress,Luxembourg,2020,3.963515755,%,E,false
442,Water use,Pressure on water resources,SDG 6.4.2. Water Stress,Luxembourg,2021,3.816749585,%,E,false
442,Water use,Pressure on water resources,SDG 6.4.2. Water Stress,Luxembourg,2022,3.95854063,%,E,false
450,Water use,Pressure on water resources,SDG 6.4.2. Water Stress,Madagascar,2020,11.261506276,%,E,false
450,Water use,Pressure on water resources,SDG 6.4.2. Water Stress,Madagascar,2021,11.261506276,%,E,false
450,Water use,Pressure on water resources,SDG 6.4.2. Water Stress,Madagascar,2022,11.261506276,%,E,false
454,Water use,Pressure on water resources,SDG 6.4.2. Water Stress,Malawi,2020,17.504838085,%,E,false
454,Water use,Pressure on water resources,SDG 6.4.2. Water Stress,Malawi,2021,17.504838085,%,E,false
454,Water use,Pressure on water resources,SDG 6.4.2. Water Stress,Malawi,2022,17.504838085,%,E,false
458,Water use,Pressure on water resources,SDG 6.4.2. Water Stress,Malaysia,2020,3.439487179,%,E,false
458,Water use,Pressure on water resources,SDG 6.4.2. Water Stress,Malaysia,2021,3.439487179,%,E,false
458,Water use,Pressure on water resources,SDG 6.4.2. Water Stress,Malaysia,2022,3.439487179,%,E,false
462,Water use,Pressure on water resources,SDG 6.4.2. Water Stress,Maldives,2020,15.666666667,%,I,false
462,Water use,Pressure on water resources,SDG 6.4.2. Water Stress,Maldives,2021,15.666666667,%,I,false
462,Water use,Pressure on water resources,SDG 6.4.2. Water Stress,Maldives,2022,15.666666667,%,I,false
466,Water use,Pressure on water resources,SDG 6.4.2. Water Stress,Mali,2020,8.00308642,%,E,false
466,Water use,Pressure on water resources,SDG 6.4.2. Water Stress,Mali,2021,8.00308642,%,E,false
466,Water use,Pressure on water resources,SDG 6.4.2. Water Stress,Mali,2022,8.00308642,%,E,false
470,Water use,Pressure on water resources,SDG 6.4.2. Water Stress,Malta,2020,81.777156436,%,E,false
470,Water use,Pressure on water resources,SDG 6.4.2. Water Stress,Malta,2021,78.467213861,%,E,false
470,Water use,Pressure on water resources,SDG 6.4.2. Water Stress,Malta,2022,72.600007921,%,E,false
478,Water use,Pressure on water resources,SDG 6.4.2. Water Stress,Mauritania,2020,13.246217332,%,E,false
478,Water use,Pressure on water resources,SDG 6.4.2. Water Stress,Mauritania,2021,13.246217332,%,E,false
478,Water use,Pressure on water resources,SDG 6.4.2. Water Stress,Mauritania,2022,13.246217332,%,E,false
480,Water use,Pressure on water resources,SDG 6.4.2. Water Stress,Mauritius,2020,22.064703744,%,E,false
480,Water use,Pressure on water resources,SDG 6.4.2. Water Stress,Mauritius,2021,21.95565249,%,E,false
480,Water use,Pressure on water resources,SDG 6.4.2. Water Stress,Mauritius,2022,22.973464195,%,E,false
484,Water use,Pressure on water resources,SDG 6.4.2. Water Stress,Mexico,2020,44.817024343,%,E,false
484,Water use,Pressure on water resources,SDG 6.4.2. Water Stress,Mexico,2021,45.015214606,%,E,false
484,Water use,Pressure on water resources,SDG 6.4.2. Water Stress,Mexico,2022,44.945147341,%,E,false
496,Water use,Pressure on water resources,SDG 6.4.2. Water Stress,Mongolia,2020,3.395007342,%,E,false
496,Water use,Pressure on water resources,SDG 6.4.2. Water Stress,Mongolia,2021,3.395007342,%,E,false
496,Water use,Pressure on water resources,SDG 6.4.2. Water Stress,Mongolia,2022,3.395007342,%,E,false
504,Water use,Pressure on water resources,SDG 6.4.2. Water Stress,Morocco,2020,50.751212019,%,E,false
504,Water use,Pressure on water resources,SDG 6.4.2. Water Stress,Morocco,2021,50.751212019,%,E,false
504,Water use,Pressure on water resources,SDG 6.4.2. Water Stress,Morocco,2022,50.751212019,%,E,false
508,Water use,Pressure on water resources,SDG 6.4.2. Water Stress,Mozambique,2020,1.751486326,%,E,false
508,Water use,Pressure on water resources,SDG 6.4.2. Water Stress,Mozambique,2021,1.751486326,%,E,false
508,Water use,Pressure on water resources,SDG 6.4.2. Water Stress,Mozambique,2022,1.751486326,%,E,false
104,Water use,Pressure on water resources,SDG 6.4.2. Water Stress,Myanmar,2020,5.801501397,%,E,false
104,Water use,Pressure on water resources,SDG 6.4.2. Water Stress,Myanmar,2021,5.801501397,%,E,false
104,Water use,Pressure on water resources,SDG 6.4.2. Water Stress,Myanmar,2022,5.801501397,%,E,false
516,Water use,Pressure on water resources,SDG 6.4.2. Water Stress,Namibia,2020,0.364466054,%,E,false
516,Water use,Pressure on water resources,SDG 6.4.2. Water Stress,Namibia,2021,0.314668328,%,E,false
516,Water use,Pressure on water resources,SDG 6.4.2. Water Stress,Namibia,2022,0.314668328,%,E,false
524,Water use,Pressure on water resources,SDG 6.4.2. Water Stress,Nepal,2020,8.311832662,%,E,false
524,Water use,Pressure on water resources,SDG 6.4.2. Water Stress,Nepal,2021,8.311832662,%,E,false
524,Water use,Pressure on water resources,SDG 6.4.2. Water Stress,Nepal,2022,8.311832662,%,E,false
528,Water use,Pressure on water resources,SDG 6.4.2. Water Stress,Netherlands (Kingdom of the),2020,16.803560591,%,E,false
528,Water use,Pressure on water resources,SDG 6.4.2. Water Stress,Netherlands (Kingdom of the),2021,16.075662553,%,E,false
528,Water use,Pressure on water resources,SDG 6.4.2. Water Stress,Netherlands (Kingdom of the),2022,16.65850698,%,E,false
554,Water use,Pressure on water resources,SDG 6.4.2. Water Stress,New Zealand,2020,8.04808476,%,E,false
554,Water use,Pressure on water resources,SDG 6.4.2. Water Stress,New Zealand,2021,8.04808476,%,E,false
554,Water use,Pressure on water resources,SDG 6.4.2. Water Stress,New Zealand,2022,8.04808476,%,E,false
558,Water use,Pressure on water resources,SDG 6.4.2. Water Stress,Nicaragua,2020,2.220900209,%,E,false
558,Water use,Pressure on water resources,SDG 6.4.2. Water Stress,Nicaragua,2021,2.220900209,%,E,false
558,Water use,Pressure on water resources,SDG 6.4.2. Water Stress,Nicaragua,2022,2.220900209,%,E,false
562,Water use,Pressure on water resources,SDG 6.4.2. Water Stress,Niger,2020,11.020937713,%,E,false
562,Water use,Pressure on water resources,SDG 6.4.2. Water Stress,Niger,2021,11.020937713,%,E,false
562,Water use,Pressure on water resources,SDG 6.4.2. Water Stress,Niger,2022,11.020937713,%,E,false
566,Water use,Pressure on water resources,SDG 6.4.2. Water Stress,Nigeria,2020,9.668217054,%,E,false
566,Water use,Pressure on water resources,SDG 6.4.2. Water Stress,Nigeria,2021,9.668217054,%,E,false
566,Water use,Pressure on water resources,SDG 6.4.2. Water Stress,Nigeria,2022,9.668217054,%,E,false
807,Water use,Pressure on water resources,SDG 6.4.2. Water Stress,North Macedonia,2020,34.846321394,%,E,false
807,Water use,Pressure on water resources,SDG 6.4.2. Water Stress,North Macedonia,2021,37.932962246,%,E,false
807,Water use,Pressure on water resources,SDG 6.4.2. Water Stress,North Macedonia,2022,52.553242982,%,E,false
15,Water use,Pressure on water resources,SDG 6.4.2. Water Stress,Northern Africa,2020,121.292136148,%,E,true
15,Water use,Pressure on water resources,SDG 6.4.2. Water Stress,Northern Africa,2021,120.720752334,%,E,true
15,Water use,Pressure on water resources,SDG 6.4.2. Water Stress,Northern Africa,2022,120.989849891,%,E,true
747,Water use,Pressure on water resources,SDG 6.4.2. Water Stress,Northern Africa and Western Asia,2020,81.360143341,%,E,true
747,Water use,Pressure on water resources,SDG 6.4.2. Water Stress,Northern Africa and Western Asia,2021,79.791916632,%,E,true
747,Water use,Pressure on water resources,SDG 6.4.2. Water Stress,Northern Africa and Western Asia,2022,81.412621373,%,E,true
21,Water use,Pressure on water resources,SDG 6.4.2. Water Stress,Northern America,2020,20.184371773,%,E,true
21,Water use,Pressure on water resources,SDG 6.4.2. Water Stress,Northern America,2021,20.179121424,%,E,true
21,Water use,Pressure on water resources,SDG 6.4.2. Water Stress,Northern America,2022,20.179121424,%,E,true
578,Water use,Pressure on water resources,SDG 6.4.2. Water Stress,Norway,2020,2.041311754,%,E,false
578,Water use,Pressure on water resources,SDG 6.4.2. Water Stress,Norway,2021,2.009498099,%,E,false
578,Water use,Pressure on water resources,SDG 6.4.2. Water Stress,Norway,2022,2.044007605,%,E,false
9,Water use,Pressure on water resources,SDG 6.4.2. Water Stress,Oceania,2020,2.705407783,%,E,true
9,Water use,Pressure on water resources,SDG 6.4.2. Water Stress,Oceania,2021,3.092472317,%,E,true
9,Water use,Pressure on water resources,SDG 6.4.2. Water Stress,Oceania,2022,3.173351473,%,E,true
543,Water use,Pressure on water resources,SDG 6.4.2. Water Stress,Oceania (excluding Australia and New Zealand),2020,0.155408256,%,E,true
543,Water use,Pressure on water resources,SDG 6.4.2. Water Stress,Oceania (excluding Australia and New Zealand),2021,0.155408256,%,E,true
543,Water use,Pressure on water resources,SDG 6.4.2. Water Stress,Oceania (excluding Australia and New Zealand),2022,0.155408256,%,E,true
512,Water use,Pressure on water resources,SDG 6.4.2. Water Stress,Oman,2020,116.714285714,%,I,false
512,Water use,Pressure on water resources,SDG 6.4.2. Water Stress,Oman,2021,116.714285714,%,I,false
512,Water use,Pressure on water resources,SDG 6.4.2. Water Stress,Oman,2022,116.714285714,%,I,false
586,Water use,Pressure on water resources,SDG 6.4.2. Water Stress,Pakistan,2020,116.305748114,%,E,false
586,Water use,Pressure on water resources,SDG 6.4.2. Water Stress,Pakistan,2021,112.974664131,%,E,false
586,Water use,Pressure on water resources,SDG 6.4.2. Water Stress,Pakistan,2022,109.993251948,%,E,false
275,Water use,Pressure on water resources,SDG 6.4.2. Water Stress,Palestine,2020,50.26387106,%,E,false
275,Water use,Pressure on water resources,SDG 6.4.2. Water Stress,Palestine,2021,47.753530167,%,E,false
275,Water use,Pressure on water resources,SDG 6.4.2. Water Stress,Palestine,2022,48.11011268,%,E,false
591,Water use,Pressure on water resources,SDG 6.4.2. Water Stress,Panama,2020,0.90107111,%,E,false
591,Water use,Pressure on water resources,SDG 6.4.2. Water Stress,Panama,2021,0.90107111,%,E,false
591,Water use,Pressure on water resources,SDG 6.4.2. Water Stress,Panama,2022,0.90107111,%,E,false
598,Water use,Pressure on water resources,SDG 6.4.2. Water Stress,Papua New Guinea,2020,0.132242833,%,E,false
598,Water use,Pressure on water resources,SDG 6.4.2. Water Stress,Papua New Guinea,2021,0.132242833,%,E,false
598,Water use,Pressure on water resources,SDG 6.4.2. Water Stress,Papua New Guinea,2022,0.132242833,%,E,false
600,Water use,Pressure on water resources,SDG 6.4.2. Water Stress,Paraguay,2020,1.835399711,%,E,false
600,Water use,Pressure on water resources,SDG 6.4.2. Water Stress,Paraguay,2021,1.835399711,%,E,false
600,Water use,Pressure on water resources,SDG 6.4.2. Water Stress,Paraguay,2022,1.835399711,%,E,false
604,Water use,Pressure on water resources,SDG 6.4.2. Water Stress,Peru,2020,7.181445604,%,E,false
604,Water use,Pressure on water resources,SDG 6.4.2. Water Stress,Peru,2021,4.576564829,%,E,false
604,Water use,Pressure on water resources,SDG 6.4.2. Water Stress,Peru,2022,4.82842772,%,E,false
608,Water use,Pressure on water resources,SDG 6.4.2. Water Stress,Philippines,2020,26.743280092,%,E,false
608,Water use,Pressure on water resources,SDG 6.4.2. Water Stress,Philippines,2021,27.208915784,%,E,false
608,Water use,Pressure on water resources,SDG 6.4.2. Water Stress,Philippines,2022,27.831517111,%,E,false
616,Water use,Pressure on water resources,SDG 6.4.2. Water Stress,Poland,2020,30,%,E,false
616,Water use,Pressure on water resources,SDG 6.4.2. Water Stress,Poland,2021,32.076843198,%,E,false
616,Water use,Pressure on water resources,SDG 6.4.2. Water Stress,Poland,2022,32.485289027,%,E,false
620,Water use,Pressure on water resources,SDG 6.4.2. Water Stress,Portugal,2020,12.315712276,%,E,false
620,Water use,Pressure on water resources,SDG 6.4.2. Water Stress,Portugal,2021,12.315712276,%,E,false
620,Water use,Pressure on water resources,SDG 6.4.2. Water Stress,Portugal,2022,12.315712276,%,E,false
630,Water use,Pressure on water resources,SDG 6.4.2. Water Stress,Puerto Rico,2020,19.535610627,%,E,false
630,Water use,Pressure on water resources,SDG 6.4.2. Water Stress,Puerto Rico,2021,19.535610627,%,E,false
630,Water use,Pressure on water resources,SDG 6.4.2. Water Stress,Puerto Rico,2022,19.535610627,%,E,false
634,Water use,Pressure on water resources,SDG 6.4.2. Water Stress,Qatar,2020,431.034482759,%,I,false
634,Water use,Pressure on water resources,SDG 6.4.2. Water Stress,Qatar,2021,431.034482759,%,I,false
634,Water use,Pressure on water resources,SDG 6.4.2. Water Stress,Qatar,2022,431.034482759,%,I,false
410,Water use,Pressure on water resources,SDG 6.4.2. Water Stress,Republic of Korea,2020,85.221833041,%,E,false
410,Water use,Pressure on water resources,SDG 6.4.2. Water Stress,Republic of Korea,2021,85.221833041,%,E,false
410,Water use,Pressure on water resources,SDG 6.4.2. Water Stress,Republic of Korea,2022,85.221833041,%,E,false
498,Water use,Pressure on water resources,SDG 6.4.2. Water Stress,Republic of Moldova,2020,12.563112563,%,E,false
498,Water use,Pressure on water resources,SDG 6.4.2. Water Stress,Republic of Moldova,2021,12.563112563,%,E,false
498,Water use,Pressure on water resources,SDG 6.4.2. Water Stress,Republic of Moldova,2022,12.563112563,%,E,false
642,Water use,Pressure on water resources,SDG 6.4.2. Water Stress,Romania,2020,6.924445277,%,E,false
642,Water use,Pressure on water resources,SDG 6.4.2. Water Stress,Romania,2021,7.362606497,%,E,false
642,Water use,Pressure on water resources,SDG 6.4.2. Water Stress,Romania,2022,7.63130793,%,E,false
643,Water use,Pressure on water resources,SDG 6.4.2. Water Stress,Russian Federation,2020,4.122242749,%,E,false
643,Water use,Pressure on water resources,SDG 6.4.2. Water Stress,Russian Federation,2021,4.122242749,%,E,false
643,Water use,Pressure on water resources,SDG 6.4.2. Water Stress,Russian Federation,2022,4.122242749,%,E,false
646,Water use,Pressure on water resources,SDG 6.4.2. Water Stress,Rwanda,2020,20.198675497,%,E,false
646,Water use,Pressure on water resources,SDG 6.4.2. Water Stress,Rwanda,2021,20.198675497,%,E,false
646,Water use,Pressure on water resources,SDG 6.4.2. Water Stress,Rwanda,2022,20.198675497,%,E,false
659,Water use,Pressure on water resources,SDG 6.4.2. Water Stress,Saint Kitts and Nevis,2020,50.833333333,%,I,false
659,Water use,Pressure on water resources,SDG 6.4.2. Water Stress,Saint Kitts and Nevis,2021,50.833333333,%,I,false
659,Water use,Pressure on water resources,SDG 6.4.2. Water Stress,Saint Kitts and Nevis,2022,50.833333333,%,I,false
662,Water use,Pressure on water resources,SDG 6.4.2. Water Stress,Saint Lucia,2020,14.3,%,I,false
662,Water use,Pressure on water resources,SDG 6.4.2. Water Stress,Saint Lucia,2021,14.3,%,I,false
662,Water use,Pressure on water resources,SDG 6.4.2. Water Stress,Saint Lucia,2022,14.3,%,I,false
670,Water use,Pressure on water resources,SDG 6.4.2. Water Stress,Saint Vincent and the Grenadines,2020,7.9,%,I,false
670,Water use,Pressure on water resources,SDG 6.4.2. Water Stress,Saint Vincent and the Grenadines,2021,7.9,%,I,false
670,Water use,Pressure on water resources,SDG 6.4.2. Water Stress,Saint Vincent and the Grenadines,2022,7.9,%,I,false
678,Water use,Pressure on water resources,SDG 6.4.2. Water Stress,Sao Tome and Principe,2020,1.876146789,%,I,false
678,Water use,Pressure on water resources,SDG 6.4.2. Water Stress,Sao Tome and Principe,2021,1.876146789,%,I,false
678,Water use,Pressure on water resources,SDG 6.4.2. Water Stress,Sao Tome and Principe,2022,1.876146789,%,I,false
682,Water use,Pressure on water resources,SDG 6.4.2. Water Stress,Saudi Arabia,2020,974.166666667,%,I,false
682,Water use,Pressure on water resources,SDG 6.4.2. Water Stress,Saudi Arabia,2021,974.166666667,%,I,false
682,Water use,Pressure on water resources,SDG 6.4.2. Water Stress,Saudi Arabia,2022,974.166666667,%,I,false
686,Water use,Pressure on water resources,SDG 6.4.2. Water Stress,Senegal,2020,16.276448698,%,E,false
686,Water use,Pressure on water resources,SDG 6.4.2. Water Stress,Senegal,2021,16.276448698,%,E,false
686,Water use,Pressure on water resources,SDG 6.4.2. Water Stress,Senegal,2022,16.276448698,%,E,false
688,Water use,Pressure on water resources,SDG 6.4.2. Water Stress,Serbia,2020,5.745520117,%,E,false
688,Water use,Pressure on water resources,SDG 6.4.2. Water Stress,Serbia,2021,5.444607235,%,E,false
688,Water use,Pressure on water resources,SDG 6.4.2. Water Stress,Serbia,2022,5.737631015,%,E,false
694,Water use,Pressure on water resources,SDG 6.4.2. Water Stress,Sierra Leone,2020,0.495794393,%,E,false
694,Water use,Pressure on water resources,SDG 6.4.2. Water Stress,Sierra Leone,2021,0.495794393,%,E,false
694,Water use,Pressure on water resources,SDG 6.4.2. Water Stress,Sierra Leone,2022,0.495794393,%,E,false
702,Water use,Pressure on water resources,SDG 6.4.2. Water Stress,Singapore,2020,83.116666667,%,E,false
702,Water use,Pressure on water resources,SDG 6.4.2. Water Stress,Singapore,2021,58.185944667,%,E,false
702,Water use,Pressure on water resources,SDG 6.4.2. Water Stress,Singapore,2022,33.255222667,%,E,false
703,Water use,Pressure on water resources,SDG 6.4.2. Water Stress,Slovakia,2020,2.388123924,%,E,false
703,Water use,Pressure on water resources,SDG 6.4.2. Water Stress,Slovakia,2021,2.436631239,%,E,false
703,Water use,Pressure on water resources,SDG 6.4.2. Water Stress,Slovakia,2022,2.425230293,%,E,false
705,Water use,Pressure on water resources,SDG 6.4.2. Water Stress,Slovenia,2020,6.781609195,%,E,false
705,Water use,Pressure on water resources,SDG 6.4.2. Water Stress,Slovenia,2021,6.29479378,%,E,false
705,Water use,Pressure on water resources,SDG 6.4.2. Water Stress,Slovenia,2022,5.591615957,%,E,false
722,Water use,Pressure on water resources,SDG 6.4.2. Water Stress,Small Island Developing States,2020,3.658551038,%,E,true
722,Water use,Pressure on water resources,SDG 6.4.2. Water Stress,Small Island Developing States,2021,3.651816628,%,E,true
722,Water use,Pressure on water resources,SDG 6.4.2. Water Stress,Small Island Developing States,2022,3.634053831,%,E,true
706,Water use,Pressure on water resources,SDG 6.4.2. Water Stress,Somalia,2020,24.527740592,%,E,false
706,Water use,Pressure on water resources,SDG 6.4.2. Water Stress,Somalia,2021,24.527740592,%,E,false
706,Water use,Pressure on water resources,SDG 6.4.2. Water Stress,Somalia,2022,24.527740592,%,E,false
710,Water use,Pressure on water resources,SDG 6.4.2. Water Stress,South Africa,2020,65.033621518,%,E,false
710,Water use,Pressure on water resources,SDG 6.4.2. Water Stress,South Africa,2021,66.890810118,%,E,false
710,Water use,Pressure on water resources,SDG 6.4.2. Water Stress,South Africa,2022,67.595260967,%,E,false
728,Water use,Pressure on water resources,SDG 6.4.2. Water Stress,South Sudan,2020,4.226075787,%,E,false
728,Water use,Pressure on water resources,SDG 6.4.2. Water Stress,South Sudan,2021,4.226075787,%,E,false
728,Water use,Pressure on water resources,SDG 6.4.2. Water Stress,South Sudan,2022,4.226075787,%,E,false
35,Water use,Pressure on water resources,SDG 6.4.2. Water Stress,South-eastern Asia,2020,20.490730257,%,E,true
35,Water use,Pressure on water resources,SDG 6.4.2. Water Stress,South-eastern Asia,2021,20.546960677,%,E,true
35,Water use,Pressure on water resources,SDG 6.4.2. Water Stress,South-eastern Asia,2022,20.624210706,%,E,true
34,Water use,Pressure on water resources,SDG 6.4.2. Water Stress,Southern Asia,2020,77.487416896,%,E,true
34,Water use,Pressure on water resources,SDG 6.4.2. Water Stress,Southern Asia,2021,77.070404039,%,E,true
34,Water use,Pressure on water resources,SDG 6.4.2. Water Stress,Southern Asia,2022,76.697166012,%,E,true
724,Water use,Pressure on water resources,SDG 6.4.2. Water Stress,Spain,2020,43.25403923,%,E,false
724,Water use,Pressure on water resources,SDG 6.4.2. Water Stress,Spain,2021,43.25403923,%,E,false
724,Water use,Pressure on water resources,SDG 6.4.2. Water Stress,Spain,2022,43.25403923,%,E,false
144,Water use,Pressure on water resources,SDG 6.4.2. Water Stress,Sri Lanka,2020,90.785413745,%,E,false
144,Water use,Pressure on water resources,SDG 6.4.2. Water Stress,Sri Lanka,2021,90.785413745,%,E,false
144,Water use,Pressure on water resources,SDG 6.4.2. Water Stress,Sri Lanka,2022,90.785413745,%,E,false
202,Water use,Pressure on water resources,SDG 6.4.2. Water Stress,Sub-Saharan Africa,2020,6.253054671,%,E,true
202,Water use,Pressure on water resources,SDG 6.4.2. Water Stress,Sub-Saharan Africa,2021,6.285108336,%,E,true
202,Water use,Pressure on water resources,SDG 6.4.2. Water Stress,Sub-Saharan Africa,2022,6.299102941,%,E,true
729,Water use,Pressure on water resources,SDG 6.4.2. Water Stress,Sudan,2020,118.656387665,%,E,false
729,Water use,Pressure on water resources,SDG 6.4.2. Water Stress,Sudan,2021,118.656387665,%,E,false
729,Water use,Pressure on water resources,SDG 6.4.2. Water Stress,Sudan,2022,118.656387665,%,E,false
740,Water use,Pressure on water resources,SDG 6.4.2. Water Stress,Suriname,2020,3.950609365,%,E,false
740,Water use,Pressure on water resources,SDG 6.4.2. Water Stress,Suriname,2021,3.950609365,%,E,false
740,Water use,Pressure on water resources,SDG 6.4.2. Water Stress,Suriname,2022,3.950609365,%,E,false
752,Water use,Pressure on water resources,SDG 6.4.2. Water Stress,Sweden,2020,3.582972583,%,E,false
752,Water use,Pressure on water resources,SDG 6.4.2. Water Stress,Sweden,2021,3.582972583,%,E,false
752,Water use,Pressure on water resources,SDG 6.4.2. Water Stress,Sweden,2022,3.582972583,%,E,false
756,Water use,Pressure on water resources,SDG 6.4.2. Water Stress,Switzerland,2020,6.498855835,%,E,false
756,Water use,Pressure on water resources,SDG 6.4.2. Water Stress,Switzerland,2021,6.498855835,%,E,false
756,Water use,Pressure on water resources,SDG 6.4.2. Water Stress,Switzerland,2022,6.498855835,%,E,false
760,Water use,Pressure on water resources,SDG 6.4.2. Water Stress,Syrian Arab Republic,2020,124.360138926,%,E,false
760,Water use,Pressure on water resources,SDG 6.4.2. Water Stress,Syrian Arab Republic,2021,124.360138926,%,E,false
760,Water use,Pressure on water resources,SDG 6.4.2. Water Stress,Syrian Arab Republic,2022,124.360138926,%,E,false
762,Water use,Pressure on water resources,SDG 6.4.2. Water Stress,Tajikistan,2020,69.943264283,%,E,false
762,Water use,Pressure on water resources,SDG 6.4.2. Water Stress,Tajikistan,2021,69.943264283,%,E,false
762,Water use,Pressure on water resources,SDG 6.4.2. Water Stress,Tajikistan,2022,69.943264283,%,E,false
764,Water use,Pressure on water resources,SDG 6.4.2. Water Stress,Thailand,2020,23.013935183,%,E,false
764,Water use,Pressure on water resources,SDG 6.4.2. Water Stress,Thailand,2021,23.013935183,%,E,false
764,Water use,Pressure on water resources,SDG 6.4.2. Water Stress,Thailand,2022,23.013935183,%,E,false
626,Water use,Pressure on water resources,SDG 6.4.2. Water Stress,Timor-Leste,2020,28.268210323,%,E,false
626,Water use,Pressure on water resources,SDG 6.4.2. Water Stress,Timor-Leste,2021,28.268210323,%,E,false
626,Water use,Pressure on water resources,SDG 6.4.2. Water Stress,Timor-Leste,2022,28.268210323,%,E,false
768,Water use,Pressure on water resources,SDG 6.4.2. Water Stress,Togo,2020,3.391634981,%,E,false
768,Water use,Pressure on water resources,SDG 6.4.2. Water Stress,Togo,2021,3.391634981,%,E,false
768,Water use,Pressure on water resources,SDG 6.4.2. Water Stress,Togo,2022,3.391634981,%,E,false
780,Water use,Pressure on water resources,SDG 6.4.2. Water Stress,Trinidad and Tobago,2020,20.326481258,%,E,false
780,Water use,Pressure on water resources,SDG 6.4.2. Water Stress,Trinidad and Tobago,2021,20.326481258,%,E,false
780,Water use,Pressure on water resources,SDG 6.4.2. Water Stress,Trinidad and Tobago,2022,20.326481258,%,E,false
788,Water use,Pressure on water resources,SDG 6.4.2. Water Stress,Tunisia,2020,98.113399182,%,E,false
788,Water use,Pressure on water resources,SDG 6.4.2. Water Stress,Tunisia,2021,98.113399182,%,E,false
788,Water use,Pressure on water resources,SDG 6.4.2. Water Stress,Tunisia,2022,98.113399182,%,E,false
795,Water use,Pressure on water resources,SDG 6.4.2. Water Stress,Turkmenistan,2020,135.213807316,%,E,false
795,Water use,Pressure on water resources,SDG 6.4.2. Water Stress,Turkmenistan,2021,135.213807316,%,E,false
795,Water use,Pressure on water resources,SDG 6.4.2. Water Stress,Turkmenistan,2022,135.213807316,%,E,false
792,Water use,Pressure on water resources,SDG 6.4.2. Water Stress,Türkiye,2020,46.128099235,%,E,false
792,Water use,Pressure on water resources,SDG 6.4.2. Water Stress,Türkiye,2021,43.378147515,%,E,false
792,Water use,Pressure on water resources,SDG 6.4.2. Water Stress,Türkiye,2022,47.886533462,%,E,false
800,Water use,Pressure on water resources,SDG 6.4.2. Water Stress,Uganda,2020,5.82799634,%,E,false
800,Water use,Pressure on water resources,SDG 6.4.2. Water Stress,Uganda,2021,5.82799634,%,E,false
800,Water use,Pressure on water resources,SDG 6.4.2. Water Stress,Uganda,2022,5.82799634,%,E,false
804,Water use,Pressure on water resources,SDG 6.4.2. Water Stress,Ukraine,2020,12.255765742,%,E,false
804,Water use,Pressure on water resources,SDG 6.4.2. Water Stress,Ukraine,2021,10.84102099,%,E,false
804,Water use,Pressure on water resources,SDG 6.4.2. Water Stress,Ukraine,2022,6.298134232,%,E,false
784,Water use,Pressure on water resources,SDG 6.4.2. Water Stress,United Arab Emirates,2020,1587.333333333,%,E,false
784,Water use,Pressure on water resources,SDG 6.4.2. Water Stress,United Arab Emirates,2021,1533.333333333,%,E,false
784,Water use,Pressure on water resources,SDG 6.4.2. Water Stress,United Arab Emirates,2022,1509.933333333,%,E,false
826,Water use,Pressure on water resources,SDG 6.4.2. Water Stress,United Kingdom of Great Britain and Northern Ireland,2020,14.354646206,%,E,false
826,Water use,Pressure on water resources,SDG 6.4.2. Water Stress,United Kingdom of Great Britain and Northern Ireland,2021,14.354646206,%,E,false
826,Water use,Pressure on water resources,SDG 6.4.2. Water Stress,United Kingdom of Great Britain and Northern Ireland,2022,14.354646206,%,E,false
834,Water use,Pressure on water resources,SDG 6.4.2. Water Stress,United Republic of Tanzania,2020,12.96324081,%,E,false
834,Water use,Pressure on water resources,SDG 6.4.2. Water Stress,United Republic of Tanzania,2021,12.96324081,%,E,false
834,Water use,Pressure on water resources,SDG 6.4.2. Water Stress,United Republic of Tanzania,2022,12.96324081,%,E,false
840,Water use,Pressure on water resources,SDG 6.4.2. Water Stress,United States of America,2020,28.155259823,%,E,false
840,Water use,Pressure on water resources,SDG 6.4.2. Water Stress,United States of America,2021,28.155259823,%,E,false
840,Water use,Pressure on water resources,SDG 6.4.2. Water Stress,United States of America,2022,28.155259823,%,E,false
858,Water use,Pressure on water resources,SDG 6.4.2. Water Stress,Uruguay,2020,11.631969931,%,E,false
858,Water use,Pressure on water resources,SDG 6.4.2. Water Stress,Uruguay,2021,11.815761495,%,E,false
858,Water use,Pressure on water resources,SDG 6.4.2. Water Stress,Uruguay,2022,12.052014372,%,E,false
860,Water use,Pressure on water resources,SDG 6.4.2. Water Stress,Uzbekistan,2020,143.389733295,%,E,false
860,Water use,Pressure on water resources,SDG 6.4.2. Water Stress,Uzbekistan,2021,121.881273301,%,E,false
860,Water use,Pressure on water resources,SDG 6.4.2. Water Stress,Uzbekistan,2022,123.028391167,%,E,false
862,Water use,Pressure on water resources,SDG 6.4.2. Water Stress,Venezuela (Bolivarian Republic of),2020,7.540366667,%,E,false
862,Water use,Pressure on water resources,SDG 6.4.2. Water Stress,Venezuela (Bolivarian Republic of),2021,7.540366667,%,E,false
862,Water use,Pressure on water resources,SDG 6.4.2. Water Stress,Venezuela (Bolivarian Republic of),2022,7.540366667,%,E,false
704,Water use,Pressure on water resources,SDG 6.4.2. Water Stress,Viet Nam,2020,18.130315379,%,E,false
704,Water use,Pressure on water resources,SDG 6.4.2. Water Stress,Viet Nam,2021,18.130315379,%,E,false
704,Water use,Pressure on water resources,SDG 6.4.2. Water Stress,Viet Nam,2022,18.130315379,%,E,false
145,Water use,Pressure on water resources,SDG 6.4.2. Water Stress,Western Asia,2020,64.906973134,%,E,true
145,Water use,Pressure on water resources,SDG 6.4.2. Water Stress,Western Asia,2021,62.923586948,%,E,true
145,Water use,Pressure on water resources,SDG 6.4.2. Water Stress,Western Asia,2022,65.106578974,%,E,true
1,Water use,Pressure on water resources,SDG 6.4.2. Water Stress,World,2020,18.142429344,%,E,true
1,Water use,Pressure on water resources,SDG 6.4.2. Water Stress,World,2021,18.019962185,%,E,true
1,Water use,Pressure on water resources,SDG 6.4.2. Water Stress,World,2022,18.044992067,%,E,true
887,Water use,Pressure on water resources,SDG 6.4.2. Water Stress,Yemen,2020,169.761904762,%,I,false
887,Water use,Pressure on water resources,SDG 6.4.2. Water Stress,Yemen,2021,169.761904762,%,I,false
887,Water use,Pressure on water resources,SDG 6.4.2. Water Stress,Yemen,2022,169.761904762,%,I,false
894,Water use,Pressure on water resources,SDG 6.4.2. Water Stress,Zambia,2020,2.835497836,%,E,false
894,Water use,Pressure on water resources,SDG 6.4.2. Water Stress,Zambia,2021,2.835497836,%,E,false
894,Water use,Pressure on water resources,SDG 6.4.2. Water Stress,Zambia,2022,2.835497836,%,E,false
716,Water use,Pressure on water resources,SDG 6.4.2. Water Stress,Zimbabwe,2020,46.091620306,%,E,false
716,Water use,Pressure on water resources,SDG 6.4.2. Water Stress,Zimbabwe,2021,46.091620306,%,E,false
716,Water use,Pressure on water resources,SDG 6.4.2. Water Stress,Zimbabwe,2022,46.091620306,%,E,false
